trees_path,burnin
/cluster/work/stadler/beckermar/BESP_paper-analyses/scripts/../results/pop_size_simulations/simulation_results_combined/homochronous_independent/constcoal/expgrowth_fast/highmutsig/constcoal_homochronous_expgrowth_fast_highmutsig.T0.trees,0
/cluster/work/stadler/beckermar/BESP_paper-analyses/scripts/../results/pop_size_simulations/simulation_results_combined/homochronous_independent/constcoal/expgrowth_fast/highmutsig/constcoal_homochronous_expgrowth_fast_highmutsig.T1.trees,0
/cluster/work/stadler/beckermar/BESP_paper-analyses/scripts/../results/pop_size_simulations/simulation_results_combined/homochronous_independent/constcoal/expgrowth_fast/highmutsig/constcoal_homochronous_expgrowth_fast_highmutsig.T10.trees,0
/cluster/work/stadler/beckermar/BESP_paper-analyses/scripts/../results/pop_size_simulations/simulation_results_combined/homochronous_independent/constcoal/expgrowth_fast/highmutsig/constcoal_homochronous_expgrowth_fast_highmutsig.T11.trees,0
/cluster/work/stadler/beckermar/BESP_paper-analyses/scripts/../results/pop_size_simulations/simulation_results_combined/homochronous_independent/constcoal/expgrowth_fast/highmutsig/constcoal_homochronous_expgrowth_fast_highmutsig.T12.trees,0
/cluster/work/stadler/beckermar/BESP_paper-analyses/scripts/../results/pop_size_simulations/simulation_results_combined/homochronous_independent/constcoal/expgrowth_fast/highmutsig/constcoal_homochronous_expgrowth_fast_highmutsig.T13.trees,0
/cluster/work/stadler/beckermar/BESP_paper-analyses/scripts/../results/pop_size_simulations/simulation_results_combined/homochronous_independent/constcoal/expgrowth_fast/highmutsig/constcoal_homochronous_expgrowth_fast_highmutsig.T14.trees,0
/cluster/work/stadler/beckermar/BESP_paper-analyses/scripts/../results/pop_size_simulations/simulation_results_combined/homochronous_independent/constcoal/expgrowth_fast/highmutsig/constcoal_homochronous_expgrowth_fast_highmutsig.T15.trees,0
/cluster/work/stadler/beckermar/BESP_paper-analyses/scripts/../results/pop_size_simulations/simulation_results_combined/homochronous_independent/constcoal/expgrowth_fast/highmutsig/constcoal_homochronous_expgrowth_fast_highmutsig.T16.trees,0
/cluster/work/stadler/beckermar/BESP_paper-analyses/scripts/../results/pop_size_simulations/simulation_results_combined/homochronous_independent/constcoal/expgrowth_fast/highmutsig/constcoal_homochronous_expgrowth_fast_highmutsig.T17.trees,0
/cluster/work/stadler/beckermar/BESP_paper-analyses/scripts/../results/pop_size_simulations/simulation_results_combined/homochronous_independent/constcoal/expgrowth_fast/highmutsig/constcoal_homochronous_expgrowth_fast_highmutsig.T18.trees,0
/cluster/work/stadler/beckermar/BESP_paper-analyses/scripts/../results/pop_size_simulations/simulation_results_combined/homochronous_independent/constcoal/expgrowth_fast/highmutsig/constcoal_homochronous_expgrowth_fast_highmutsig.T19.trees,0
/cluster/work/stadler/beckermar/BESP_paper-analyses/scripts/../results/pop_size_simulations/simulation_results_combined/homochronous_independent/constcoal/expgrowth_fast/highmutsig/constcoal_homochronous_expgrowth_fast_highmutsig.T2.trees,0
/cluster/work/stadler/beckermar/BESP_paper-analyses/scripts/../results/pop_size_simulations/simulation_results_combined/homochronous_independent/constcoal/expgrowth_fast/highmutsig/constcoal_homochronous_expgrowth_fast_highmutsig.T20.trees,0
/cluster/work/stadler/beckermar/BESP_paper-analyses/scripts/../results/pop_size_simulations/simulation_results_combined/homochronous_independent/constcoal/expgrowth_fast/highmutsig/constcoal_homochronous_expgrowth_fast_highmutsig.T21.trees,0
/cluster/work/stadler/beckermar/BESP_paper-analyses/scripts/../results/pop_size_simulations/simulation_results_combined/homochronous_independent/constcoal/expgrowth_fast/highmutsig/constcoal_homochronous_expgrowth_fast_highmutsig.T22.trees,0
/cluster/work/stadler/beckermar/BESP_paper-analyses/scripts/../results/pop_size_simulations/simulation_results_combined/homochronous_independent/constcoal/expgrowth_fast/highmutsig/constcoal_homochronous_expgrowth_fast_highmutsig.T23.trees,0
/cluster/work/stadler/beckermar/BESP_paper-analyses/scripts/../results/pop_size_simulations/simulation_results_combined/homochronous_independent/constcoal/expgrowth_fast/highmutsig/constcoal_homochronous_expgrowth_fast_highmutsig.T24.trees,0
/cluster/work/stadler/beckermar/BESP_paper-analyses/scripts/../results/pop_size_simulations/simulation_results_combined/homochronous_independent/constcoal/expgrowth_fast/highmutsig/constcoal_homochronous_expgrowth_fast_highmutsig.T25.trees,0
/cluster/work/stadler/beckermar/BESP_paper-analyses/scripts/../results/pop_size_simulations/simulation_results_combined/homochronous_independent/constcoal/expgrowth_fast/highmutsig/constcoal_homochronous_expgrowth_fast_highmutsig.T26.trees,0
/cluster/work/stadler/beckermar/BESP_paper-analyses/scripts/../results/pop_size_simulations/simulation_results_combined/homochronous_independent/constcoal/expgrowth_fast/highmutsig/constcoal_homochronous_expgrowth_fast_highmutsig.T27.trees,0
/cluster/work/stadler/beckermar/BESP_paper-analyses/scripts/../results/pop_size_simulations/simulation_results_combined/homochronous_independent/constcoal/expgrowth_fast/highmutsig/constcoal_homochronous_expgrowth_fast_highmutsig.T28.trees,0
/cluster/work/stadler/beckermar/BESP_paper-analyses/scripts/../results/pop_size_simulations/simulation_results_combined/homochronous_independent/constcoal/expgrowth_fast/highmutsig/constcoal_homochronous_expgrowth_fast_highmutsig.T29.trees,0
/cluster/work/stadler/beckermar/BESP_paper-analyses/scripts/../results/pop_size_simulations/simulation_results_combined/homochronous_independent/constcoal/expgrowth_fast/highmutsig/constcoal_homochronous_expgrowth_fast_highmutsig.T3.trees,0
/cluster/work/stadler/beckermar/BESP_paper-analyses/scripts/../results/pop_size_simulations/simulation_results_combined/homochronous_independent/constcoal/expgrowth_fast/highmutsig/constcoal_homochronous_expgrowth_fast_highmutsig.T30.trees,0
/cluster/work/stadler/beckermar/BESP_paper-analyses/scripts/../results/pop_size_simulations/simulation_results_combined/homochronous_independent/constcoal/expgrowth_fast/highmutsig/constcoal_homochronous_expgrowth_fast_highmutsig.T31.trees,0
/cluster/work/stadler/beckermar/BESP_paper-analyses/scripts/../results/pop_size_simulations/simulation_results_combined/homochronous_independent/constcoal/expgrowth_fast/highmutsig/constcoal_homochronous_expgrowth_fast_highmutsig.T32.trees,0
/cluster/work/stadler/beckermar/BESP_paper-analyses/scripts/../results/pop_size_simulations/simulation_results_combined/homochronous_independent/constcoal/expgrowth_fast/highmutsig/constcoal_homochronous_expgrowth_fast_highmutsig.T33.trees,0
/cluster/work/stadler/beckermar/BESP_paper-analyses/scripts/../results/pop_size_simulations/simulation_results_combined/homochronous_independent/constcoal/expgrowth_fast/highmutsig/constcoal_homochronous_expgrowth_fast_highmutsig.T34.trees,0
/cluster/work/stadler/beckermar/BESP_paper-analyses/scripts/../results/pop_size_simulations/simulation_results_combined/homochronous_independent/constcoal/expgrowth_fast/highmutsig/constcoal_homochronous_expgrowth_fast_highmutsig.T35.trees,0
/cluster/work/stadler/beckermar/BESP_paper-analyses/scripts/../results/pop_size_simulations/simulation_results_combined/homochronous_independent/constcoal/expgrowth_fast/highmutsig/constcoal_homochronous_expgrowth_fast_highmutsig.T36.trees,0
/cluster/work/stadler/beckermar/BESP_paper-analyses/scripts/../results/pop_size_simulations/simulation_results_combined/homochronous_independent/constcoal/expgrowth_fast/highmutsig/constcoal_homochronous_expgrowth_fast_highmutsig.T37.trees,0
/cluster/work/stadler/beckermar/BESP_paper-analyses/scripts/../results/pop_size_simulations/simulation_results_combined/homochronous_independent/constcoal/expgrowth_fast/highmutsig/constcoal_homochronous_expgrowth_fast_highmutsig.T38.trees,0
/cluster/work/stadler/beckermar/BESP_paper-analyses/scripts/../results/pop_size_simulations/simulation_results_combined/homochronous_independent/constcoal/expgrowth_fast/highmutsig/constcoal_homochronous_expgrowth_fast_highmutsig.T39.trees,0
/cluster/work/stadler/beckermar/BESP_paper-analyses/scripts/../results/pop_size_simulations/simulation_results_combined/homochronous_independent/constcoal/expgrowth_fast/highmutsig/constcoal_homochronous_expgrowth_fast_highmutsig.T4.trees,0
/cluster/work/stadler/beckermar/BESP_paper-analyses/scripts/../results/pop_size_simulations/simulation_results_combined/homochronous_independent/constcoal/expgrowth_fast/highmutsig/constcoal_homochronous_expgrowth_fast_highmutsig.T40.trees,0
/cluster/work/stadler/beckermar/BESP_paper-analyses/scripts/../results/pop_size_simulations/simulation_results_combined/homochronous_independent/constcoal/expgrowth_fast/highmutsig/constcoal_homochronous_expgrowth_fast_highmutsig.T41.trees,0
/cluster/work/stadler/beckermar/BESP_paper-analyses/scripts/../results/pop_size_simulations/simulation_results_combined/homochronous_independent/constcoal/expgrowth_fast/highmutsig/constcoal_homochronous_expgrowth_fast_highmutsig.T42.trees,0
/cluster/work/stadler/beckermar/BESP_paper-analyses/scripts/../results/pop_size_simulations/simulation_results_combined/homochronous_independent/constcoal/expgrowth_fast/highmutsig/constcoal_homochronous_expgrowth_fast_highmutsig.T43.trees,0
/cluster/work/stadler/beckermar/BESP_paper-analyses/scripts/../results/pop_size_simulations/simulation_results_combined/homochronous_independent/constcoal/expgrowth_fast/highmutsig/constcoal_homochronous_expgrowth_fast_highmutsig.T44.trees,0
/cluster/work/stadler/beckermar/BESP_paper-analyses/scripts/../results/pop_size_simulations/simulation_results_combined/homochronous_independent/constcoal/expgrowth_fast/highmutsig/constcoal_homochronous_expgrowth_fast_highmutsig.T45.trees,0
/cluster/work/stadler/beckermar/BESP_paper-analyses/scripts/../results/pop_size_simulations/simulation_results_combined/homochronous_independent/constcoal/expgrowth_fast/highmutsig/constcoal_homochronous_expgrowth_fast_highmutsig.T46.trees,0
/cluster/work/stadler/beckermar/BESP_paper-analyses/scripts/../results/pop_size_simulations/simulation_results_combined/homochronous_independent/constcoal/expgrowth_fast/highmutsig/constcoal_homochronous_expgrowth_fast_highmutsig.T47.trees,0
/cluster/work/stadler/beckermar/BESP_paper-analyses/scripts/../results/pop_size_simulations/simulation_results_combined/homochronous_independent/constcoal/expgrowth_fast/highmutsig/constcoal_homochronous_expgrowth_fast_highmutsig.T48.trees,0
/cluster/work/stadler/beckermar/BESP_paper-analyses/scripts/../results/pop_size_simulations/simulation_results_combined/homochronous_independent/constcoal/expgrowth_fast/highmutsig/constcoal_homochronous_expgrowth_fast_highmutsig.T49.trees,0
/cluster/work/stadler/beckermar/BESP_paper-analyses/scripts/../results/pop_size_simulations/simulation_results_combined/homochronous_independent/constcoal/expgrowth_fast/highmutsig/constcoal_homochronous_expgrowth_fast_highmutsig.T5.trees,0
/cluster/work/stadler/beckermar/BESP_paper-analyses/scripts/../results/pop_size_simulations/simulation_results_combined/homochronous_independent/constcoal/expgrowth_fast/highmutsig/constcoal_homochronous_expgrowth_fast_highmutsig.T50.trees,0
/cluster/work/stadler/beckermar/BESP_paper-analyses/scripts/../results/pop_size_simulations/simulation_results_combined/homochronous_independent/constcoal/expgrowth_fast/highmutsig/constcoal_homochronous_expgrowth_fast_highmutsig.T51.trees,0
/cluster/work/stadler/beckermar/BESP_paper-analyses/scripts/../results/pop_size_simulations/simulation_results_combined/homochronous_independent/constcoal/expgrowth_fast/highmutsig/constcoal_homochronous_expgrowth_fast_highmutsig.T52.trees,0
/cluster/work/stadler/beckermar/BESP_paper-analyses/scripts/../results/pop_size_simulations/simulation_results_combined/homochronous_independent/constcoal/expgrowth_fast/highmutsig/constcoal_homochronous_expgrowth_fast_highmutsig.T53.trees,0
/cluster/work/stadler/beckermar/BESP_paper-analyses/scripts/../results/pop_size_simulations/simulation_results_combined/homochronous_independent/constcoal/expgrowth_fast/highmutsig/constcoal_homochronous_expgrowth_fast_highmutsig.T54.trees,0
/cluster/work/stadler/beckermar/BESP_paper-analyses/scripts/../results/pop_size_simulations/simulation_results_combined/homochronous_independent/constcoal/expgrowth_fast/highmutsig/constcoal_homochronous_expgrowth_fast_highmutsig.T55.trees,0
/cluster/work/stadler/beckermar/BESP_paper-analyses/scripts/../results/pop_size_simulations/simulation_results_combined/homochronous_independent/constcoal/expgrowth_fast/highmutsig/constcoal_homochronous_expgrowth_fast_highmutsig.T56.trees,0
/cluster/work/stadler/beckermar/BESP_paper-analyses/scripts/../results/pop_size_simulations/simulation_results_combined/homochronous_independent/constcoal/expgrowth_fast/highmutsig/constcoal_homochronous_expgrowth_fast_highmutsig.T57.trees,0
/cluster/work/stadler/beckermar/BESP_paper-analyses/scripts/../results/pop_size_simulations/simulation_results_combined/homochronous_independent/constcoal/expgrowth_fast/highmutsig/constcoal_homochronous_expgrowth_fast_highmutsig.T58.trees,0
/cluster/work/stadler/beckermar/BESP_paper-analyses/scripts/../results/pop_size_simulations/simulation_results_combined/homochronous_independent/constcoal/expgrowth_fast/highmutsig/constcoal_homochronous_expgrowth_fast_highmutsig.T59.trees,0
/cluster/work/stadler/beckermar/BESP_paper-analyses/scripts/../results/pop_size_simulations/simulation_results_combined/homochronous_independent/constcoal/expgrowth_fast/highmutsig/constcoal_homochronous_expgrowth_fast_highmutsig.T6.trees,0
/cluster/work/stadler/beckermar/BESP_paper-analyses/scripts/../results/pop_size_simulations/simulation_results_combined/homochronous_independent/constcoal/expgrowth_fast/highmutsig/constcoal_homochronous_expgrowth_fast_highmutsig.T60.trees,0
/cluster/work/stadler/beckermar/BESP_paper-analyses/scripts/../results/pop_size_simulations/simulation_results_combined/homochronous_independent/constcoal/expgrowth_fast/highmutsig/constcoal_homochronous_expgrowth_fast_highmutsig.T61.trees,0
/cluster/work/stadler/beckermar/BESP_paper-analyses/scripts/../results/pop_size_simulations/simulation_results_combined/homochronous_independent/constcoal/expgrowth_fast/highmutsig/constcoal_homochronous_expgrowth_fast_highmutsig.T62.trees,0
/cluster/work/stadler/beckermar/BESP_paper-analyses/scripts/../results/pop_size_simulations/simulation_results_combined/homochronous_independent/constcoal/expgrowth_fast/highmutsig/constcoal_homochronous_expgrowth_fast_highmutsig.T63.trees,0
/cluster/work/stadler/beckermar/BESP_paper-analyses/scripts/../results/pop_size_simulations/simulation_results_combined/homochronous_independent/constcoal/expgrowth_fast/highmutsig/constcoal_homochronous_expgrowth_fast_highmutsig.T64.trees,0
/cluster/work/stadler/beckermar/BESP_paper-analyses/scripts/../results/pop_size_simulations/simulation_results_combined/homochronous_independent/constcoal/expgrowth_fast/highmutsig/constcoal_homochronous_expgrowth_fast_highmutsig.T65.trees,0
/cluster/work/stadler/beckermar/BESP_paper-analyses/scripts/../results/pop_size_simulations/simulation_results_combined/homochronous_independent/constcoal/expgrowth_fast/highmutsig/constcoal_homochronous_expgrowth_fast_highmutsig.T66.trees,0
/cluster/work/stadler/beckermar/BESP_paper-analyses/scripts/../results/pop_size_simulations/simulation_results_combined/homochronous_independent/constcoal/expgrowth_fast/highmutsig/constcoal_homochronous_expgrowth_fast_highmutsig.T67.trees,0
/cluster/work/stadler/beckermar/BESP_paper-analyses/scripts/../results/pop_size_simulations/simulation_results_combined/homochronous_independent/constcoal/expgrowth_fast/highmutsig/constcoal_homochronous_expgrowth_fast_highmutsig.T68.trees,0
/cluster/work/stadler/beckermar/BESP_paper-analyses/scripts/../results/pop_size_simulations/simulation_results_combined/homochronous_independent/constcoal/expgrowth_fast/highmutsig/constcoal_homochronous_expgrowth_fast_highmutsig.T69.trees,0
/cluster/work/stadler/beckermar/BESP_paper-analyses/scripts/../results/pop_size_simulations/simulation_results_combined/homochronous_independent/constcoal/expgrowth_fast/highmutsig/constcoal_homochronous_expgrowth_fast_highmutsig.T7.trees,0
/cluster/work/stadler/beckermar/BESP_paper-analyses/scripts/../results/pop_size_simulations/simulation_results_combined/homochronous_independent/constcoal/expgrowth_fast/highmutsig/constcoal_homochronous_expgrowth_fast_highmutsig.T70.trees,0
/cluster/work/stadler/beckermar/BESP_paper-analyses/scripts/../results/pop_size_simulations/simulation_results_combined/homochronous_independent/constcoal/expgrowth_fast/highmutsig/constcoal_homochronous_expgrowth_fast_highmutsig.T71.trees,0
/cluster/work/stadler/beckermar/BESP_paper-analyses/scripts/../results/pop_size_simulations/simulation_results_combined/homochronous_independent/constcoal/expgrowth_fast/highmutsig/constcoal_homochronous_expgrowth_fast_highmutsig.T72.trees,0
/cluster/work/stadler/beckermar/BESP_paper-analyses/scripts/../results/pop_size_simulations/simulation_results_combined/homochronous_independent/constcoal/expgrowth_fast/highmutsig/constcoal_homochronous_expgrowth_fast_highmutsig.T73.trees,0
/cluster/work/stadler/beckermar/BESP_paper-analyses/scripts/../results/pop_size_simulations/simulation_results_combined/homochronous_independent/constcoal/expgrowth_fast/highmutsig/constcoal_homochronous_expgrowth_fast_highmutsig.T74.trees,0
/cluster/work/stadler/beckermar/BESP_paper-analyses/scripts/../results/pop_size_simulations/simulation_results_combined/homochronous_independent/constcoal/expgrowth_fast/highmutsig/constcoal_homochronous_expgrowth_fast_highmutsig.T75.trees,0
/cluster/work/stadler/beckermar/BESP_paper-analyses/scripts/../results/pop_size_simulations/simulation_results_combined/homochronous_independent/constcoal/expgrowth_fast/highmutsig/constcoal_homochronous_expgrowth_fast_highmutsig.T76.trees,0
/cluster/work/stadler/beckermar/BESP_paper-analyses/scripts/../results/pop_size_simulations/simulation_results_combined/homochronous_independent/constcoal/expgrowth_fast/highmutsig/constcoal_homochronous_expgrowth_fast_highmutsig.T77.trees,0
/cluster/work/stadler/beckermar/BESP_paper-analyses/scripts/../results/pop_size_simulations/simulation_results_combined/homochronous_independent/constcoal/expgrowth_fast/highmutsig/constcoal_homochronous_expgrowth_fast_highmutsig.T78.trees,0
/cluster/work/stadler/beckermar/BESP_paper-analyses/scripts/../results/pop_size_simulations/simulation_results_combined/homochronous_independent/constcoal/expgrowth_fast/highmutsig/constcoal_homochronous_expgrowth_fast_highmutsig.T79.trees,0
/cluster/work/stadler/beckermar/BESP_paper-analyses/scripts/../results/pop_size_simulations/simulation_results_combined/homochronous_independent/constcoal/expgrowth_fast/highmutsig/constcoal_homochronous_expgrowth_fast_highmutsig.T8.trees,0
/cluster/work/stadler/beckermar/BESP_paper-analyses/scripts/../results/pop_size_simulations/simulation_results_combined/homochronous_independent/constcoal/expgrowth_fast/highmutsig/constcoal_homochronous_expgrowth_fast_highmutsig.T80.trees,0
/cluster/work/stadler/beckermar/BESP_paper-analyses/scripts/../results/pop_size_simulations/simulation_results_combined/homochronous_independent/constcoal/expgrowth_fast/highmutsig/constcoal_homochronous_expgrowth_fast_highmutsig.T81.trees,0
/cluster/work/stadler/beckermar/BESP_paper-analyses/scripts/../results/pop_size_simulations/simulation_results_combined/homochronous_independent/constcoal/expgrowth_fast/highmutsig/constcoal_homochronous_expgrowth_fast_highmutsig.T82.trees,0
/cluster/work/stadler/beckermar/BESP_paper-analyses/scripts/../results/pop_size_simulations/simulation_results_combined/homochronous_independent/constcoal/expgrowth_fast/highmutsig/constcoal_homochronous_expgrowth_fast_highmutsig.T83.trees,0
/cluster/work/stadler/beckermar/BESP_paper-analyses/scripts/../results/pop_size_simulations/simulation_results_combined/homochronous_independent/constcoal/expgrowth_fast/highmutsig/constcoal_homochronous_expgrowth_fast_highmutsig.T84.trees,0
/cluster/work/stadler/beckermar/BESP_paper-analyses/scripts/../results/pop_size_simulations/simulation_results_combined/homochronous_independent/constcoal/expgrowth_fast/highmutsig/constcoal_homochronous_expgrowth_fast_highmutsig.T85.trees,0
/cluster/work/stadler/beckermar/BESP_paper-analyses/scripts/../results/pop_size_simulations/simulation_results_combined/homochronous_independent/constcoal/expgrowth_fast/highmutsig/constcoal_homochronous_expgrowth_fast_highmutsig.T86.trees,0
/cluster/work/stadler/beckermar/BESP_paper-analyses/scripts/../results/pop_size_simulations/simulation_results_combined/homochronous_independent/constcoal/expgrowth_fast/highmutsig/constcoal_homochronous_expgrowth_fast_highmutsig.T87.trees,0
/cluster/work/stadler/beckermar/BESP_paper-analyses/scripts/../results/pop_size_simulations/simulation_results_combined/homochronous_independent/constcoal/expgrowth_fast/highmutsig/constcoal_homochronous_expgrowth_fast_highmutsig.T88.trees,0
/cluster/work/stadler/beckermar/BESP_paper-analyses/scripts/../results/pop_size_simulations/simulation_results_combined/homochronous_independent/constcoal/expgrowth_fast/highmutsig/constcoal_homochronous_expgrowth_fast_highmutsig.T89.trees,0
/cluster/work/stadler/beckermar/BESP_paper-analyses/scripts/../results/pop_size_simulations/simulation_results_combined/homochronous_independent/constcoal/expgrowth_fast/highmutsig/constcoal_homochronous_expgrowth_fast_highmutsig.T9.trees,0
/cluster/work/stadler/beckermar/BESP_paper-analyses/scripts/../results/pop_size_simulations/simulation_results_combined/homochronous_independent/constcoal/expgrowth_fast/highmutsig/constcoal_homochronous_expgrowth_fast_highmutsig.T90.trees,0
/cluster/work/stadler/beckermar/BESP_paper-analyses/scripts/../results/pop_size_simulations/simulation_results_combined/homochronous_independent/constcoal/expgrowth_fast/highmutsig/constcoal_homochronous_expgrowth_fast_highmutsig.T91.trees,0
/cluster/work/stadler/beckermar/BESP_paper-analyses/scripts/../results/pop_size_simulations/simulation_results_combined/homochronous_independent/constcoal/expgrowth_fast/highmutsig/constcoal_homochronous_expgrowth_fast_highmutsig.T92.trees,0
/cluster/work/stadler/beckermar/BESP_paper-analyses/scripts/../results/pop_size_simulations/simulation_results_combined/homochronous_independent/constcoal/expgrowth_fast/highmutsig/constcoal_homochronous_expgrowth_fast_highmutsig.T93.trees,0
/cluster/work/stadler/beckermar/BESP_paper-analyses/scripts/../results/pop_size_simulations/simulation_results_combined/homochronous_independent/constcoal/expgrowth_fast/highmutsig/constcoal_homochronous_expgrowth_fast_highmutsig.T94.trees,0
/cluster/work/stadler/beckermar/BESP_paper-analyses/scripts/../results/pop_size_simulations/simulation_results_combined/homochronous_independent/constcoal/expgrowth_fast/highmutsig/constcoal_homochronous_expgrowth_fast_highmutsig.T95.trees,0
/cluster/work/stadler/beckermar/BESP_paper-analyses/scripts/../results/pop_size_simulations/simulation_results_combined/homochronous_independent/constcoal/expgrowth_fast/highmutsig/constcoal_homochronous_expgrowth_fast_highmutsig.T96.trees,0
/cluster/work/stadler/beckermar/BESP_paper-analyses/scripts/../results/pop_size_simulations/simulation_results_combined/homochronous_independent/constcoal/expgrowth_fast/highmutsig/constcoal_homochronous_expgrowth_fast_highmutsig.T97.trees,0
/cluster/work/stadler/beckermar/BESP_paper-analyses/scripts/../results/pop_size_simulations/simulation_results_combined/homochronous_independent/constcoal/expgrowth_fast/highmutsig/constcoal_homochronous_expgrowth_fast_highmutsig.T98.trees,0
/cluster/work/stadler/beckermar/BESP_paper-analyses/scripts/../results/pop_size_simulations/simulation_results_combined/homochronous_independent/constcoal/expgrowth_fast/highmutsig/constcoal_homochronous_expgrowth_fast_highmutsig.T99.trees,0
/cluster/work/stadler/beckermar/BESP_paper-analyses/scripts/../results/pop_size_simulations/simulation_results_combined/homochronous_independent/constcoal/expgrowth_fast/lowmutsig/constcoal_homochronous_expgrowth_fast_lowmutsig.T0.trees,0
/cluster/work/stadler/beckermar/BESP_paper-analyses/scripts/../results/pop_size_simulations/simulation_results_combined/homochronous_independent/constcoal/expgrowth_fast/lowmutsig/constcoal_homochronous_expgrowth_fast_lowmutsig.T1.trees,0
/cluster/work/stadler/beckermar/BESP_paper-analyses/scripts/../results/pop_size_simulations/simulation_results_combined/homochronous_independent/constcoal/expgrowth_fast/lowmutsig/constcoal_homochronous_expgrowth_fast_lowmutsig.T10.trees,0
/cluster/work/stadler/beckermar/BESP_paper-analyses/scripts/../results/pop_size_simulations/simulation_results_combined/homochronous_independent/constcoal/expgrowth_fast/lowmutsig/constcoal_homochronous_expgrowth_fast_lowmutsig.T11.trees,0
/cluster/work/stadler/beckermar/BESP_paper-analyses/scripts/../results/pop_size_simulations/simulation_results_combined/homochronous_independent/constcoal/expgrowth_fast/lowmutsig/constcoal_homochronous_expgrowth_fast_lowmutsig.T12.trees,0
/cluster/work/stadler/beckermar/BESP_paper-analyses/scripts/../results/pop_size_simulations/simulation_results_combined/homochronous_independent/constcoal/expgrowth_fast/lowmutsig/constcoal_homochronous_expgrowth_fast_lowmutsig.T13.trees,0
/cluster/work/stadler/beckermar/BESP_paper-analyses/scripts/../results/pop_size_simulations/simulation_results_combined/homochronous_independent/constcoal/expgrowth_fast/lowmutsig/constcoal_homochronous_expgrowth_fast_lowmutsig.T14.trees,0
/cluster/work/stadler/beckermar/BESP_paper-analyses/scripts/../results/pop_size_simulations/simulation_results_combined/homochronous_independent/constcoal/expgrowth_fast/lowmutsig/constcoal_homochronous_expgrowth_fast_lowmutsig.T15.trees,0
/cluster/work/stadler/beckermar/BESP_paper-analyses/scripts/../results/pop_size_simulations/simulation_results_combined/homochronous_independent/constcoal/expgrowth_fast/lowmutsig/constcoal_homochronous_expgrowth_fast_lowmutsig.T16.trees,0
/cluster/work/stadler/beckermar/BESP_paper-analyses/scripts/../results/pop_size_simulations/simulation_results_combined/homochronous_independent/constcoal/expgrowth_fast/lowmutsig/constcoal_homochronous_expgrowth_fast_lowmutsig.T17.trees,0
/cluster/work/stadler/beckermar/BESP_paper-analyses/scripts/../results/pop_size_simulations/simulation_results_combined/homochronous_independent/constcoal/expgrowth_fast/lowmutsig/constcoal_homochronous_expgrowth_fast_lowmutsig.T18.trees,0
/cluster/work/stadler/beckermar/BESP_paper-analyses/scripts/../results/pop_size_simulations/simulation_results_combined/homochronous_independent/constcoal/expgrowth_fast/lowmutsig/constcoal_homochronous_expgrowth_fast_lowmutsig.T19.trees,0
/cluster/work/stadler/beckermar/BESP_paper-analyses/scripts/../results/pop_size_simulations/simulation_results_combined/homochronous_independent/constcoal/expgrowth_fast/lowmutsig/constcoal_homochronous_expgrowth_fast_lowmutsig.T2.trees,0
/cluster/work/stadler/beckermar/BESP_paper-analyses/scripts/../results/pop_size_simulations/simulation_results_combined/homochronous_independent/constcoal/expgrowth_fast/lowmutsig/constcoal_homochronous_expgrowth_fast_lowmutsig.T20.trees,0
/cluster/work/stadler/beckermar/BESP_paper-analyses/scripts/../results/pop_size_simulations/simulation_results_combined/homochronous_independent/constcoal/expgrowth_fast/lowmutsig/constcoal_homochronous_expgrowth_fast_lowmutsig.T21.trees,0
/cluster/work/stadler/beckermar/BESP_paper-analyses/scripts/../results/pop_size_simulations/simulation_results_combined/homochronous_independent/constcoal/expgrowth_fast/lowmutsig/constcoal_homochronous_expgrowth_fast_lowmutsig.T22.trees,0
/cluster/work/stadler/beckermar/BESP_paper-analyses/scripts/../results/pop_size_simulations/simulation_results_combined/homochronous_independent/constcoal/expgrowth_fast/lowmutsig/constcoal_homochronous_expgrowth_fast_lowmutsig.T23.trees,0
/cluster/work/stadler/beckermar/BESP_paper-analyses/scripts/../results/pop_size_simulations/simulation_results_combined/homochronous_independent/constcoal/expgrowth_fast/lowmutsig/constcoal_homochronous_expgrowth_fast_lowmutsig.T24.trees,0
/cluster/work/stadler/beckermar/BESP_paper-analyses/scripts/../results/pop_size_simulations/simulation_results_combined/homochronous_independent/constcoal/expgrowth_fast/lowmutsig/constcoal_homochronous_expgrowth_fast_lowmutsig.T25.trees,0
/cluster/work/stadler/beckermar/BESP_paper-analyses/scripts/../results/pop_size_simulations/simulation_results_combined/homochronous_independent/constcoal/expgrowth_fast/lowmutsig/constcoal_homochronous_expgrowth_fast_lowmutsig.T26.trees,0
/cluster/work/stadler/beckermar/BESP_paper-analyses/scripts/../results/pop_size_simulations/simulation_results_combined/homochronous_independent/constcoal/expgrowth_fast/lowmutsig/constcoal_homochronous_expgrowth_fast_lowmutsig.T27.trees,0
/cluster/work/stadler/beckermar/BESP_paper-analyses/scripts/../results/pop_size_simulations/simulation_results_combined/homochronous_independent/constcoal/expgrowth_fast/lowmutsig/constcoal_homochronous_expgrowth_fast_lowmutsig.T28.trees,0
/cluster/work/stadler/beckermar/BESP_paper-analyses/scripts/../results/pop_size_simulations/simulation_results_combined/homochronous_independent/constcoal/expgrowth_fast/lowmutsig/constcoal_homochronous_expgrowth_fast_lowmutsig.T29.trees,0
/cluster/work/stadler/beckermar/BESP_paper-analyses/scripts/../results/pop_size_simulations/simulation_results_combined/homochronous_independent/constcoal/expgrowth_fast/lowmutsig/constcoal_homochronous_expgrowth_fast_lowmutsig.T3.trees,0
/cluster/work/stadler/beckermar/BESP_paper-analyses/scripts/../results/pop_size_simulations/simulation_results_combined/homochronous_independent/constcoal/expgrowth_fast/lowmutsig/constcoal_homochronous_expgrowth_fast_lowmutsig.T30.trees,0
/cluster/work/stadler/beckermar/BESP_paper-analyses/scripts/../results/pop_size_simulations/simulation_results_combined/homochronous_independent/constcoal/expgrowth_fast/lowmutsig/constcoal_homochronous_expgrowth_fast_lowmutsig.T31.trees,0
/cluster/work/stadler/beckermar/BESP_paper-analyses/scripts/../results/pop_size_simulations/simulation_results_combined/homochronous_independent/constcoal/expgrowth_fast/lowmutsig/constcoal_homochronous_expgrowth_fast_lowmutsig.T32.trees,0
/cluster/work/stadler/beckermar/BESP_paper-analyses/scripts/../results/pop_size_simulations/simulation_results_combined/homochronous_independent/constcoal/expgrowth_fast/lowmutsig/constcoal_homochronous_expgrowth_fast_lowmutsig.T33.trees,0
/cluster/work/stadler/beckermar/BESP_paper-analyses/scripts/../results/pop_size_simulations/simulation_results_combined/homochronous_independent/constcoal/expgrowth_fast/lowmutsig/constcoal_homochronous_expgrowth_fast_lowmutsig.T34.trees,0
/cluster/work/stadler/beckermar/BESP_paper-analyses/scripts/../results/pop_size_simulations/simulation_results_combined/homochronous_independent/constcoal/expgrowth_fast/lowmutsig/constcoal_homochronous_expgrowth_fast_lowmutsig.T35.trees,0
/cluster/work/stadler/beckermar/BESP_paper-analyses/scripts/../results/pop_size_simulations/simulation_results_combined/homochronous_independent/constcoal/expgrowth_fast/lowmutsig/constcoal_homochronous_expgrowth_fast_lowmutsig.T36.trees,0
/cluster/work/stadler/beckermar/BESP_paper-analyses/scripts/../results/pop_size_simulations/simulation_results_combined/homochronous_independent/constcoal/expgrowth_fast/lowmutsig/constcoal_homochronous_expgrowth_fast_lowmutsig.T37.trees,0
/cluster/work/stadler/beckermar/BESP_paper-analyses/scripts/../results/pop_size_simulations/simulation_results_combined/homochronous_independent/constcoal/expgrowth_fast/lowmutsig/constcoal_homochronous_expgrowth_fast_lowmutsig.T38.trees,0
/cluster/work/stadler/beckermar/BESP_paper-analyses/scripts/../results/pop_size_simulations/simulation_results_combined/homochronous_independent/constcoal/expgrowth_fast/lowmutsig/constcoal_homochronous_expgrowth_fast_lowmutsig.T39.trees,0
/cluster/work/stadler/beckermar/BESP_paper-analyses/scripts/../results/pop_size_simulations/simulation_results_combined/homochronous_independent/constcoal/expgrowth_fast/lowmutsig/constcoal_homochronous_expgrowth_fast_lowmutsig.T4.trees,0
/cluster/work/stadler/beckermar/BESP_paper-analyses/scripts/../results/pop_size_simulations/simulation_results_combined/homochronous_independent/constcoal/expgrowth_fast/lowmutsig/constcoal_homochronous_expgrowth_fast_lowmutsig.T40.trees,0
/cluster/work/stadler/beckermar/BESP_paper-analyses/scripts/../results/pop_size_simulations/simulation_results_combined/homochronous_independent/constcoal/expgrowth_fast/lowmutsig/constcoal_homochronous_expgrowth_fast_lowmutsig.T41.trees,0
/cluster/work/stadler/beckermar/BESP_paper-analyses/scripts/../results/pop_size_simulations/simulation_results_combined/homochronous_independent/constcoal/expgrowth_fast/lowmutsig/constcoal_homochronous_expgrowth_fast_lowmutsig.T42.trees,0
/cluster/work/stadler/beckermar/BESP_paper-analyses/scripts/../results/pop_size_simulations/simulation_results_combined/homochronous_independent/constcoal/expgrowth_fast/lowmutsig/constcoal_homochronous_expgrowth_fast_lowmutsig.T43.trees,0
/cluster/work/stadler/beckermar/BESP_paper-analyses/scripts/../results/pop_size_simulations/simulation_results_combined/homochronous_independent/constcoal/expgrowth_fast/lowmutsig/constcoal_homochronous_expgrowth_fast_lowmutsig.T44.trees,0
/cluster/work/stadler/beckermar/BESP_paper-analyses/scripts/../results/pop_size_simulations/simulation_results_combined/homochronous_independent/constcoal/expgrowth_fast/lowmutsig/constcoal_homochronous_expgrowth_fast_lowmutsig.T45.trees,0
/cluster/work/stadler/beckermar/BESP_paper-analyses/scripts/../results/pop_size_simulations/simulation_results_combined/homochronous_independent/constcoal/expgrowth_fast/lowmutsig/constcoal_homochronous_expgrowth_fast_lowmutsig.T46.trees,0
/cluster/work/stadler/beckermar/BESP_paper-analyses/scripts/../results/pop_size_simulations/simulation_results_combined/homochronous_independent/constcoal/expgrowth_fast/lowmutsig/constcoal_homochronous_expgrowth_fast_lowmutsig.T47.trees,0
/cluster/work/stadler/beckermar/BESP_paper-analyses/scripts/../results/pop_size_simulations/simulation_results_combined/homochronous_independent/constcoal/expgrowth_fast/lowmutsig/constcoal_homochronous_expgrowth_fast_lowmutsig.T48.trees,0
/cluster/work/stadler/beckermar/BESP_paper-analyses/scripts/../results/pop_size_simulations/simulation_results_combined/homochronous_independent/constcoal/expgrowth_fast/lowmutsig/constcoal_homochronous_expgrowth_fast_lowmutsig.T49.trees,0
/cluster/work/stadler/beckermar/BESP_paper-analyses/scripts/../results/pop_size_simulations/simulation_results_combined/homochronous_independent/constcoal/expgrowth_fast/lowmutsig/constcoal_homochronous_expgrowth_fast_lowmutsig.T5.trees,0
/cluster/work/stadler/beckermar/BESP_paper-analyses/scripts/../results/pop_size_simulations/simulation_results_combined/homochronous_independent/constcoal/expgrowth_fast/lowmutsig/constcoal_homochronous_expgrowth_fast_lowmutsig.T50.trees,0
/cluster/work/stadler/beckermar/BESP_paper-analyses/scripts/../results/pop_size_simulations/simulation_results_combined/homochronous_independent/constcoal/expgrowth_fast/lowmutsig/constcoal_homochronous_expgrowth_fast_lowmutsig.T51.trees,0
/cluster/work/stadler/beckermar/BESP_paper-analyses/scripts/../results/pop_size_simulations/simulation_results_combined/homochronous_independent/constcoal/expgrowth_fast/lowmutsig/constcoal_homochronous_expgrowth_fast_lowmutsig.T52.trees,0
/cluster/work/stadler/beckermar/BESP_paper-analyses/scripts/../results/pop_size_simulations/simulation_results_combined/homochronous_independent/constcoal/expgrowth_fast/lowmutsig/constcoal_homochronous_expgrowth_fast_lowmutsig.T53.trees,0
/cluster/work/stadler/beckermar/BESP_paper-analyses/scripts/../results/pop_size_simulations/simulation_results_combined/homochronous_independent/constcoal/expgrowth_fast/lowmutsig/constcoal_homochronous_expgrowth_fast_lowmutsig.T54.trees,0
/cluster/work/stadler/beckermar/BESP_paper-analyses/scripts/../results/pop_size_simulations/simulation_results_combined/homochronous_independent/constcoal/expgrowth_fast/lowmutsig/constcoal_homochronous_expgrowth_fast_lowmutsig.T55.trees,0
/cluster/work/stadler/beckermar/BESP_paper-analyses/scripts/../results/pop_size_simulations/simulation_results_combined/homochronous_independent/constcoal/expgrowth_fast/lowmutsig/constcoal_homochronous_expgrowth_fast_lowmutsig.T56.trees,0
/cluster/work/stadler/beckermar/BESP_paper-analyses/scripts/../results/pop_size_simulations/simulation_results_combined/homochronous_independent/constcoal/expgrowth_fast/lowmutsig/constcoal_homochronous_expgrowth_fast_lowmutsig.T57.trees,0
/cluster/work/stadler/beckermar/BESP_paper-analyses/scripts/../results/pop_size_simulations/simulation_results_combined/homochronous_independent/constcoal/expgrowth_fast/lowmutsig/constcoal_homochronous_expgrowth_fast_lowmutsig.T58.trees,0
/cluster/work/stadler/beckermar/BESP_paper-analyses/scripts/../results/pop_size_simulations/simulation_results_combined/homochronous_independent/constcoal/expgrowth_fast/lowmutsig/constcoal_homochronous_expgrowth_fast_lowmutsig.T59.trees,0
/cluster/work/stadler/beckermar/BESP_paper-analyses/scripts/../results/pop_size_simulations/simulation_results_combined/homochronous_independent/constcoal/expgrowth_fast/lowmutsig/constcoal_homochronous_expgrowth_fast_lowmutsig.T6.trees,0
/cluster/work/stadler/beckermar/BESP_paper-analyses/scripts/../results/pop_size_simulations/simulation_results_combined/homochronous_independent/constcoal/expgrowth_fast/lowmutsig/constcoal_homochronous_expgrowth_fast_lowmutsig.T60.trees,0
/cluster/work/stadler/beckermar/BESP_paper-analyses/scripts/../results/pop_size_simulations/simulation_results_combined/homochronous_independent/constcoal/expgrowth_fast/lowmutsig/constcoal_homochronous_expgrowth_fast_lowmutsig.T61.trees,0
/cluster/work/stadler/beckermar/BESP_paper-analyses/scripts/../results/pop_size_simulations/simulation_results_combined/homochronous_independent/constcoal/expgrowth_fast/lowmutsig/constcoal_homochronous_expgrowth_fast_lowmutsig.T62.trees,0
/cluster/work/stadler/beckermar/BESP_paper-analyses/scripts/../results/pop_size_simulations/simulation_results_combined/homochronous_independent/constcoal/expgrowth_fast/lowmutsig/constcoal_homochronous_expgrowth_fast_lowmutsig.T63.trees,0
/cluster/work/stadler/beckermar/BESP_paper-analyses/scripts/../results/pop_size_simulations/simulation_results_combined/homochronous_independent/constcoal/expgrowth_fast/lowmutsig/constcoal_homochronous_expgrowth_fast_lowmutsig.T64.trees,0
/cluster/work/stadler/beckermar/BESP_paper-analyses/scripts/../results/pop_size_simulations/simulation_results_combined/homochronous_independent/constcoal/expgrowth_fast/lowmutsig/constcoal_homochronous_expgrowth_fast_lowmutsig.T65.trees,0
/cluster/work/stadler/beckermar/BESP_paper-analyses/scripts/../results/pop_size_simulations/simulation_results_combined/homochronous_independent/constcoal/expgrowth_fast/lowmutsig/constcoal_homochronous_expgrowth_fast_lowmutsig.T66.trees,0
/cluster/work/stadler/beckermar/BESP_paper-analyses/scripts/../results/pop_size_simulations/simulation_results_combined/homochronous_independent/constcoal/expgrowth_fast/lowmutsig/constcoal_homochronous_expgrowth_fast_lowmutsig.T67.trees,0
/cluster/work/stadler/beckermar/BESP_paper-analyses/scripts/../results/pop_size_simulations/simulation_results_combined/homochronous_independent/constcoal/expgrowth_fast/lowmutsig/constcoal_homochronous_expgrowth_fast_lowmutsig.T68.trees,0
/cluster/work/stadler/beckermar/BESP_paper-analyses/scripts/../results/pop_size_simulations/simulation_results_combined/homochronous_independent/constcoal/expgrowth_fast/lowmutsig/constcoal_homochronous_expgrowth_fast_lowmutsig.T69.trees,0
/cluster/work/stadler/beckermar/BESP_paper-analyses/scripts/../results/pop_size_simulations/simulation_results_combined/homochronous_independent/constcoal/expgrowth_fast/lowmutsig/constcoal_homochronous_expgrowth_fast_lowmutsig.T7.trees,0
/cluster/work/stadler/beckermar/BESP_paper-analyses/scripts/../results/pop_size_simulations/simulation_results_combined/homochronous_independent/constcoal/expgrowth_fast/lowmutsig/constcoal_homochronous_expgrowth_fast_lowmutsig.T70.trees,0
/cluster/work/stadler/beckermar/BESP_paper-analyses/scripts/../results/pop_size_simulations/simulation_results_combined/homochronous_independent/constcoal/expgrowth_fast/lowmutsig/constcoal_homochronous_expgrowth_fast_lowmutsig.T71.trees,0
/cluster/work/stadler/beckermar/BESP_paper-analyses/scripts/../results/pop_size_simulations/simulation_results_combined/homochronous_independent/constcoal/expgrowth_fast/lowmutsig/constcoal_homochronous_expgrowth_fast_lowmutsig.T72.trees,0
/cluster/work/stadler/beckermar/BESP_paper-analyses/scripts/../results/pop_size_simulations/simulation_results_combined/homochronous_independent/constcoal/expgrowth_fast/lowmutsig/constcoal_homochronous_expgrowth_fast_lowmutsig.T73.trees,0
/cluster/work/stadler/beckermar/BESP_paper-analyses/scripts/../results/pop_size_simulations/simulation_results_combined/homochronous_independent/constcoal/expgrowth_fast/lowmutsig/constcoal_homochronous_expgrowth_fast_lowmutsig.T74.trees,0
/cluster/work/stadler/beckermar/BESP_paper-analyses/scripts/../results/pop_size_simulations/simulation_results_combined/homochronous_independent/constcoal/expgrowth_fast/lowmutsig/constcoal_homochronous_expgrowth_fast_lowmutsig.T75.trees,0
/cluster/work/stadler/beckermar/BESP_paper-analyses/scripts/../results/pop_size_simulations/simulation_results_combined/homochronous_independent/constcoal/expgrowth_fast/lowmutsig/constcoal_homochronous_expgrowth_fast_lowmutsig.T76.trees,0
/cluster/work/stadler/beckermar/BESP_paper-analyses/scripts/../results/pop_size_simulations/simulation_results_combined/homochronous_independent/constcoal/expgrowth_fast/lowmutsig/constcoal_homochronous_expgrowth_fast_lowmutsig.T77.trees,0
/cluster/work/stadler/beckermar/BESP_paper-analyses/scripts/../results/pop_size_simulations/simulation_results_combined/homochronous_independent/constcoal/expgrowth_fast/lowmutsig/constcoal_homochronous_expgrowth_fast_lowmutsig.T78.trees,0
/cluster/work/stadler/beckermar/BESP_paper-analyses/scripts/../results/pop_size_simulations/simulation_results_combined/homochronous_independent/constcoal/expgrowth_fast/lowmutsig/constcoal_homochronous_expgrowth_fast_lowmutsig.T79.trees,0
/cluster/work/stadler/beckermar/BESP_paper-analyses/scripts/../results/pop_size_simulations/simulation_results_combined/homochronous_independent/constcoal/expgrowth_fast/lowmutsig/constcoal_homochronous_expgrowth_fast_lowmutsig.T8.trees,0
/cluster/work/stadler/beckermar/BESP_paper-analyses/scripts/../results/pop_size_simulations/simulation_results_combined/homochronous_independent/constcoal/expgrowth_fast/lowmutsig/constcoal_homochronous_expgrowth_fast_lowmutsig.T80.trees,0
/cluster/work/stadler/beckermar/BESP_paper-analyses/scripts/../results/pop_size_simulations/simulation_results_combined/homochronous_independent/constcoal/expgrowth_fast/lowmutsig/constcoal_homochronous_expgrowth_fast_lowmutsig.T81.trees,0
/cluster/work/stadler/beckermar/BESP_paper-analyses/scripts/../results/pop_size_simulations/simulation_results_combined/homochronous_independent/constcoal/expgrowth_fast/lowmutsig/constcoal_homochronous_expgrowth_fast_lowmutsig.T82.trees,0
/cluster/work/stadler/beckermar/BESP_paper-analyses/scripts/../results/pop_size_simulations/simulation_results_combined/homochronous_independent/constcoal/expgrowth_fast/lowmutsig/constcoal_homochronous_expgrowth_fast_lowmutsig.T83.trees,0
/cluster/work/stadler/beckermar/BESP_paper-analyses/scripts/../results/pop_size_simulations/simulation_results_combined/homochronous_independent/constcoal/expgrowth_fast/lowmutsig/constcoal_homochronous_expgrowth_fast_lowmutsig.T84.trees,0
/cluster/work/stadler/beckermar/BESP_paper-analyses/scripts/../results/pop_size_simulations/simulation_results_combined/homochronous_independent/constcoal/expgrowth_fast/lowmutsig/constcoal_homochronous_expgrowth_fast_lowmutsig.T85.trees,0
/cluster/work/stadler/beckermar/BESP_paper-analyses/scripts/../results/pop_size_simulations/simulation_results_combined/homochronous_independent/constcoal/expgrowth_fast/lowmutsig/constcoal_homochronous_expgrowth_fast_lowmutsig.T86.trees,0
/cluster/work/stadler/beckermar/BESP_paper-analyses/scripts/../results/pop_size_simulations/simulation_results_combined/homochronous_independent/constcoal/expgrowth_fast/lowmutsig/constcoal_homochronous_expgrowth_fast_lowmutsig.T87.trees,0
/cluster/work/stadler/beckermar/BESP_paper-analyses/scripts/../results/pop_size_simulations/simulation_results_combined/homochronous_independent/constcoal/expgrowth_fast/lowmutsig/constcoal_homochronous_expgrowth_fast_lowmutsig.T88.trees,0
/cluster/work/stadler/beckermar/BESP_paper-analyses/scripts/../results/pop_size_simulations/simulation_results_combined/homochronous_independent/constcoal/expgrowth_fast/lowmutsig/constcoal_homochronous_expgrowth_fast_lowmutsig.T89.trees,0
/cluster/work/stadler/beckermar/BESP_paper-analyses/scripts/../results/pop_size_simulations/simulation_results_combined/homochronous_independent/constcoal/expgrowth_fast/lowmutsig/constcoal_homochronous_expgrowth_fast_lowmutsig.T9.trees,0
/cluster/work/stadler/beckermar/BESP_paper-analyses/scripts/../results/pop_size_simulations/simulation_results_combined/homochronous_independent/constcoal/expgrowth_fast/lowmutsig/constcoal_homochronous_expgrowth_fast_lowmutsig.T90.trees,0
/cluster/work/stadler/beckermar/BESP_paper-analyses/scripts/../results/pop_size_simulations/simulation_results_combined/homochronous_independent/constcoal/expgrowth_fast/lowmutsig/constcoal_homochronous_expgrowth_fast_lowmutsig.T91.trees,0
/cluster/work/stadler/beckermar/BESP_paper-analyses/scripts/../results/pop_size_simulations/simulation_results_combined/homochronous_independent/constcoal/expgrowth_fast/lowmutsig/constcoal_homochronous_expgrowth_fast_lowmutsig.T92.trees,0
/cluster/work/stadler/beckermar/BESP_paper-analyses/scripts/../results/pop_size_simulations/simulation_results_combined/homochronous_independent/constcoal/expgrowth_fast/lowmutsig/constcoal_homochronous_expgrowth_fast_lowmutsig.T93.trees,0
/cluster/work/stadler/beckermar/BESP_paper-analyses/scripts/../results/pop_size_simulations/simulation_results_combined/homochronous_independent/constcoal/expgrowth_fast/lowmutsig/constcoal_homochronous_expgrowth_fast_lowmutsig.T94.trees,0
/cluster/work/stadler/beckermar/BESP_paper-analyses/scripts/../results/pop_size_simulations/simulation_results_combined/homochronous_independent/constcoal/expgrowth_fast/lowmutsig/constcoal_homochronous_expgrowth_fast_lowmutsig.T95.trees,0
/cluster/work/stadler/beckermar/BESP_paper-analyses/scripts/../results/pop_size_simulations/simulation_results_combined/homochronous_independent/constcoal/expgrowth_fast/lowmutsig/constcoal_homochronous_expgrowth_fast_lowmutsig.T96.trees,0
/cluster/work/stadler/beckermar/BESP_paper-analyses/scripts/../results/pop_size_simulations/simulation_results_combined/homochronous_independent/constcoal/expgrowth_fast/lowmutsig/constcoal_homochronous_expgrowth_fast_lowmutsig.T97.trees,0
/cluster/work/stadler/beckermar/BESP_paper-analyses/scripts/../results/pop_size_simulations/simulation_results_combined/homochronous_independent/constcoal/expgrowth_fast/lowmutsig/constcoal_homochronous_expgrowth_fast_lowmutsig.T98.trees,0
/cluster/work/stadler/beckermar/BESP_paper-analyses/scripts/../results/pop_size_simulations/simulation_results_combined/homochronous_independent/constcoal/expgrowth_fast/lowmutsig/constcoal_homochronous_expgrowth_fast_lowmutsig.T99.trees,0
/cluster/work/stadler/beckermar/BESP_paper-analyses/scripts/../results/pop_size_simulations/simulation_results_combined/homochronous_independent/constcoal/expgrowth_fast/medmutsig/constcoal_homochronous_expgrowth_fast_medmutsig.T0.trees,0
/cluster/work/stadler/beckermar/BESP_paper-analyses/scripts/../results/pop_size_simulations/simulation_results_combined/homochronous_independent/constcoal/expgrowth_fast/medmutsig/constcoal_homochronous_expgrowth_fast_medmutsig.T1.trees,0
/cluster/work/stadler/beckermar/BESP_paper-analyses/scripts/../results/pop_size_simulations/simulation_results_combined/homochronous_independent/constcoal/expgrowth_fast/medmutsig/constcoal_homochronous_expgrowth_fast_medmutsig.T10.trees,0
/cluster/work/stadler/beckermar/BESP_paper-analyses/scripts/../results/pop_size_simulations/simulation_results_combined/homochronous_independent/constcoal/expgrowth_fast/medmutsig/constcoal_homochronous_expgrowth_fast_medmutsig.T11.trees,0
/cluster/work/stadler/beckermar/BESP_paper-analyses/scripts/../results/pop_size_simulations/simulation_results_combined/homochronous_independent/constcoal/expgrowth_fast/medmutsig/constcoal_homochronous_expgrowth_fast_medmutsig.T12.trees,0
/cluster/work/stadler/beckermar/BESP_paper-analyses/scripts/../results/pop_size_simulations/simulation_results_combined/homochronous_independent/constcoal/expgrowth_fast/medmutsig/constcoal_homochronous_expgrowth_fast_medmutsig.T13.trees,0
/cluster/work/stadler/beckermar/BESP_paper-analyses/scripts/../results/pop_size_simulations/simulation_results_combined/homochronous_independent/constcoal/expgrowth_fast/medmutsig/constcoal_homochronous_expgrowth_fast_medmutsig.T14.trees,0
/cluster/work/stadler/beckermar/BESP_paper-analyses/scripts/../results/pop_size_simulations/simulation_results_combined/homochronous_independent/constcoal/expgrowth_fast/medmutsig/constcoal_homochronous_expgrowth_fast_medmutsig.T15.trees,0
/cluster/work/stadler/beckermar/BESP_paper-analyses/scripts/../results/pop_size_simulations/simulation_results_combined/homochronous_independent/constcoal/expgrowth_fast/medmutsig/constcoal_homochronous_expgrowth_fast_medmutsig.T16.trees,0
/cluster/work/stadler/beckermar/BESP_paper-analyses/scripts/../results/pop_size_simulations/simulation_results_combined/homochronous_independent/constcoal/expgrowth_fast/medmutsig/constcoal_homochronous_expgrowth_fast_medmutsig.T17.trees,0
/cluster/work/stadler/beckermar/BESP_paper-analyses/scripts/../results/pop_size_simulations/simulation_results_combined/homochronous_independent/constcoal/expgrowth_fast/medmutsig/constcoal_homochronous_expgrowth_fast_medmutsig.T18.trees,0
/cluster/work/stadler/beckermar/BESP_paper-analyses/scripts/../results/pop_size_simulations/simulation_results_combined/homochronous_independent/constcoal/expgrowth_fast/medmutsig/constcoal_homochronous_expgrowth_fast_medmutsig.T19.trees,0
/cluster/work/stadler/beckermar/BESP_paper-analyses/scripts/../results/pop_size_simulations/simulation_results_combined/homochronous_independent/constcoal/expgrowth_fast/medmutsig/constcoal_homochronous_expgrowth_fast_medmutsig.T2.trees,0
/cluster/work/stadler/beckermar/BESP_paper-analyses/scripts/../results/pop_size_simulations/simulation_results_combined/homochronous_independent/constcoal/expgrowth_fast/medmutsig/constcoal_homochronous_expgrowth_fast_medmutsig.T20.trees,0
/cluster/work/stadler/beckermar/BESP_paper-analyses/scripts/../results/pop_size_simulations/simulation_results_combined/homochronous_independent/constcoal/expgrowth_fast/medmutsig/constcoal_homochronous_expgrowth_fast_medmutsig.T21.trees,0
/cluster/work/stadler/beckermar/BESP_paper-analyses/scripts/../results/pop_size_simulations/simulation_results_combined/homochronous_independent/constcoal/expgrowth_fast/medmutsig/constcoal_homochronous_expgrowth_fast_medmutsig.T22.trees,0
/cluster/work/stadler/beckermar/BESP_paper-analyses/scripts/../results/pop_size_simulations/simulation_results_combined/homochronous_independent/constcoal/expgrowth_fast/medmutsig/constcoal_homochronous_expgrowth_fast_medmutsig.T23.trees,0
/cluster/work/stadler/beckermar/BESP_paper-analyses/scripts/../results/pop_size_simulations/simulation_results_combined/homochronous_independent/constcoal/expgrowth_fast/medmutsig/constcoal_homochronous_expgrowth_fast_medmutsig.T24.trees,0
/cluster/work/stadler/beckermar/BESP_paper-analyses/scripts/../results/pop_size_simulations/simulation_results_combined/homochronous_independent/constcoal/expgrowth_fast/medmutsig/constcoal_homochronous_expgrowth_fast_medmutsig.T25.trees,0
/cluster/work/stadler/beckermar/BESP_paper-analyses/scripts/../results/pop_size_simulations/simulation_results_combined/homochronous_independent/constcoal/expgrowth_fast/medmutsig/constcoal_homochronous_expgrowth_fast_medmutsig.T26.trees,0
/cluster/work/stadler/beckermar/BESP_paper-analyses/scripts/../results/pop_size_simulations/simulation_results_combined/homochronous_independent/constcoal/expgrowth_fast/medmutsig/constcoal_homochronous_expgrowth_fast_medmutsig.T27.trees,0
/cluster/work/stadler/beckermar/BESP_paper-analyses/scripts/../results/pop_size_simulations/simulation_results_combined/homochronous_independent/constcoal/expgrowth_fast/medmutsig/constcoal_homochronous_expgrowth_fast_medmutsig.T28.trees,0
/cluster/work/stadler/beckermar/BESP_paper-analyses/scripts/../results/pop_size_simulations/simulation_results_combined/homochronous_independent/constcoal/expgrowth_fast/medmutsig/constcoal_homochronous_expgrowth_fast_medmutsig.T29.trees,0
/cluster/work/stadler/beckermar/BESP_paper-analyses/scripts/../results/pop_size_simulations/simulation_results_combined/homochronous_independent/constcoal/expgrowth_fast/medmutsig/constcoal_homochronous_expgrowth_fast_medmutsig.T3.trees,0
/cluster/work/stadler/beckermar/BESP_paper-analyses/scripts/../results/pop_size_simulations/simulation_results_combined/homochronous_independent/constcoal/expgrowth_fast/medmutsig/constcoal_homochronous_expgrowth_fast_medmutsig.T30.trees,0
/cluster/work/stadler/beckermar/BESP_paper-analyses/scripts/../results/pop_size_simulations/simulation_results_combined/homochronous_independent/constcoal/expgrowth_fast/medmutsig/constcoal_homochronous_expgrowth_fast_medmutsig.T31.trees,0
/cluster/work/stadler/beckermar/BESP_paper-analyses/scripts/../results/pop_size_simulations/simulation_results_combined/homochronous_independent/constcoal/expgrowth_fast/medmutsig/constcoal_homochronous_expgrowth_fast_medmutsig.T32.trees,0
/cluster/work/stadler/beckermar/BESP_paper-analyses/scripts/../results/pop_size_simulations/simulation_results_combined/homochronous_independent/constcoal/expgrowth_fast/medmutsig/constcoal_homochronous_expgrowth_fast_medmutsig.T33.trees,0
/cluster/work/stadler/beckermar/BESP_paper-analyses/scripts/../results/pop_size_simulations/simulation_results_combined/homochronous_independent/constcoal/expgrowth_fast/medmutsig/constcoal_homochronous_expgrowth_fast_medmutsig.T34.trees,0
/cluster/work/stadler/beckermar/BESP_paper-analyses/scripts/../results/pop_size_simulations/simulation_results_combined/homochronous_independent/constcoal/expgrowth_fast/medmutsig/constcoal_homochronous_expgrowth_fast_medmutsig.T35.trees,0
/cluster/work/stadler/beckermar/BESP_paper-analyses/scripts/../results/pop_size_simulations/simulation_results_combined/homochronous_independent/constcoal/expgrowth_fast/medmutsig/constcoal_homochronous_expgrowth_fast_medmutsig.T36.trees,0
/cluster/work/stadler/beckermar/BESP_paper-analyses/scripts/../results/pop_size_simulations/simulation_results_combined/homochronous_independent/constcoal/expgrowth_fast/medmutsig/constcoal_homochronous_expgrowth_fast_medmutsig.T37.trees,0
/cluster/work/stadler/beckermar/BESP_paper-analyses/scripts/../results/pop_size_simulations/simulation_results_combined/homochronous_independent/constcoal/expgrowth_fast/medmutsig/constcoal_homochronous_expgrowth_fast_medmutsig.T38.trees,0
/cluster/work/stadler/beckermar/BESP_paper-analyses/scripts/../results/pop_size_simulations/simulation_results_combined/homochronous_independent/constcoal/expgrowth_fast/medmutsig/constcoal_homochronous_expgrowth_fast_medmutsig.T39.trees,0
/cluster/work/stadler/beckermar/BESP_paper-analyses/scripts/../results/pop_size_simulations/simulation_results_combined/homochronous_independent/constcoal/expgrowth_fast/medmutsig/constcoal_homochronous_expgrowth_fast_medmutsig.T4.trees,0
/cluster/work/stadler/beckermar/BESP_paper-analyses/scripts/../results/pop_size_simulations/simulation_results_combined/homochronous_independent/constcoal/expgrowth_fast/medmutsig/constcoal_homochronous_expgrowth_fast_medmutsig.T40.trees,0
/cluster/work/stadler/beckermar/BESP_paper-analyses/scripts/../results/pop_size_simulations/simulation_results_combined/homochronous_independent/constcoal/expgrowth_fast/medmutsig/constcoal_homochronous_expgrowth_fast_medmutsig.T41.trees,0
/cluster/work/stadler/beckermar/BESP_paper-analyses/scripts/../results/pop_size_simulations/simulation_results_combined/homochronous_independent/constcoal/expgrowth_fast/medmutsig/constcoal_homochronous_expgrowth_fast_medmutsig.T42.trees,0
/cluster/work/stadler/beckermar/BESP_paper-analyses/scripts/../results/pop_size_simulations/simulation_results_combined/homochronous_independent/constcoal/expgrowth_fast/medmutsig/constcoal_homochronous_expgrowth_fast_medmutsig.T43.trees,0
/cluster/work/stadler/beckermar/BESP_paper-analyses/scripts/../results/pop_size_simulations/simulation_results_combined/homochronous_independent/constcoal/expgrowth_fast/medmutsig/constcoal_homochronous_expgrowth_fast_medmutsig.T44.trees,0
/cluster/work/stadler/beckermar/BESP_paper-analyses/scripts/../results/pop_size_simulations/simulation_results_combined/homochronous_independent/constcoal/expgrowth_fast/medmutsig/constcoal_homochronous_expgrowth_fast_medmutsig.T45.trees,0
/cluster/work/stadler/beckermar/BESP_paper-analyses/scripts/../results/pop_size_simulations/simulation_results_combined/homochronous_independent/constcoal/expgrowth_fast/medmutsig/constcoal_homochronous_expgrowth_fast_medmutsig.T46.trees,0
/cluster/work/stadler/beckermar/BESP_paper-analyses/scripts/../results/pop_size_simulations/simulation_results_combined/homochronous_independent/constcoal/expgrowth_fast/medmutsig/constcoal_homochronous_expgrowth_fast_medmutsig.T47.trees,0
/cluster/work/stadler/beckermar/BESP_paper-analyses/scripts/../results/pop_size_simulations/simulation_results_combined/homochronous_independent/constcoal/expgrowth_fast/medmutsig/constcoal_homochronous_expgrowth_fast_medmutsig.T48.trees,0
/cluster/work/stadler/beckermar/BESP_paper-analyses/scripts/../results/pop_size_simulations/simulation_results_combined/homochronous_independent/constcoal/expgrowth_fast/medmutsig/constcoal_homochronous_expgrowth_fast_medmutsig.T49.trees,0
/cluster/work/stadler/beckermar/BESP_paper-analyses/scripts/../results/pop_size_simulations/simulation_results_combined/homochronous_independent/constcoal/expgrowth_fast/medmutsig/constcoal_homochronous_expgrowth_fast_medmutsig.T5.trees,0
/cluster/work/stadler/beckermar/BESP_paper-analyses/scripts/../results/pop_size_simulations/simulation_results_combined/homochronous_independent/constcoal/expgrowth_fast/medmutsig/constcoal_homochronous_expgrowth_fast_medmutsig.T50.trees,0
/cluster/work/stadler/beckermar/BESP_paper-analyses/scripts/../results/pop_size_simulations/simulation_results_combined/homochronous_independent/constcoal/expgrowth_fast/medmutsig/constcoal_homochronous_expgrowth_fast_medmutsig.T51.trees,0
/cluster/work/stadler/beckermar/BESP_paper-analyses/scripts/../results/pop_size_simulations/simulation_results_combined/homochronous_independent/constcoal/expgrowth_fast/medmutsig/constcoal_homochronous_expgrowth_fast_medmutsig.T52.trees,0
/cluster/work/stadler/beckermar/BESP_paper-analyses/scripts/../results/pop_size_simulations/simulation_results_combined/homochronous_independent/constcoal/expgrowth_fast/medmutsig/constcoal_homochronous_expgrowth_fast_medmutsig.T53.trees,0
/cluster/work/stadler/beckermar/BESP_paper-analyses/scripts/../results/pop_size_simulations/simulation_results_combined/homochronous_independent/constcoal/expgrowth_fast/medmutsig/constcoal_homochronous_expgrowth_fast_medmutsig.T54.trees,0
/cluster/work/stadler/beckermar/BESP_paper-analyses/scripts/../results/pop_size_simulations/simulation_results_combined/homochronous_independent/constcoal/expgrowth_fast/medmutsig/constcoal_homochronous_expgrowth_fast_medmutsig.T55.trees,0
/cluster/work/stadler/beckermar/BESP_paper-analyses/scripts/../results/pop_size_simulations/simulation_results_combined/homochronous_independent/constcoal/expgrowth_fast/medmutsig/constcoal_homochronous_expgrowth_fast_medmutsig.T56.trees,0
/cluster/work/stadler/beckermar/BESP_paper-analyses/scripts/../results/pop_size_simulations/simulation_results_combined/homochronous_independent/constcoal/expgrowth_fast/medmutsig/constcoal_homochronous_expgrowth_fast_medmutsig.T57.trees,0
/cluster/work/stadler/beckermar/BESP_paper-analyses/scripts/../results/pop_size_simulations/simulation_results_combined/homochronous_independent/constcoal/expgrowth_fast/medmutsig/constcoal_homochronous_expgrowth_fast_medmutsig.T58.trees,0
/cluster/work/stadler/beckermar/BESP_paper-analyses/scripts/../results/pop_size_simulations/simulation_results_combined/homochronous_independent/constcoal/expgrowth_fast/medmutsig/constcoal_homochronous_expgrowth_fast_medmutsig.T59.trees,0
/cluster/work/stadler/beckermar/BESP_paper-analyses/scripts/../results/pop_size_simulations/simulation_results_combined/homochronous_independent/constcoal/expgrowth_fast/medmutsig/constcoal_homochronous_expgrowth_fast_medmutsig.T6.trees,0
/cluster/work/stadler/beckermar/BESP_paper-analyses/scripts/../results/pop_size_simulations/simulation_results_combined/homochronous_independent/constcoal/expgrowth_fast/medmutsig/constcoal_homochronous_expgrowth_fast_medmutsig.T60.trees,0
/cluster/work/stadler/beckermar/BESP_paper-analyses/scripts/../results/pop_size_simulations/simulation_results_combined/homochronous_independent/constcoal/expgrowth_fast/medmutsig/constcoal_homochronous_expgrowth_fast_medmutsig.T61.trees,0
/cluster/work/stadler/beckermar/BESP_paper-analyses/scripts/../results/pop_size_simulations/simulation_results_combined/homochronous_independent/constcoal/expgrowth_fast/medmutsig/constcoal_homochronous_expgrowth_fast_medmutsig.T62.trees,0
/cluster/work/stadler/beckermar/BESP_paper-analyses/scripts/../results/pop_size_simulations/simulation_results_combined/homochronous_independent/constcoal/expgrowth_fast/medmutsig/constcoal_homochronous_expgrowth_fast_medmutsig.T63.trees,0
/cluster/work/stadler/beckermar/BESP_paper-analyses/scripts/../results/pop_size_simulations/simulation_results_combined/homochronous_independent/constcoal/expgrowth_fast/medmutsig/constcoal_homochronous_expgrowth_fast_medmutsig.T64.trees,0
/cluster/work/stadler/beckermar/BESP_paper-analyses/scripts/../results/pop_size_simulations/simulation_results_combined/homochronous_independent/constcoal/expgrowth_fast/medmutsig/constcoal_homochronous_expgrowth_fast_medmutsig.T65.trees,0
/cluster/work/stadler/beckermar/BESP_paper-analyses/scripts/../results/pop_size_simulations/simulation_results_combined/homochronous_independent/constcoal/expgrowth_fast/medmutsig/constcoal_homochronous_expgrowth_fast_medmutsig.T66.trees,0
/cluster/work/stadler/beckermar/BESP_paper-analyses/scripts/../results/pop_size_simulations/simulation_results_combined/homochronous_independent/constcoal/expgrowth_fast/medmutsig/constcoal_homochronous_expgrowth_fast_medmutsig.T67.trees,0
/cluster/work/stadler/beckermar/BESP_paper-analyses/scripts/../results/pop_size_simulations/simulation_results_combined/homochronous_independent/constcoal/expgrowth_fast/medmutsig/constcoal_homochronous_expgrowth_fast_medmutsig.T68.trees,0
/cluster/work/stadler/beckermar/BESP_paper-analyses/scripts/../results/pop_size_simulations/simulation_results_combined/homochronous_independent/constcoal/expgrowth_fast/medmutsig/constcoal_homochronous_expgrowth_fast_medmutsig.T69.trees,0
/cluster/work/stadler/beckermar/BESP_paper-analyses/scripts/../results/pop_size_simulations/simulation_results_combined/homochronous_independent/constcoal/expgrowth_fast/medmutsig/constcoal_homochronous_expgrowth_fast_medmutsig.T7.trees,0
/cluster/work/stadler/beckermar/BESP_paper-analyses/scripts/../results/pop_size_simulations/simulation_results_combined/homochronous_independent/constcoal/expgrowth_fast/medmutsig/constcoal_homochronous_expgrowth_fast_medmutsig.T70.trees,0
/cluster/work/stadler/beckermar/BESP_paper-analyses/scripts/../results/pop_size_simulations/simulation_results_combined/homochronous_independent/constcoal/expgrowth_fast/medmutsig/constcoal_homochronous_expgrowth_fast_medmutsig.T71.trees,0
/cluster/work/stadler/beckermar/BESP_paper-analyses/scripts/../results/pop_size_simulations/simulation_results_combined/homochronous_independent/constcoal/expgrowth_fast/medmutsig/constcoal_homochronous_expgrowth_fast_medmutsig.T72.trees,0
/cluster/work/stadler/beckermar/BESP_paper-analyses/scripts/../results/pop_size_simulations/simulation_results_combined/homochronous_independent/constcoal/expgrowth_fast/medmutsig/constcoal_homochronous_expgrowth_fast_medmutsig.T73.trees,0
/cluster/work/stadler/beckermar/BESP_paper-analyses/scripts/../results/pop_size_simulations/simulation_results_combined/homochronous_independent/constcoal/expgrowth_fast/medmutsig/constcoal_homochronous_expgrowth_fast_medmutsig.T74.trees,0
/cluster/work/stadler/beckermar/BESP_paper-analyses/scripts/../results/pop_size_simulations/simulation_results_combined/homochronous_independent/constcoal/expgrowth_fast/medmutsig/constcoal_homochronous_expgrowth_fast_medmutsig.T75.trees,0
/cluster/work/stadler/beckermar/BESP_paper-analyses/scripts/../results/pop_size_simulations/simulation_results_combined/homochronous_independent/constcoal/expgrowth_fast/medmutsig/constcoal_homochronous_expgrowth_fast_medmutsig.T76.trees,0
/cluster/work/stadler/beckermar/BESP_paper-analyses/scripts/../results/pop_size_simulations/simulation_results_combined/homochronous_independent/constcoal/expgrowth_fast/medmutsig/constcoal_homochronous_expgrowth_fast_medmutsig.T77.trees,0
/cluster/work/stadler/beckermar/BESP_paper-analyses/scripts/../results/pop_size_simulations/simulation_results_combined/homochronous_independent/constcoal/expgrowth_fast/medmutsig/constcoal_homochronous_expgrowth_fast_medmutsig.T78.trees,0
/cluster/work/stadler/beckermar/BESP_paper-analyses/scripts/../results/pop_size_simulations/simulation_results_combined/homochronous_independent/constcoal/expgrowth_fast/medmutsig/constcoal_homochronous_expgrowth_fast_medmutsig.T79.trees,0
/cluster/work/stadler/beckermar/BESP_paper-analyses/scripts/../results/pop_size_simulations/simulation_results_combined/homochronous_independent/constcoal/expgrowth_fast/medmutsig/constcoal_homochronous_expgrowth_fast_medmutsig.T8.trees,0
/cluster/work/stadler/beckermar/BESP_paper-analyses/scripts/../results/pop_size_simulations/simulation_results_combined/homochronous_independent/constcoal/expgrowth_fast/medmutsig/constcoal_homochronous_expgrowth_fast_medmutsig.T80.trees,0
/cluster/work/stadler/beckermar/BESP_paper-analyses/scripts/../results/pop_size_simulations/simulation_results_combined/homochronous_independent/constcoal/expgrowth_fast/medmutsig/constcoal_homochronous_expgrowth_fast_medmutsig.T81.trees,0
/cluster/work/stadler/beckermar/BESP_paper-analyses/scripts/../results/pop_size_simulations/simulation_results_combined/homochronous_independent/constcoal/expgrowth_fast/medmutsig/constcoal_homochronous_expgrowth_fast_medmutsig.T82.trees,0
/cluster/work/stadler/beckermar/BESP_paper-analyses/scripts/../results/pop_size_simulations/simulation_results_combined/homochronous_independent/constcoal/expgrowth_fast/medmutsig/constcoal_homochronous_expgrowth_fast_medmutsig.T83.trees,0
/cluster/work/stadler/beckermar/BESP_paper-analyses/scripts/../results/pop_size_simulations/simulation_results_combined/homochronous_independent/constcoal/expgrowth_fast/medmutsig/constcoal_homochronous_expgrowth_fast_medmutsig.T84.trees,0
/cluster/work/stadler/beckermar/BESP_paper-analyses/scripts/../results/pop_size_simulations/simulation_results_combined/homochronous_independent/constcoal/expgrowth_fast/medmutsig/constcoal_homochronous_expgrowth_fast_medmutsig.T85.trees,0
/cluster/work/stadler/beckermar/BESP_paper-analyses/scripts/../results/pop_size_simulations/simulation_results_combined/homochronous_independent/constcoal/expgrowth_fast/medmutsig/constcoal_homochronous_expgrowth_fast_medmutsig.T86.trees,0
/cluster/work/stadler/beckermar/BESP_paper-analyses/scripts/../results/pop_size_simulations/simulation_results_combined/homochronous_independent/constcoal/expgrowth_fast/medmutsig/constcoal_homochronous_expgrowth_fast_medmutsig.T87.trees,0
/cluster/work/stadler/beckermar/BESP_paper-analyses/scripts/../results/pop_size_simulations/simulation_results_combined/homochronous_independent/constcoal/expgrowth_fast/medmutsig/constcoal_homochronous_expgrowth_fast_medmutsig.T88.trees,0
/cluster/work/stadler/beckermar/BESP_paper-analyses/scripts/../results/pop_size_simulations/simulation_results_combined/homochronous_independent/constcoal/expgrowth_fast/medmutsig/constcoal_homochronous_expgrowth_fast_medmutsig.T89.trees,0
/cluster/work/stadler/beckermar/BESP_paper-analyses/scripts/../results/pop_size_simulations/simulation_results_combined/homochronous_independent/constcoal/expgrowth_fast/medmutsig/constcoal_homochronous_expgrowth_fast_medmutsig.T9.trees,0
/cluster/work/stadler/beckermar/BESP_paper-analyses/scripts/../results/pop_size_simulations/simulation_results_combined/homochronous_independent/constcoal/expgrowth_fast/medmutsig/constcoal_homochronous_expgrowth_fast_medmutsig.T90.trees,0
/cluster/work/stadler/beckermar/BESP_paper-analyses/scripts/../results/pop_size_simulations/simulation_results_combined/homochronous_independent/constcoal/expgrowth_fast/medmutsig/constcoal_homochronous_expgrowth_fast_medmutsig.T91.trees,0
/cluster/work/stadler/beckermar/BESP_paper-analyses/scripts/../results/pop_size_simulations/simulation_results_combined/homochronous_independent/constcoal/expgrowth_fast/medmutsig/constcoal_homochronous_expgrowth_fast_medmutsig.T92.trees,0
/cluster/work/stadler/beckermar/BESP_paper-analyses/scripts/../results/pop_size_simulations/simulation_results_combined/homochronous_independent/constcoal/expgrowth_fast/medmutsig/constcoal_homochronous_expgrowth_fast_medmutsig.T93.trees,0
/cluster/work/stadler/beckermar/BESP_paper-analyses/scripts/../results/pop_size_simulations/simulation_results_combined/homochronous_independent/constcoal/expgrowth_fast/medmutsig/constcoal_homochronous_expgrowth_fast_medmutsig.T94.trees,0
/cluster/work/stadler/beckermar/BESP_paper-analyses/scripts/../results/pop_size_simulations/simulation_results_combined/homochronous_independent/constcoal/expgrowth_fast/medmutsig/constcoal_homochronous_expgrowth_fast_medmutsig.T95.trees,0
/cluster/work/stadler/beckermar/BESP_paper-analyses/scripts/../results/pop_size_simulations/simulation_results_combined/homochronous_independent/constcoal/expgrowth_fast/medmutsig/constcoal_homochronous_expgrowth_fast_medmutsig.T96.trees,0
/cluster/work/stadler/beckermar/BESP_paper-analyses/scripts/../results/pop_size_simulations/simulation_results_combined/homochronous_independent/constcoal/expgrowth_fast/medmutsig/constcoal_homochronous_expgrowth_fast_medmutsig.T97.trees,0
/cluster/work/stadler/beckermar/BESP_paper-analyses/scripts/../results/pop_size_simulations/simulation_results_combined/homochronous_independent/constcoal/expgrowth_fast/medmutsig/constcoal_homochronous_expgrowth_fast_medmutsig.T98.trees,0
/cluster/work/stadler/beckermar/BESP_paper-analyses/scripts/../results/pop_size_simulations/simulation_results_combined/homochronous_independent/constcoal/expgrowth_fast/medmutsig/constcoal_homochronous_expgrowth_fast_medmutsig.T99.trees,0
/cluster/work/stadler/beckermar/BESP_paper-analyses/scripts/../results/pop_size_simulations/simulation_results_combined/homochronous_independent/constcoal/expgrowth_slow/highmutsig/constcoal_homochronous_expgrowth_slow_highmutsig.T0.trees,0
/cluster/work/stadler/beckermar/BESP_paper-analyses/scripts/../results/pop_size_simulations/simulation_results_combined/homochronous_independent/constcoal/expgrowth_slow/highmutsig/constcoal_homochronous_expgrowth_slow_highmutsig.T1.trees,0
/cluster/work/stadler/beckermar/BESP_paper-analyses/scripts/../results/pop_size_simulations/simulation_results_combined/homochronous_independent/constcoal/expgrowth_slow/highmutsig/constcoal_homochronous_expgrowth_slow_highmutsig.T10.trees,0
/cluster/work/stadler/beckermar/BESP_paper-analyses/scripts/../results/pop_size_simulations/simulation_results_combined/homochronous_independent/constcoal/expgrowth_slow/highmutsig/constcoal_homochronous_expgrowth_slow_highmutsig.T11.trees,0
/cluster/work/stadler/beckermar/BESP_paper-analyses/scripts/../results/pop_size_simulations/simulation_results_combined/homochronous_independent/constcoal/expgrowth_slow/highmutsig/constcoal_homochronous_expgrowth_slow_highmutsig.T12.trees,0
/cluster/work/stadler/beckermar/BESP_paper-analyses/scripts/../results/pop_size_simulations/simulation_results_combined/homochronous_independent/constcoal/expgrowth_slow/highmutsig/constcoal_homochronous_expgrowth_slow_highmutsig.T13.trees,0
/cluster/work/stadler/beckermar/BESP_paper-analyses/scripts/../results/pop_size_simulations/simulation_results_combined/homochronous_independent/constcoal/expgrowth_slow/highmutsig/constcoal_homochronous_expgrowth_slow_highmutsig.T14.trees,0
/cluster/work/stadler/beckermar/BESP_paper-analyses/scripts/../results/pop_size_simulations/simulation_results_combined/homochronous_independent/constcoal/expgrowth_slow/highmutsig/constcoal_homochronous_expgrowth_slow_highmutsig.T15.trees,0
/cluster/work/stadler/beckermar/BESP_paper-analyses/scripts/../results/pop_size_simulations/simulation_results_combined/homochronous_independent/constcoal/expgrowth_slow/highmutsig/constcoal_homochronous_expgrowth_slow_highmutsig.T16.trees,0
/cluster/work/stadler/beckermar/BESP_paper-analyses/scripts/../results/pop_size_simulations/simulation_results_combined/homochronous_independent/constcoal/expgrowth_slow/highmutsig/constcoal_homochronous_expgrowth_slow_highmutsig.T17.trees,0
/cluster/work/stadler/beckermar/BESP_paper-analyses/scripts/../results/pop_size_simulations/simulation_results_combined/homochronous_independent/constcoal/expgrowth_slow/highmutsig/constcoal_homochronous_expgrowth_slow_highmutsig.T18.trees,0
/cluster/work/stadler/beckermar/BESP_paper-analyses/scripts/../results/pop_size_simulations/simulation_results_combined/homochronous_independent/constcoal/expgrowth_slow/highmutsig/constcoal_homochronous_expgrowth_slow_highmutsig.T19.trees,0
/cluster/work/stadler/beckermar/BESP_paper-analyses/scripts/../results/pop_size_simulations/simulation_results_combined/homochronous_independent/constcoal/expgrowth_slow/highmutsig/constcoal_homochronous_expgrowth_slow_highmutsig.T2.trees,0
/cluster/work/stadler/beckermar/BESP_paper-analyses/scripts/../results/pop_size_simulations/simulation_results_combined/homochronous_independent/constcoal/expgrowth_slow/highmutsig/constcoal_homochronous_expgrowth_slow_highmutsig.T20.trees,0
/cluster/work/stadler/beckermar/BESP_paper-analyses/scripts/../results/pop_size_simulations/simulation_results_combined/homochronous_independent/constcoal/expgrowth_slow/highmutsig/constcoal_homochronous_expgrowth_slow_highmutsig.T21.trees,0
/cluster/work/stadler/beckermar/BESP_paper-analyses/scripts/../results/pop_size_simulations/simulation_results_combined/homochronous_independent/constcoal/expgrowth_slow/highmutsig/constcoal_homochronous_expgrowth_slow_highmutsig.T22.trees,0
/cluster/work/stadler/beckermar/BESP_paper-analyses/scripts/../results/pop_size_simulations/simulation_results_combined/homochronous_independent/constcoal/expgrowth_slow/highmutsig/constcoal_homochronous_expgrowth_slow_highmutsig.T23.trees,0
/cluster/work/stadler/beckermar/BESP_paper-analyses/scripts/../results/pop_size_simulations/simulation_results_combined/homochronous_independent/constcoal/expgrowth_slow/highmutsig/constcoal_homochronous_expgrowth_slow_highmutsig.T24.trees,0
/cluster/work/stadler/beckermar/BESP_paper-analyses/scripts/../results/pop_size_simulations/simulation_results_combined/homochronous_independent/constcoal/expgrowth_slow/highmutsig/constcoal_homochronous_expgrowth_slow_highmutsig.T25.trees,0
/cluster/work/stadler/beckermar/BESP_paper-analyses/scripts/../results/pop_size_simulations/simulation_results_combined/homochronous_independent/constcoal/expgrowth_slow/highmutsig/constcoal_homochronous_expgrowth_slow_highmutsig.T26.trees,0
/cluster/work/stadler/beckermar/BESP_paper-analyses/scripts/../results/pop_size_simulations/simulation_results_combined/homochronous_independent/constcoal/expgrowth_slow/highmutsig/constcoal_homochronous_expgrowth_slow_highmutsig.T27.trees,0
/cluster/work/stadler/beckermar/BESP_paper-analyses/scripts/../results/pop_size_simulations/simulation_results_combined/homochronous_independent/constcoal/expgrowth_slow/highmutsig/constcoal_homochronous_expgrowth_slow_highmutsig.T28.trees,0
/cluster/work/stadler/beckermar/BESP_paper-analyses/scripts/../results/pop_size_simulations/simulation_results_combined/homochronous_independent/constcoal/expgrowth_slow/highmutsig/constcoal_homochronous_expgrowth_slow_highmutsig.T29.trees,0
/cluster/work/stadler/beckermar/BESP_paper-analyses/scripts/../results/pop_size_simulations/simulation_results_combined/homochronous_independent/constcoal/expgrowth_slow/highmutsig/constcoal_homochronous_expgrowth_slow_highmutsig.T3.trees,0
/cluster/work/stadler/beckermar/BESP_paper-analyses/scripts/../results/pop_size_simulations/simulation_results_combined/homochronous_independent/constcoal/expgrowth_slow/highmutsig/constcoal_homochronous_expgrowth_slow_highmutsig.T30.trees,0
/cluster/work/stadler/beckermar/BESP_paper-analyses/scripts/../results/pop_size_simulations/simulation_results_combined/homochronous_independent/constcoal/expgrowth_slow/highmutsig/constcoal_homochronous_expgrowth_slow_highmutsig.T31.trees,0
/cluster/work/stadler/beckermar/BESP_paper-analyses/scripts/../results/pop_size_simulations/simulation_results_combined/homochronous_independent/constcoal/expgrowth_slow/highmutsig/constcoal_homochronous_expgrowth_slow_highmutsig.T32.trees,0
/cluster/work/stadler/beckermar/BESP_paper-analyses/scripts/../results/pop_size_simulations/simulation_results_combined/homochronous_independent/constcoal/expgrowth_slow/highmutsig/constcoal_homochronous_expgrowth_slow_highmutsig.T33.trees,0
/cluster/work/stadler/beckermar/BESP_paper-analyses/scripts/../results/pop_size_simulations/simulation_results_combined/homochronous_independent/constcoal/expgrowth_slow/highmutsig/constcoal_homochronous_expgrowth_slow_highmutsig.T34.trees,0
/cluster/work/stadler/beckermar/BESP_paper-analyses/scripts/../results/pop_size_simulations/simulation_results_combined/homochronous_independent/constcoal/expgrowth_slow/highmutsig/constcoal_homochronous_expgrowth_slow_highmutsig.T35.trees,0
/cluster/work/stadler/beckermar/BESP_paper-analyses/scripts/../results/pop_size_simulations/simulation_results_combined/homochronous_independent/constcoal/expgrowth_slow/highmutsig/constcoal_homochronous_expgrowth_slow_highmutsig.T36.trees,0
/cluster/work/stadler/beckermar/BESP_paper-analyses/scripts/../results/pop_size_simulations/simulation_results_combined/homochronous_independent/constcoal/expgrowth_slow/highmutsig/constcoal_homochronous_expgrowth_slow_highmutsig.T37.trees,0
/cluster/work/stadler/beckermar/BESP_paper-analyses/scripts/../results/pop_size_simulations/simulation_results_combined/homochronous_independent/constcoal/expgrowth_slow/highmutsig/constcoal_homochronous_expgrowth_slow_highmutsig.T38.trees,0
/cluster/work/stadler/beckermar/BESP_paper-analyses/scripts/../results/pop_size_simulations/simulation_results_combined/homochronous_independent/constcoal/expgrowth_slow/highmutsig/constcoal_homochronous_expgrowth_slow_highmutsig.T39.trees,0
/cluster/work/stadler/beckermar/BESP_paper-analyses/scripts/../results/pop_size_simulations/simulation_results_combined/homochronous_independent/constcoal/expgrowth_slow/highmutsig/constcoal_homochronous_expgrowth_slow_highmutsig.T4.trees,0
/cluster/work/stadler/beckermar/BESP_paper-analyses/scripts/../results/pop_size_simulations/simulation_results_combined/homochronous_independent/constcoal/expgrowth_slow/highmutsig/constcoal_homochronous_expgrowth_slow_highmutsig.T40.trees,0
/cluster/work/stadler/beckermar/BESP_paper-analyses/scripts/../results/pop_size_simulations/simulation_results_combined/homochronous_independent/constcoal/expgrowth_slow/highmutsig/constcoal_homochronous_expgrowth_slow_highmutsig.T41.trees,0
/cluster/work/stadler/beckermar/BESP_paper-analyses/scripts/../results/pop_size_simulations/simulation_results_combined/homochronous_independent/constcoal/expgrowth_slow/highmutsig/constcoal_homochronous_expgrowth_slow_highmutsig.T42.trees,0
/cluster/work/stadler/beckermar/BESP_paper-analyses/scripts/../results/pop_size_simulations/simulation_results_combined/homochronous_independent/constcoal/expgrowth_slow/highmutsig/constcoal_homochronous_expgrowth_slow_highmutsig.T43.trees,0
/cluster/work/stadler/beckermar/BESP_paper-analyses/scripts/../results/pop_size_simulations/simulation_results_combined/homochronous_independent/constcoal/expgrowth_slow/highmutsig/constcoal_homochronous_expgrowth_slow_highmutsig.T44.trees,0
/cluster/work/stadler/beckermar/BESP_paper-analyses/scripts/../results/pop_size_simulations/simulation_results_combined/homochronous_independent/constcoal/expgrowth_slow/highmutsig/constcoal_homochronous_expgrowth_slow_highmutsig.T45.trees,0
/cluster/work/stadler/beckermar/BESP_paper-analyses/scripts/../results/pop_size_simulations/simulation_results_combined/homochronous_independent/constcoal/expgrowth_slow/highmutsig/constcoal_homochronous_expgrowth_slow_highmutsig.T46.trees,0
/cluster/work/stadler/beckermar/BESP_paper-analyses/scripts/../results/pop_size_simulations/simulation_results_combined/homochronous_independent/constcoal/expgrowth_slow/highmutsig/constcoal_homochronous_expgrowth_slow_highmutsig.T47.trees,0
/cluster/work/stadler/beckermar/BESP_paper-analyses/scripts/../results/pop_size_simulations/simulation_results_combined/homochronous_independent/constcoal/expgrowth_slow/highmutsig/constcoal_homochronous_expgrowth_slow_highmutsig.T48.trees,0
/cluster/work/stadler/beckermar/BESP_paper-analyses/scripts/../results/pop_size_simulations/simulation_results_combined/homochronous_independent/constcoal/expgrowth_slow/highmutsig/constcoal_homochronous_expgrowth_slow_highmutsig.T49.trees,0
/cluster/work/stadler/beckermar/BESP_paper-analyses/scripts/../results/pop_size_simulations/simulation_results_combined/homochronous_independent/constcoal/expgrowth_slow/highmutsig/constcoal_homochronous_expgrowth_slow_highmutsig.T5.trees,0
/cluster/work/stadler/beckermar/BESP_paper-analyses/scripts/../results/pop_size_simulations/simulation_results_combined/homochronous_independent/constcoal/expgrowth_slow/highmutsig/constcoal_homochronous_expgrowth_slow_highmutsig.T50.trees,0
/cluster/work/stadler/beckermar/BESP_paper-analyses/scripts/../results/pop_size_simulations/simulation_results_combined/homochronous_independent/constcoal/expgrowth_slow/highmutsig/constcoal_homochronous_expgrowth_slow_highmutsig.T51.trees,0
/cluster/work/stadler/beckermar/BESP_paper-analyses/scripts/../results/pop_size_simulations/simulation_results_combined/homochronous_independent/constcoal/expgrowth_slow/highmutsig/constcoal_homochronous_expgrowth_slow_highmutsig.T52.trees,0
/cluster/work/stadler/beckermar/BESP_paper-analyses/scripts/../results/pop_size_simulations/simulation_results_combined/homochronous_independent/constcoal/expgrowth_slow/highmutsig/constcoal_homochronous_expgrowth_slow_highmutsig.T53.trees,0
/cluster/work/stadler/beckermar/BESP_paper-analyses/scripts/../results/pop_size_simulations/simulation_results_combined/homochronous_independent/constcoal/expgrowth_slow/highmutsig/constcoal_homochronous_expgrowth_slow_highmutsig.T54.trees,0
/cluster/work/stadler/beckermar/BESP_paper-analyses/scripts/../results/pop_size_simulations/simulation_results_combined/homochronous_independent/constcoal/expgrowth_slow/highmutsig/constcoal_homochronous_expgrowth_slow_highmutsig.T55.trees,0
/cluster/work/stadler/beckermar/BESP_paper-analyses/scripts/../results/pop_size_simulations/simulation_results_combined/homochronous_independent/constcoal/expgrowth_slow/highmutsig/constcoal_homochronous_expgrowth_slow_highmutsig.T56.trees,0
/cluster/work/stadler/beckermar/BESP_paper-analyses/scripts/../results/pop_size_simulations/simulation_results_combined/homochronous_independent/constcoal/expgrowth_slow/highmutsig/constcoal_homochronous_expgrowth_slow_highmutsig.T57.trees,0
/cluster/work/stadler/beckermar/BESP_paper-analyses/scripts/../results/pop_size_simulations/simulation_results_combined/homochronous_independent/constcoal/expgrowth_slow/highmutsig/constcoal_homochronous_expgrowth_slow_highmutsig.T58.trees,0
/cluster/work/stadler/beckermar/BESP_paper-analyses/scripts/../results/pop_size_simulations/simulation_results_combined/homochronous_independent/constcoal/expgrowth_slow/highmutsig/constcoal_homochronous_expgrowth_slow_highmutsig.T59.trees,0
/cluster/work/stadler/beckermar/BESP_paper-analyses/scripts/../results/pop_size_simulations/simulation_results_combined/homochronous_independent/constcoal/expgrowth_slow/highmutsig/constcoal_homochronous_expgrowth_slow_highmutsig.T6.trees,0
/cluster/work/stadler/beckermar/BESP_paper-analyses/scripts/../results/pop_size_simulations/simulation_results_combined/homochronous_independent/constcoal/expgrowth_slow/highmutsig/constcoal_homochronous_expgrowth_slow_highmutsig.T60.trees,0
/cluster/work/stadler/beckermar/BESP_paper-analyses/scripts/../results/pop_size_simulations/simulation_results_combined/homochronous_independent/constcoal/expgrowth_slow/highmutsig/constcoal_homochronous_expgrowth_slow_highmutsig.T61.trees,0
/cluster/work/stadler/beckermar/BESP_paper-analyses/scripts/../results/pop_size_simulations/simulation_results_combined/homochronous_independent/constcoal/expgrowth_slow/highmutsig/constcoal_homochronous_expgrowth_slow_highmutsig.T62.trees,0
/cluster/work/stadler/beckermar/BESP_paper-analyses/scripts/../results/pop_size_simulations/simulation_results_combined/homochronous_independent/constcoal/expgrowth_slow/highmutsig/constcoal_homochronous_expgrowth_slow_highmutsig.T63.trees,0
/cluster/work/stadler/beckermar/BESP_paper-analyses/scripts/../results/pop_size_simulations/simulation_results_combined/homochronous_independent/constcoal/expgrowth_slow/highmutsig/constcoal_homochronous_expgrowth_slow_highmutsig.T64.trees,0
/cluster/work/stadler/beckermar/BESP_paper-analyses/scripts/../results/pop_size_simulations/simulation_results_combined/homochronous_independent/constcoal/expgrowth_slow/highmutsig/constcoal_homochronous_expgrowth_slow_highmutsig.T65.trees,0
/cluster/work/stadler/beckermar/BESP_paper-analyses/scripts/../results/pop_size_simulations/simulation_results_combined/homochronous_independent/constcoal/expgrowth_slow/highmutsig/constcoal_homochronous_expgrowth_slow_highmutsig.T66.trees,0
/cluster/work/stadler/beckermar/BESP_paper-analyses/scripts/../results/pop_size_simulations/simulation_results_combined/homochronous_independent/constcoal/expgrowth_slow/highmutsig/constcoal_homochronous_expgrowth_slow_highmutsig.T67.trees,0
/cluster/work/stadler/beckermar/BESP_paper-analyses/scripts/../results/pop_size_simulations/simulation_results_combined/homochronous_independent/constcoal/expgrowth_slow/highmutsig/constcoal_homochronous_expgrowth_slow_highmutsig.T68.trees,0
/cluster/work/stadler/beckermar/BESP_paper-analyses/scripts/../results/pop_size_simulations/simulation_results_combined/homochronous_independent/constcoal/expgrowth_slow/highmutsig/constcoal_homochronous_expgrowth_slow_highmutsig.T69.trees,0
/cluster/work/stadler/beckermar/BESP_paper-analyses/scripts/../results/pop_size_simulations/simulation_results_combined/homochronous_independent/constcoal/expgrowth_slow/highmutsig/constcoal_homochronous_expgrowth_slow_highmutsig.T7.trees,0
/cluster/work/stadler/beckermar/BESP_paper-analyses/scripts/../results/pop_size_simulations/simulation_results_combined/homochronous_independent/constcoal/expgrowth_slow/highmutsig/constcoal_homochronous_expgrowth_slow_highmutsig.T70.trees,0
/cluster/work/stadler/beckermar/BESP_paper-analyses/scripts/../results/pop_size_simulations/simulation_results_combined/homochronous_independent/constcoal/expgrowth_slow/highmutsig/constcoal_homochronous_expgrowth_slow_highmutsig.T71.trees,0
/cluster/work/stadler/beckermar/BESP_paper-analyses/scripts/../results/pop_size_simulations/simulation_results_combined/homochronous_independent/constcoal/expgrowth_slow/highmutsig/constcoal_homochronous_expgrowth_slow_highmutsig.T72.trees,0
/cluster/work/stadler/beckermar/BESP_paper-analyses/scripts/../results/pop_size_simulations/simulation_results_combined/homochronous_independent/constcoal/expgrowth_slow/highmutsig/constcoal_homochronous_expgrowth_slow_highmutsig.T73.trees,0
/cluster/work/stadler/beckermar/BESP_paper-analyses/scripts/../results/pop_size_simulations/simulation_results_combined/homochronous_independent/constcoal/expgrowth_slow/highmutsig/constcoal_homochronous_expgrowth_slow_highmutsig.T74.trees,0
/cluster/work/stadler/beckermar/BESP_paper-analyses/scripts/../results/pop_size_simulations/simulation_results_combined/homochronous_independent/constcoal/expgrowth_slow/highmutsig/constcoal_homochronous_expgrowth_slow_highmutsig.T75.trees,0
/cluster/work/stadler/beckermar/BESP_paper-analyses/scripts/../results/pop_size_simulations/simulation_results_combined/homochronous_independent/constcoal/expgrowth_slow/highmutsig/constcoal_homochronous_expgrowth_slow_highmutsig.T76.trees,0
/cluster/work/stadler/beckermar/BESP_paper-analyses/scripts/../results/pop_size_simulations/simulation_results_combined/homochronous_independent/constcoal/expgrowth_slow/highmutsig/constcoal_homochronous_expgrowth_slow_highmutsig.T77.trees,0
/cluster/work/stadler/beckermar/BESP_paper-analyses/scripts/../results/pop_size_simulations/simulation_results_combined/homochronous_independent/constcoal/expgrowth_slow/highmutsig/constcoal_homochronous_expgrowth_slow_highmutsig.T78.trees,0
/cluster/work/stadler/beckermar/BESP_paper-analyses/scripts/../results/pop_size_simulations/simulation_results_combined/homochronous_independent/constcoal/expgrowth_slow/highmutsig/constcoal_homochronous_expgrowth_slow_highmutsig.T79.trees,0
/cluster/work/stadler/beckermar/BESP_paper-analyses/scripts/../results/pop_size_simulations/simulation_results_combined/homochronous_independent/constcoal/expgrowth_slow/highmutsig/constcoal_homochronous_expgrowth_slow_highmutsig.T8.trees,0
/cluster/work/stadler/beckermar/BESP_paper-analyses/scripts/../results/pop_size_simulations/simulation_results_combined/homochronous_independent/constcoal/expgrowth_slow/highmutsig/constcoal_homochronous_expgrowth_slow_highmutsig.T80.trees,0
/cluster/work/stadler/beckermar/BESP_paper-analyses/scripts/../results/pop_size_simulations/simulation_results_combined/homochronous_independent/constcoal/expgrowth_slow/highmutsig/constcoal_homochronous_expgrowth_slow_highmutsig.T81.trees,0
/cluster/work/stadler/beckermar/BESP_paper-analyses/scripts/../results/pop_size_simulations/simulation_results_combined/homochronous_independent/constcoal/expgrowth_slow/highmutsig/constcoal_homochronous_expgrowth_slow_highmutsig.T82.trees,0
/cluster/work/stadler/beckermar/BESP_paper-analyses/scripts/../results/pop_size_simulations/simulation_results_combined/homochronous_independent/constcoal/expgrowth_slow/highmutsig/constcoal_homochronous_expgrowth_slow_highmutsig.T83.trees,0
/cluster/work/stadler/beckermar/BESP_paper-analyses/scripts/../results/pop_size_simulations/simulation_results_combined/homochronous_independent/constcoal/expgrowth_slow/highmutsig/constcoal_homochronous_expgrowth_slow_highmutsig.T84.trees,0
/cluster/work/stadler/beckermar/BESP_paper-analyses/scripts/../results/pop_size_simulations/simulation_results_combined/homochronous_independent/constcoal/expgrowth_slow/highmutsig/constcoal_homochronous_expgrowth_slow_highmutsig.T85.trees,0
/cluster/work/stadler/beckermar/BESP_paper-analyses/scripts/../results/pop_size_simulations/simulation_results_combined/homochronous_independent/constcoal/expgrowth_slow/highmutsig/constcoal_homochronous_expgrowth_slow_highmutsig.T86.trees,0
/cluster/work/stadler/beckermar/BESP_paper-analyses/scripts/../results/pop_size_simulations/simulation_results_combined/homochronous_independent/constcoal/expgrowth_slow/highmutsig/constcoal_homochronous_expgrowth_slow_highmutsig.T87.trees,0
/cluster/work/stadler/beckermar/BESP_paper-analyses/scripts/../results/pop_size_simulations/simulation_results_combined/homochronous_independent/constcoal/expgrowth_slow/highmutsig/constcoal_homochronous_expgrowth_slow_highmutsig.T88.trees,0
/cluster/work/stadler/beckermar/BESP_paper-analyses/scripts/../results/pop_size_simulations/simulation_results_combined/homochronous_independent/constcoal/expgrowth_slow/highmutsig/constcoal_homochronous_expgrowth_slow_highmutsig.T89.trees,0
/cluster/work/stadler/beckermar/BESP_paper-analyses/scripts/../results/pop_size_simulations/simulation_results_combined/homochronous_independent/constcoal/expgrowth_slow/highmutsig/constcoal_homochronous_expgrowth_slow_highmutsig.T9.trees,0
/cluster/work/stadler/beckermar/BESP_paper-analyses/scripts/../results/pop_size_simulations/simulation_results_combined/homochronous_independent/constcoal/expgrowth_slow/highmutsig/constcoal_homochronous_expgrowth_slow_highmutsig.T90.trees,0
/cluster/work/stadler/beckermar/BESP_paper-analyses/scripts/../results/pop_size_simulations/simulation_results_combined/homochronous_independent/constcoal/expgrowth_slow/highmutsig/constcoal_homochronous_expgrowth_slow_highmutsig.T91.trees,0
/cluster/work/stadler/beckermar/BESP_paper-analyses/scripts/../results/pop_size_simulations/simulation_results_combined/homochronous_independent/constcoal/expgrowth_slow/highmutsig/constcoal_homochronous_expgrowth_slow_highmutsig.T92.trees,0
/cluster/work/stadler/beckermar/BESP_paper-analyses/scripts/../results/pop_size_simulations/simulation_results_combined/homochronous_independent/constcoal/expgrowth_slow/highmutsig/constcoal_homochronous_expgrowth_slow_highmutsig.T93.trees,0
/cluster/work/stadler/beckermar/BESP_paper-analyses/scripts/../results/pop_size_simulations/simulation_results_combined/homochronous_independent/constcoal/expgrowth_slow/highmutsig/constcoal_homochronous_expgrowth_slow_highmutsig.T94.trees,0
/cluster/work/stadler/beckermar/BESP_paper-analyses/scripts/../results/pop_size_simulations/simulation_results_combined/homochronous_independent/constcoal/expgrowth_slow/highmutsig/constcoal_homochronous_expgrowth_slow_highmutsig.T95.trees,0
/cluster/work/stadler/beckermar/BESP_paper-analyses/scripts/../results/pop_size_simulations/simulation_results_combined/homochronous_independent/constcoal/expgrowth_slow/highmutsig/constcoal_homochronous_expgrowth_slow_highmutsig.T96.trees,0
/cluster/work/stadler/beckermar/BESP_paper-analyses/scripts/../results/pop_size_simulations/simulation_results_combined/homochronous_independent/constcoal/expgrowth_slow/highmutsig/constcoal_homochronous_expgrowth_slow_highmutsig.T97.trees,0
/cluster/work/stadler/beckermar/BESP_paper-analyses/scripts/../results/pop_size_simulations/simulation_results_combined/homochronous_independent/constcoal/expgrowth_slow/highmutsig/constcoal_homochronous_expgrowth_slow_highmutsig.T98.trees,0
/cluster/work/stadler/beckermar/BESP_paper-analyses/scripts/../results/pop_size_simulations/simulation_results_combined/homochronous_independent/constcoal/expgrowth_slow/highmutsig/constcoal_homochronous_expgrowth_slow_highmutsig.T99.trees,0
/cluster/work/stadler/beckermar/BESP_paper-analyses/scripts/../results/pop_size_simulations/simulation_results_combined/homochronous_independent/constcoal/expgrowth_slow/lowmutsig/constcoal_homochronous_expgrowth_slow_lowmutsig.T0.trees,0
/cluster/work/stadler/beckermar/BESP_paper-analyses/scripts/../results/pop_size_simulations/simulation_results_combined/homochronous_independent/constcoal/expgrowth_slow/lowmutsig/constcoal_homochronous_expgrowth_slow_lowmutsig.T1.trees,0
/cluster/work/stadler/beckermar/BESP_paper-analyses/scripts/../results/pop_size_simulations/simulation_results_combined/homochronous_independent/constcoal/expgrowth_slow/lowmutsig/constcoal_homochronous_expgrowth_slow_lowmutsig.T10.trees,0
/cluster/work/stadler/beckermar/BESP_paper-analyses/scripts/../results/pop_size_simulations/simulation_results_combined/homochronous_independent/constcoal/expgrowth_slow/lowmutsig/constcoal_homochronous_expgrowth_slow_lowmutsig.T11.trees,0
/cluster/work/stadler/beckermar/BESP_paper-analyses/scripts/../results/pop_size_simulations/simulation_results_combined/homochronous_independent/constcoal/expgrowth_slow/lowmutsig/constcoal_homochronous_expgrowth_slow_lowmutsig.T12.trees,0
/cluster/work/stadler/beckermar/BESP_paper-analyses/scripts/../results/pop_size_simulations/simulation_results_combined/homochronous_independent/constcoal/expgrowth_slow/lowmutsig/constcoal_homochronous_expgrowth_slow_lowmutsig.T13.trees,0
/cluster/work/stadler/beckermar/BESP_paper-analyses/scripts/../results/pop_size_simulations/simulation_results_combined/homochronous_independent/constcoal/expgrowth_slow/lowmutsig/constcoal_homochronous_expgrowth_slow_lowmutsig.T14.trees,0
/cluster/work/stadler/beckermar/BESP_paper-analyses/scripts/../results/pop_size_simulations/simulation_results_combined/homochronous_independent/constcoal/expgrowth_slow/lowmutsig/constcoal_homochronous_expgrowth_slow_lowmutsig.T15.trees,0
/cluster/work/stadler/beckermar/BESP_paper-analyses/scripts/../results/pop_size_simulations/simulation_results_combined/homochronous_independent/constcoal/expgrowth_slow/lowmutsig/constcoal_homochronous_expgrowth_slow_lowmutsig.T16.trees,0
/cluster/work/stadler/beckermar/BESP_paper-analyses/scripts/../results/pop_size_simulations/simulation_results_combined/homochronous_independent/constcoal/expgrowth_slow/lowmutsig/constcoal_homochronous_expgrowth_slow_lowmutsig.T17.trees,0
/cluster/work/stadler/beckermar/BESP_paper-analyses/scripts/../results/pop_size_simulations/simulation_results_combined/homochronous_independent/constcoal/expgrowth_slow/lowmutsig/constcoal_homochronous_expgrowth_slow_lowmutsig.T18.trees,0
/cluster/work/stadler/beckermar/BESP_paper-analyses/scripts/../results/pop_size_simulations/simulation_results_combined/homochronous_independent/constcoal/expgrowth_slow/lowmutsig/constcoal_homochronous_expgrowth_slow_lowmutsig.T19.trees,0
/cluster/work/stadler/beckermar/BESP_paper-analyses/scripts/../results/pop_size_simulations/simulation_results_combined/homochronous_independent/constcoal/expgrowth_slow/lowmutsig/constcoal_homochronous_expgrowth_slow_lowmutsig.T2.trees,0
/cluster/work/stadler/beckermar/BESP_paper-analyses/scripts/../results/pop_size_simulations/simulation_results_combined/homochronous_independent/constcoal/expgrowth_slow/lowmutsig/constcoal_homochronous_expgrowth_slow_lowmutsig.T20.trees,0
/cluster/work/stadler/beckermar/BESP_paper-analyses/scripts/../results/pop_size_simulations/simulation_results_combined/homochronous_independent/constcoal/expgrowth_slow/lowmutsig/constcoal_homochronous_expgrowth_slow_lowmutsig.T21.trees,0
/cluster/work/stadler/beckermar/BESP_paper-analyses/scripts/../results/pop_size_simulations/simulation_results_combined/homochronous_independent/constcoal/expgrowth_slow/lowmutsig/constcoal_homochronous_expgrowth_slow_lowmutsig.T22.trees,0
/cluster/work/stadler/beckermar/BESP_paper-analyses/scripts/../results/pop_size_simulations/simulation_results_combined/homochronous_independent/constcoal/expgrowth_slow/lowmutsig/constcoal_homochronous_expgrowth_slow_lowmutsig.T23.trees,0
/cluster/work/stadler/beckermar/BESP_paper-analyses/scripts/../results/pop_size_simulations/simulation_results_combined/homochronous_independent/constcoal/expgrowth_slow/lowmutsig/constcoal_homochronous_expgrowth_slow_lowmutsig.T24.trees,0
/cluster/work/stadler/beckermar/BESP_paper-analyses/scripts/../results/pop_size_simulations/simulation_results_combined/homochronous_independent/constcoal/expgrowth_slow/lowmutsig/constcoal_homochronous_expgrowth_slow_lowmutsig.T25.trees,0
/cluster/work/stadler/beckermar/BESP_paper-analyses/scripts/../results/pop_size_simulations/simulation_results_combined/homochronous_independent/constcoal/expgrowth_slow/lowmutsig/constcoal_homochronous_expgrowth_slow_lowmutsig.T26.trees,0
/cluster/work/stadler/beckermar/BESP_paper-analyses/scripts/../results/pop_size_simulations/simulation_results_combined/homochronous_independent/constcoal/expgrowth_slow/lowmutsig/constcoal_homochronous_expgrowth_slow_lowmutsig.T27.trees,0
/cluster/work/stadler/beckermar/BESP_paper-analyses/scripts/../results/pop_size_simulations/simulation_results_combined/homochronous_independent/constcoal/expgrowth_slow/lowmutsig/constcoal_homochronous_expgrowth_slow_lowmutsig.T28.trees,0
/cluster/work/stadler/beckermar/BESP_paper-analyses/scripts/../results/pop_size_simulations/simulation_results_combined/homochronous_independent/constcoal/expgrowth_slow/lowmutsig/constcoal_homochronous_expgrowth_slow_lowmutsig.T29.trees,0
/cluster/work/stadler/beckermar/BESP_paper-analyses/scripts/../results/pop_size_simulations/simulation_results_combined/homochronous_independent/constcoal/expgrowth_slow/lowmutsig/constcoal_homochronous_expgrowth_slow_lowmutsig.T3.trees,0
/cluster/work/stadler/beckermar/BESP_paper-analyses/scripts/../results/pop_size_simulations/simulation_results_combined/homochronous_independent/constcoal/expgrowth_slow/lowmutsig/constcoal_homochronous_expgrowth_slow_lowmutsig.T30.trees,0
/cluster/work/stadler/beckermar/BESP_paper-analyses/scripts/../results/pop_size_simulations/simulation_results_combined/homochronous_independent/constcoal/expgrowth_slow/lowmutsig/constcoal_homochronous_expgrowth_slow_lowmutsig.T31.trees,0
/cluster/work/stadler/beckermar/BESP_paper-analyses/scripts/../results/pop_size_simulations/simulation_results_combined/homochronous_independent/constcoal/expgrowth_slow/lowmutsig/constcoal_homochronous_expgrowth_slow_lowmutsig.T32.trees,0
/cluster/work/stadler/beckermar/BESP_paper-analyses/scripts/../results/pop_size_simulations/simulation_results_combined/homochronous_independent/constcoal/expgrowth_slow/lowmutsig/constcoal_homochronous_expgrowth_slow_lowmutsig.T33.trees,0
/cluster/work/stadler/beckermar/BESP_paper-analyses/scripts/../results/pop_size_simulations/simulation_results_combined/homochronous_independent/constcoal/expgrowth_slow/lowmutsig/constcoal_homochronous_expgrowth_slow_lowmutsig.T34.trees,0
/cluster/work/stadler/beckermar/BESP_paper-analyses/scripts/../results/pop_size_simulations/simulation_results_combined/homochronous_independent/constcoal/expgrowth_slow/lowmutsig/constcoal_homochronous_expgrowth_slow_lowmutsig.T35.trees,0
/cluster/work/stadler/beckermar/BESP_paper-analyses/scripts/../results/pop_size_simulations/simulation_results_combined/homochronous_independent/constcoal/expgrowth_slow/lowmutsig/constcoal_homochronous_expgrowth_slow_lowmutsig.T36.trees,0
/cluster/work/stadler/beckermar/BESP_paper-analyses/scripts/../results/pop_size_simulations/simulation_results_combined/homochronous_independent/constcoal/expgrowth_slow/lowmutsig/constcoal_homochronous_expgrowth_slow_lowmutsig.T37.trees,0
/cluster/work/stadler/beckermar/BESP_paper-analyses/scripts/../results/pop_size_simulations/simulation_results_combined/homochronous_independent/constcoal/expgrowth_slow/lowmutsig/constcoal_homochronous_expgrowth_slow_lowmutsig.T38.trees,0
/cluster/work/stadler/beckermar/BESP_paper-analyses/scripts/../results/pop_size_simulations/simulation_results_combined/homochronous_independent/constcoal/expgrowth_slow/lowmutsig/constcoal_homochronous_expgrowth_slow_lowmutsig.T39.trees,0
/cluster/work/stadler/beckermar/BESP_paper-analyses/scripts/../results/pop_size_simulations/simulation_results_combined/homochronous_independent/constcoal/expgrowth_slow/lowmutsig/constcoal_homochronous_expgrowth_slow_lowmutsig.T4.trees,0
/cluster/work/stadler/beckermar/BESP_paper-analyses/scripts/../results/pop_size_simulations/simulation_results_combined/homochronous_independent/constcoal/expgrowth_slow/lowmutsig/constcoal_homochronous_expgrowth_slow_lowmutsig.T40.trees,0
/cluster/work/stadler/beckermar/BESP_paper-analyses/scripts/../results/pop_size_simulations/simulation_results_combined/homochronous_independent/constcoal/expgrowth_slow/lowmutsig/constcoal_homochronous_expgrowth_slow_lowmutsig.T41.trees,0
/cluster/work/stadler/beckermar/BESP_paper-analyses/scripts/../results/pop_size_simulations/simulation_results_combined/homochronous_independent/constcoal/expgrowth_slow/lowmutsig/constcoal_homochronous_expgrowth_slow_lowmutsig.T42.trees,0
/cluster/work/stadler/beckermar/BESP_paper-analyses/scripts/../results/pop_size_simulations/simulation_results_combined/homochronous_independent/constcoal/expgrowth_slow/lowmutsig/constcoal_homochronous_expgrowth_slow_lowmutsig.T43.trees,0
/cluster/work/stadler/beckermar/BESP_paper-analyses/scripts/../results/pop_size_simulations/simulation_results_combined/homochronous_independent/constcoal/expgrowth_slow/lowmutsig/constcoal_homochronous_expgrowth_slow_lowmutsig.T44.trees,0
/cluster/work/stadler/beckermar/BESP_paper-analyses/scripts/../results/pop_size_simulations/simulation_results_combined/homochronous_independent/constcoal/expgrowth_slow/lowmutsig/constcoal_homochronous_expgrowth_slow_lowmutsig.T45.trees,0
/cluster/work/stadler/beckermar/BESP_paper-analyses/scripts/../results/pop_size_simulations/simulation_results_combined/homochronous_independent/constcoal/expgrowth_slow/lowmutsig/constcoal_homochronous_expgrowth_slow_lowmutsig.T46.trees,0
/cluster/work/stadler/beckermar/BESP_paper-analyses/scripts/../results/pop_size_simulations/simulation_results_combined/homochronous_independent/constcoal/expgrowth_slow/lowmutsig/constcoal_homochronous_expgrowth_slow_lowmutsig.T47.trees,0
/cluster/work/stadler/beckermar/BESP_paper-analyses/scripts/../results/pop_size_simulations/simulation_results_combined/homochronous_independent/constcoal/expgrowth_slow/lowmutsig/constcoal_homochronous_expgrowth_slow_lowmutsig.T48.trees,0
/cluster/work/stadler/beckermar/BESP_paper-analyses/scripts/../results/pop_size_simulations/simulation_results_combined/homochronous_independent/constcoal/expgrowth_slow/lowmutsig/constcoal_homochronous_expgrowth_slow_lowmutsig.T49.trees,0
/cluster/work/stadler/beckermar/BESP_paper-analyses/scripts/../results/pop_size_simulations/simulation_results_combined/homochronous_independent/constcoal/expgrowth_slow/lowmutsig/constcoal_homochronous_expgrowth_slow_lowmutsig.T5.trees,0
/cluster/work/stadler/beckermar/BESP_paper-analyses/scripts/../results/pop_size_simulations/simulation_results_combined/homochronous_independent/constcoal/expgrowth_slow/lowmutsig/constcoal_homochronous_expgrowth_slow_lowmutsig.T50.trees,0
/cluster/work/stadler/beckermar/BESP_paper-analyses/scripts/../results/pop_size_simulations/simulation_results_combined/homochronous_independent/constcoal/expgrowth_slow/lowmutsig/constcoal_homochronous_expgrowth_slow_lowmutsig.T51.trees,0
/cluster/work/stadler/beckermar/BESP_paper-analyses/scripts/../results/pop_size_simulations/simulation_results_combined/homochronous_independent/constcoal/expgrowth_slow/lowmutsig/constcoal_homochronous_expgrowth_slow_lowmutsig.T52.trees,0
/cluster/work/stadler/beckermar/BESP_paper-analyses/scripts/../results/pop_size_simulations/simulation_results_combined/homochronous_independent/constcoal/expgrowth_slow/lowmutsig/constcoal_homochronous_expgrowth_slow_lowmutsig.T53.trees,0
/cluster/work/stadler/beckermar/BESP_paper-analyses/scripts/../results/pop_size_simulations/simulation_results_combined/homochronous_independent/constcoal/expgrowth_slow/lowmutsig/constcoal_homochronous_expgrowth_slow_lowmutsig.T54.trees,0
/cluster/work/stadler/beckermar/BESP_paper-analyses/scripts/../results/pop_size_simulations/simulation_results_combined/homochronous_independent/constcoal/expgrowth_slow/lowmutsig/constcoal_homochronous_expgrowth_slow_lowmutsig.T55.trees,0
/cluster/work/stadler/beckermar/BESP_paper-analyses/scripts/../results/pop_size_simulations/simulation_results_combined/homochronous_independent/constcoal/expgrowth_slow/lowmutsig/constcoal_homochronous_expgrowth_slow_lowmutsig.T56.trees,0
/cluster/work/stadler/beckermar/BESP_paper-analyses/scripts/../results/pop_size_simulations/simulation_results_combined/homochronous_independent/constcoal/expgrowth_slow/lowmutsig/constcoal_homochronous_expgrowth_slow_lowmutsig.T57.trees,0
/cluster/work/stadler/beckermar/BESP_paper-analyses/scripts/../results/pop_size_simulations/simulation_results_combined/homochronous_independent/constcoal/expgrowth_slow/lowmutsig/constcoal_homochronous_expgrowth_slow_lowmutsig.T58.trees,0
/cluster/work/stadler/beckermar/BESP_paper-analyses/scripts/../results/pop_size_simulations/simulation_results_combined/homochronous_independent/constcoal/expgrowth_slow/lowmutsig/constcoal_homochronous_expgrowth_slow_lowmutsig.T59.trees,0
/cluster/work/stadler/beckermar/BESP_paper-analyses/scripts/../results/pop_size_simulations/simulation_results_combined/homochronous_independent/constcoal/expgrowth_slow/lowmutsig/constcoal_homochronous_expgrowth_slow_lowmutsig.T6.trees,0
/cluster/work/stadler/beckermar/BESP_paper-analyses/scripts/../results/pop_size_simulations/simulation_results_combined/homochronous_independent/constcoal/expgrowth_slow/lowmutsig/constcoal_homochronous_expgrowth_slow_lowmutsig.T60.trees,0
/cluster/work/stadler/beckermar/BESP_paper-analyses/scripts/../results/pop_size_simulations/simulation_results_combined/homochronous_independent/constcoal/expgrowth_slow/lowmutsig/constcoal_homochronous_expgrowth_slow_lowmutsig.T61.trees,0
/cluster/work/stadler/beckermar/BESP_paper-analyses/scripts/../results/pop_size_simulations/simulation_results_combined/homochronous_independent/constcoal/expgrowth_slow/lowmutsig/constcoal_homochronous_expgrowth_slow_lowmutsig.T62.trees,0
/cluster/work/stadler/beckermar/BESP_paper-analyses/scripts/../results/pop_size_simulations/simulation_results_combined/homochronous_independent/constcoal/expgrowth_slow/lowmutsig/constcoal_homochronous_expgrowth_slow_lowmutsig.T63.trees,0
/cluster/work/stadler/beckermar/BESP_paper-analyses/scripts/../results/pop_size_simulations/simulation_results_combined/homochronous_independent/constcoal/expgrowth_slow/lowmutsig/constcoal_homochronous_expgrowth_slow_lowmutsig.T64.trees,0
/cluster/work/stadler/beckermar/BESP_paper-analyses/scripts/../results/pop_size_simulations/simulation_results_combined/homochronous_independent/constcoal/expgrowth_slow/lowmutsig/constcoal_homochronous_expgrowth_slow_lowmutsig.T65.trees,0
/cluster/work/stadler/beckermar/BESP_paper-analyses/scripts/../results/pop_size_simulations/simulation_results_combined/homochronous_independent/constcoal/expgrowth_slow/lowmutsig/constcoal_homochronous_expgrowth_slow_lowmutsig.T66.trees,0
/cluster/work/stadler/beckermar/BESP_paper-analyses/scripts/../results/pop_size_simulations/simulation_results_combined/homochronous_independent/constcoal/expgrowth_slow/lowmutsig/constcoal_homochronous_expgrowth_slow_lowmutsig.T67.trees,0
/cluster/work/stadler/beckermar/BESP_paper-analyses/scripts/../results/pop_size_simulations/simulation_results_combined/homochronous_independent/constcoal/expgrowth_slow/lowmutsig/constcoal_homochronous_expgrowth_slow_lowmutsig.T68.trees,0
/cluster/work/stadler/beckermar/BESP_paper-analyses/scripts/../results/pop_size_simulations/simulation_results_combined/homochronous_independent/constcoal/expgrowth_slow/lowmutsig/constcoal_homochronous_expgrowth_slow_lowmutsig.T69.trees,0
/cluster/work/stadler/beckermar/BESP_paper-analyses/scripts/../results/pop_size_simulations/simulation_results_combined/homochronous_independent/constcoal/expgrowth_slow/lowmutsig/constcoal_homochronous_expgrowth_slow_lowmutsig.T7.trees,0
/cluster/work/stadler/beckermar/BESP_paper-analyses/scripts/../results/pop_size_simulations/simulation_results_combined/homochronous_independent/constcoal/expgrowth_slow/lowmutsig/constcoal_homochronous_expgrowth_slow_lowmutsig.T70.trees,0
/cluster/work/stadler/beckermar/BESP_paper-analyses/scripts/../results/pop_size_simulations/simulation_results_combined/homochronous_independent/constcoal/expgrowth_slow/lowmutsig/constcoal_homochronous_expgrowth_slow_lowmutsig.T71.trees,0
/cluster/work/stadler/beckermar/BESP_paper-analyses/scripts/../results/pop_size_simulations/simulation_results_combined/homochronous_independent/constcoal/expgrowth_slow/lowmutsig/constcoal_homochronous_expgrowth_slow_lowmutsig.T72.trees,0
/cluster/work/stadler/beckermar/BESP_paper-analyses/scripts/../results/pop_size_simulations/simulation_results_combined/homochronous_independent/constcoal/expgrowth_slow/lowmutsig/constcoal_homochronous_expgrowth_slow_lowmutsig.T73.trees,0
/cluster/work/stadler/beckermar/BESP_paper-analyses/scripts/../results/pop_size_simulations/simulation_results_combined/homochronous_independent/constcoal/expgrowth_slow/lowmutsig/constcoal_homochronous_expgrowth_slow_lowmutsig.T74.trees,0
/cluster/work/stadler/beckermar/BESP_paper-analyses/scripts/../results/pop_size_simulations/simulation_results_combined/homochronous_independent/constcoal/expgrowth_slow/lowmutsig/constcoal_homochronous_expgrowth_slow_lowmutsig.T75.trees,0
/cluster/work/stadler/beckermar/BESP_paper-analyses/scripts/../results/pop_size_simulations/simulation_results_combined/homochronous_independent/constcoal/expgrowth_slow/lowmutsig/constcoal_homochronous_expgrowth_slow_lowmutsig.T76.trees,0
/cluster/work/stadler/beckermar/BESP_paper-analyses/scripts/../results/pop_size_simulations/simulation_results_combined/homochronous_independent/constcoal/expgrowth_slow/lowmutsig/constcoal_homochronous_expgrowth_slow_lowmutsig.T77.trees,0
/cluster/work/stadler/beckermar/BESP_paper-analyses/scripts/../results/pop_size_simulations/simulation_results_combined/homochronous_independent/constcoal/expgrowth_slow/lowmutsig/constcoal_homochronous_expgrowth_slow_lowmutsig.T78.trees,0
/cluster/work/stadler/beckermar/BESP_paper-analyses/scripts/../results/pop_size_simulations/simulation_results_combined/homochronous_independent/constcoal/expgrowth_slow/lowmutsig/constcoal_homochronous_expgrowth_slow_lowmutsig.T79.trees,0
/cluster/work/stadler/beckermar/BESP_paper-analyses/scripts/../results/pop_size_simulations/simulation_results_combined/homochronous_independent/constcoal/expgrowth_slow/lowmutsig/constcoal_homochronous_expgrowth_slow_lowmutsig.T8.trees,0
/cluster/work/stadler/beckermar/BESP_paper-analyses/scripts/../results/pop_size_simulations/simulation_results_combined/homochronous_independent/constcoal/expgrowth_slow/lowmutsig/constcoal_homochronous_expgrowth_slow_lowmutsig.T80.trees,0
/cluster/work/stadler/beckermar/BESP_paper-analyses/scripts/../results/pop_size_simulations/simulation_results_combined/homochronous_independent/constcoal/expgrowth_slow/lowmutsig/constcoal_homochronous_expgrowth_slow_lowmutsig.T81.trees,0
/cluster/work/stadler/beckermar/BESP_paper-analyses/scripts/../results/pop_size_simulations/simulation_results_combined/homochronous_independent/constcoal/expgrowth_slow/lowmutsig/constcoal_homochronous_expgrowth_slow_lowmutsig.T82.trees,0
/cluster/work/stadler/beckermar/BESP_paper-analyses/scripts/../results/pop_size_simulations/simulation_results_combined/homochronous_independent/constcoal/expgrowth_slow/lowmutsig/constcoal_homochronous_expgrowth_slow_lowmutsig.T83.trees,0
/cluster/work/stadler/beckermar/BESP_paper-analyses/scripts/../results/pop_size_simulations/simulation_results_combined/homochronous_independent/constcoal/expgrowth_slow/lowmutsig/constcoal_homochronous_expgrowth_slow_lowmutsig.T84.trees,0
/cluster/work/stadler/beckermar/BESP_paper-analyses/scripts/../results/pop_size_simulations/simulation_results_combined/homochronous_independent/constcoal/expgrowth_slow/lowmutsig/constcoal_homochronous_expgrowth_slow_lowmutsig.T85.trees,0
/cluster/work/stadler/beckermar/BESP_paper-analyses/scripts/../results/pop_size_simulations/simulation_results_combined/homochronous_independent/constcoal/expgrowth_slow/lowmutsig/constcoal_homochronous_expgrowth_slow_lowmutsig.T86.trees,0
/cluster/work/stadler/beckermar/BESP_paper-analyses/scripts/../results/pop_size_simulations/simulation_results_combined/homochronous_independent/constcoal/expgrowth_slow/lowmutsig/constcoal_homochronous_expgrowth_slow_lowmutsig.T87.trees,0
/cluster/work/stadler/beckermar/BESP_paper-analyses/scripts/../results/pop_size_simulations/simulation_results_combined/homochronous_independent/constcoal/expgrowth_slow/lowmutsig/constcoal_homochronous_expgrowth_slow_lowmutsig.T88.trees,0
/cluster/work/stadler/beckermar/BESP_paper-analyses/scripts/../results/pop_size_simulations/simulation_results_combined/homochronous_independent/constcoal/expgrowth_slow/lowmutsig/constcoal_homochronous_expgrowth_slow_lowmutsig.T89.trees,0
/cluster/work/stadler/beckermar/BESP_paper-analyses/scripts/../results/pop_size_simulations/simulation_results_combined/homochronous_independent/constcoal/expgrowth_slow/lowmutsig/constcoal_homochronous_expgrowth_slow_lowmutsig.T9.trees,0
/cluster/work/stadler/beckermar/BESP_paper-analyses/scripts/../results/pop_size_simulations/simulation_results_combined/homochronous_independent/constcoal/expgrowth_slow/lowmutsig/constcoal_homochronous_expgrowth_slow_lowmutsig.T90.trees,0
/cluster/work/stadler/beckermar/BESP_paper-analyses/scripts/../results/pop_size_simulations/simulation_results_combined/homochronous_independent/constcoal/expgrowth_slow/lowmutsig/constcoal_homochronous_expgrowth_slow_lowmutsig.T91.trees,0
/cluster/work/stadler/beckermar/BESP_paper-analyses/scripts/../results/pop_size_simulations/simulation_results_combined/homochronous_independent/constcoal/expgrowth_slow/lowmutsig/constcoal_homochronous_expgrowth_slow_lowmutsig.T92.trees,0
/cluster/work/stadler/beckermar/BESP_paper-analyses/scripts/../results/pop_size_simulations/simulation_results_combined/homochronous_independent/constcoal/expgrowth_slow/lowmutsig/constcoal_homochronous_expgrowth_slow_lowmutsig.T93.trees,0
/cluster/work/stadler/beckermar/BESP_paper-analyses/scripts/../results/pop_size_simulations/simulation_results_combined/homochronous_independent/constcoal/expgrowth_slow/lowmutsig/constcoal_homochronous_expgrowth_slow_lowmutsig.T94.trees,0
/cluster/work/stadler/beckermar/BESP_paper-analyses/scripts/../results/pop_size_simulations/simulation_results_combined/homochronous_independent/constcoal/expgrowth_slow/lowmutsig/constcoal_homochronous_expgrowth_slow_lowmutsig.T95.trees,0
/cluster/work/stadler/beckermar/BESP_paper-analyses/scripts/../results/pop_size_simulations/simulation_results_combined/homochronous_independent/constcoal/expgrowth_slow/lowmutsig/constcoal_homochronous_expgrowth_slow_lowmutsig.T96.trees,0
/cluster/work/stadler/beckermar/BESP_paper-analyses/scripts/../results/pop_size_simulations/simulation_results_combined/homochronous_independent/constcoal/expgrowth_slow/lowmutsig/constcoal_homochronous_expgrowth_slow_lowmutsig.T97.trees,0
/cluster/work/stadler/beckermar/BESP_paper-analyses/scripts/../results/pop_size_simulations/simulation_results_combined/homochronous_independent/constcoal/expgrowth_slow/lowmutsig/constcoal_homochronous_expgrowth_slow_lowmutsig.T98.trees,0
/cluster/work/stadler/beckermar/BESP_paper-analyses/scripts/../results/pop_size_simulations/simulation_results_combined/homochronous_independent/constcoal/expgrowth_slow/lowmutsig/constcoal_homochronous_expgrowth_slow_lowmutsig.T99.trees,0
/cluster/work/stadler/beckermar/BESP_paper-analyses/scripts/../results/pop_size_simulations/simulation_results_combined/homochronous_independent/constcoal/expgrowth_slow/medmutsig/constcoal_homochronous_expgrowth_slow_medmutsig.T0.trees,0
/cluster/work/stadler/beckermar/BESP_paper-analyses/scripts/../results/pop_size_simulations/simulation_results_combined/homochronous_independent/constcoal/expgrowth_slow/medmutsig/constcoal_homochronous_expgrowth_slow_medmutsig.T1.trees,0
/cluster/work/stadler/beckermar/BESP_paper-analyses/scripts/../results/pop_size_simulations/simulation_results_combined/homochronous_independent/constcoal/expgrowth_slow/medmutsig/constcoal_homochronous_expgrowth_slow_medmutsig.T10.trees,0
/cluster/work/stadler/beckermar/BESP_paper-analyses/scripts/../results/pop_size_simulations/simulation_results_combined/homochronous_independent/constcoal/expgrowth_slow/medmutsig/constcoal_homochronous_expgrowth_slow_medmutsig.T11.trees,0
/cluster/work/stadler/beckermar/BESP_paper-analyses/scripts/../results/pop_size_simulations/simulation_results_combined/homochronous_independent/constcoal/expgrowth_slow/medmutsig/constcoal_homochronous_expgrowth_slow_medmutsig.T12.trees,0
/cluster/work/stadler/beckermar/BESP_paper-analyses/scripts/../results/pop_size_simulations/simulation_results_combined/homochronous_independent/constcoal/expgrowth_slow/medmutsig/constcoal_homochronous_expgrowth_slow_medmutsig.T13.trees,0
/cluster/work/stadler/beckermar/BESP_paper-analyses/scripts/../results/pop_size_simulations/simulation_results_combined/homochronous_independent/constcoal/expgrowth_slow/medmutsig/constcoal_homochronous_expgrowth_slow_medmutsig.T14.trees,0
/cluster/work/stadler/beckermar/BESP_paper-analyses/scripts/../results/pop_size_simulations/simulation_results_combined/homochronous_independent/constcoal/expgrowth_slow/medmutsig/constcoal_homochronous_expgrowth_slow_medmutsig.T15.trees,0
/cluster/work/stadler/beckermar/BESP_paper-analyses/scripts/../results/pop_size_simulations/simulation_results_combined/homochronous_independent/constcoal/expgrowth_slow/medmutsig/constcoal_homochronous_expgrowth_slow_medmutsig.T16.trees,0
/cluster/work/stadler/beckermar/BESP_paper-analyses/scripts/../results/pop_size_simulations/simulation_results_combined/homochronous_independent/constcoal/expgrowth_slow/medmutsig/constcoal_homochronous_expgrowth_slow_medmutsig.T17.trees,0
/cluster/work/stadler/beckermar/BESP_paper-analyses/scripts/../results/pop_size_simulations/simulation_results_combined/homochronous_independent/constcoal/expgrowth_slow/medmutsig/constcoal_homochronous_expgrowth_slow_medmutsig.T18.trees,0
/cluster/work/stadler/beckermar/BESP_paper-analyses/scripts/../results/pop_size_simulations/simulation_results_combined/homochronous_independent/constcoal/expgrowth_slow/medmutsig/constcoal_homochronous_expgrowth_slow_medmutsig.T19.trees,0
/cluster/work/stadler/beckermar/BESP_paper-analyses/scripts/../results/pop_size_simulations/simulation_results_combined/homochronous_independent/constcoal/expgrowth_slow/medmutsig/constcoal_homochronous_expgrowth_slow_medmutsig.T2.trees,0
/cluster/work/stadler/beckermar/BESP_paper-analyses/scripts/../results/pop_size_simulations/simulation_results_combined/homochronous_independent/constcoal/expgrowth_slow/medmutsig/constcoal_homochronous_expgrowth_slow_medmutsig.T20.trees,0
/cluster/work/stadler/beckermar/BESP_paper-analyses/scripts/../results/pop_size_simulations/simulation_results_combined/homochronous_independent/constcoal/expgrowth_slow/medmutsig/constcoal_homochronous_expgrowth_slow_medmutsig.T21.trees,0
/cluster/work/stadler/beckermar/BESP_paper-analyses/scripts/../results/pop_size_simulations/simulation_results_combined/homochronous_independent/constcoal/expgrowth_slow/medmutsig/constcoal_homochronous_expgrowth_slow_medmutsig.T22.trees,0
/cluster/work/stadler/beckermar/BESP_paper-analyses/scripts/../results/pop_size_simulations/simulation_results_combined/homochronous_independent/constcoal/expgrowth_slow/medmutsig/constcoal_homochronous_expgrowth_slow_medmutsig.T23.trees,0
/cluster/work/stadler/beckermar/BESP_paper-analyses/scripts/../results/pop_size_simulations/simulation_results_combined/homochronous_independent/constcoal/expgrowth_slow/medmutsig/constcoal_homochronous_expgrowth_slow_medmutsig.T24.trees,0
/cluster/work/stadler/beckermar/BESP_paper-analyses/scripts/../results/pop_size_simulations/simulation_results_combined/homochronous_independent/constcoal/expgrowth_slow/medmutsig/constcoal_homochronous_expgrowth_slow_medmutsig.T25.trees,0
/cluster/work/stadler/beckermar/BESP_paper-analyses/scripts/../results/pop_size_simulations/simulation_results_combined/homochronous_independent/constcoal/expgrowth_slow/medmutsig/constcoal_homochronous_expgrowth_slow_medmutsig.T26.trees,0
/cluster/work/stadler/beckermar/BESP_paper-analyses/scripts/../results/pop_size_simulations/simulation_results_combined/homochronous_independent/constcoal/expgrowth_slow/medmutsig/constcoal_homochronous_expgrowth_slow_medmutsig.T27.trees,0
/cluster/work/stadler/beckermar/BESP_paper-analyses/scripts/../results/pop_size_simulations/simulation_results_combined/homochronous_independent/constcoal/expgrowth_slow/medmutsig/constcoal_homochronous_expgrowth_slow_medmutsig.T28.trees,0
/cluster/work/stadler/beckermar/BESP_paper-analyses/scripts/../results/pop_size_simulations/simulation_results_combined/homochronous_independent/constcoal/expgrowth_slow/medmutsig/constcoal_homochronous_expgrowth_slow_medmutsig.T29.trees,0
/cluster/work/stadler/beckermar/BESP_paper-analyses/scripts/../results/pop_size_simulations/simulation_results_combined/homochronous_independent/constcoal/expgrowth_slow/medmutsig/constcoal_homochronous_expgrowth_slow_medmutsig.T3.trees,0
/cluster/work/stadler/beckermar/BESP_paper-analyses/scripts/../results/pop_size_simulations/simulation_results_combined/homochronous_independent/constcoal/expgrowth_slow/medmutsig/constcoal_homochronous_expgrowth_slow_medmutsig.T30.trees,0
/cluster/work/stadler/beckermar/BESP_paper-analyses/scripts/../results/pop_size_simulations/simulation_results_combined/homochronous_independent/constcoal/expgrowth_slow/medmutsig/constcoal_homochronous_expgrowth_slow_medmutsig.T31.trees,0
/cluster/work/stadler/beckermar/BESP_paper-analyses/scripts/../results/pop_size_simulations/simulation_results_combined/homochronous_independent/constcoal/expgrowth_slow/medmutsig/constcoal_homochronous_expgrowth_slow_medmutsig.T32.trees,0
/cluster/work/stadler/beckermar/BESP_paper-analyses/scripts/../results/pop_size_simulations/simulation_results_combined/homochronous_independent/constcoal/expgrowth_slow/medmutsig/constcoal_homochronous_expgrowth_slow_medmutsig.T33.trees,0
/cluster/work/stadler/beckermar/BESP_paper-analyses/scripts/../results/pop_size_simulations/simulation_results_combined/homochronous_independent/constcoal/expgrowth_slow/medmutsig/constcoal_homochronous_expgrowth_slow_medmutsig.T34.trees,0
/cluster/work/stadler/beckermar/BESP_paper-analyses/scripts/../results/pop_size_simulations/simulation_results_combined/homochronous_independent/constcoal/expgrowth_slow/medmutsig/constcoal_homochronous_expgrowth_slow_medmutsig.T35.trees,0
/cluster/work/stadler/beckermar/BESP_paper-analyses/scripts/../results/pop_size_simulations/simulation_results_combined/homochronous_independent/constcoal/expgrowth_slow/medmutsig/constcoal_homochronous_expgrowth_slow_medmutsig.T36.trees,0
/cluster/work/stadler/beckermar/BESP_paper-analyses/scripts/../results/pop_size_simulations/simulation_results_combined/homochronous_independent/constcoal/expgrowth_slow/medmutsig/constcoal_homochronous_expgrowth_slow_medmutsig.T37.trees,0
/cluster/work/stadler/beckermar/BESP_paper-analyses/scripts/../results/pop_size_simulations/simulation_results_combined/homochronous_independent/constcoal/expgrowth_slow/medmutsig/constcoal_homochronous_expgrowth_slow_medmutsig.T38.trees,0
/cluster/work/stadler/beckermar/BESP_paper-analyses/scripts/../results/pop_size_simulations/simulation_results_combined/homochronous_independent/constcoal/expgrowth_slow/medmutsig/constcoal_homochronous_expgrowth_slow_medmutsig.T39.trees,0
/cluster/work/stadler/beckermar/BESP_paper-analyses/scripts/../results/pop_size_simulations/simulation_results_combined/homochronous_independent/constcoal/expgrowth_slow/medmutsig/constcoal_homochronous_expgrowth_slow_medmutsig.T4.trees,0
/cluster/work/stadler/beckermar/BESP_paper-analyses/scripts/../results/pop_size_simulations/simulation_results_combined/homochronous_independent/constcoal/expgrowth_slow/medmutsig/constcoal_homochronous_expgrowth_slow_medmutsig.T40.trees,0
/cluster/work/stadler/beckermar/BESP_paper-analyses/scripts/../results/pop_size_simulations/simulation_results_combined/homochronous_independent/constcoal/expgrowth_slow/medmutsig/constcoal_homochronous_expgrowth_slow_medmutsig.T41.trees,0
/cluster/work/stadler/beckermar/BESP_paper-analyses/scripts/../results/pop_size_simulations/simulation_results_combined/homochronous_independent/constcoal/expgrowth_slow/medmutsig/constcoal_homochronous_expgrowth_slow_medmutsig.T42.trees,0
/cluster/work/stadler/beckermar/BESP_paper-analyses/scripts/../results/pop_size_simulations/simulation_results_combined/homochronous_independent/constcoal/expgrowth_slow/medmutsig/constcoal_homochronous_expgrowth_slow_medmutsig.T43.trees,0
/cluster/work/stadler/beckermar/BESP_paper-analyses/scripts/../results/pop_size_simulations/simulation_results_combined/homochronous_independent/constcoal/expgrowth_slow/medmutsig/constcoal_homochronous_expgrowth_slow_medmutsig.T44.trees,0
/cluster/work/stadler/beckermar/BESP_paper-analyses/scripts/../results/pop_size_simulations/simulation_results_combined/homochronous_independent/constcoal/expgrowth_slow/medmutsig/constcoal_homochronous_expgrowth_slow_medmutsig.T45.trees,0
/cluster/work/stadler/beckermar/BESP_paper-analyses/scripts/../results/pop_size_simulations/simulation_results_combined/homochronous_independent/constcoal/expgrowth_slow/medmutsig/constcoal_homochronous_expgrowth_slow_medmutsig.T46.trees,0
/cluster/work/stadler/beckermar/BESP_paper-analyses/scripts/../results/pop_size_simulations/simulation_results_combined/homochronous_independent/constcoal/expgrowth_slow/medmutsig/constcoal_homochronous_expgrowth_slow_medmutsig.T47.trees,0
/cluster/work/stadler/beckermar/BESP_paper-analyses/scripts/../results/pop_size_simulations/simulation_results_combined/homochronous_independent/constcoal/expgrowth_slow/medmutsig/constcoal_homochronous_expgrowth_slow_medmutsig.T48.trees,0
/cluster/work/stadler/beckermar/BESP_paper-analyses/scripts/../results/pop_size_simulations/simulation_results_combined/homochronous_independent/constcoal/expgrowth_slow/medmutsig/constcoal_homochronous_expgrowth_slow_medmutsig.T49.trees,0
/cluster/work/stadler/beckermar/BESP_paper-analyses/scripts/../results/pop_size_simulations/simulation_results_combined/homochronous_independent/constcoal/expgrowth_slow/medmutsig/constcoal_homochronous_expgrowth_slow_medmutsig.T5.trees,0
/cluster/work/stadler/beckermar/BESP_paper-analyses/scripts/../results/pop_size_simulations/simulation_results_combined/homochronous_independent/constcoal/expgrowth_slow/medmutsig/constcoal_homochronous_expgrowth_slow_medmutsig.T50.trees,0
/cluster/work/stadler/beckermar/BESP_paper-analyses/scripts/../results/pop_size_simulations/simulation_results_combined/homochronous_independent/constcoal/expgrowth_slow/medmutsig/constcoal_homochronous_expgrowth_slow_medmutsig.T51.trees,0
/cluster/work/stadler/beckermar/BESP_paper-analyses/scripts/../results/pop_size_simulations/simulation_results_combined/homochronous_independent/constcoal/expgrowth_slow/medmutsig/constcoal_homochronous_expgrowth_slow_medmutsig.T52.trees,0
/cluster/work/stadler/beckermar/BESP_paper-analyses/scripts/../results/pop_size_simulations/simulation_results_combined/homochronous_independent/constcoal/expgrowth_slow/medmutsig/constcoal_homochronous_expgrowth_slow_medmutsig.T53.trees,0
/cluster/work/stadler/beckermar/BESP_paper-analyses/scripts/../results/pop_size_simulations/simulation_results_combined/homochronous_independent/constcoal/expgrowth_slow/medmutsig/constcoal_homochronous_expgrowth_slow_medmutsig.T54.trees,0
/cluster/work/stadler/beckermar/BESP_paper-analyses/scripts/../results/pop_size_simulations/simulation_results_combined/homochronous_independent/constcoal/expgrowth_slow/medmutsig/constcoal_homochronous_expgrowth_slow_medmutsig.T55.trees,0
/cluster/work/stadler/beckermar/BESP_paper-analyses/scripts/../results/pop_size_simulations/simulation_results_combined/homochronous_independent/constcoal/expgrowth_slow/medmutsig/constcoal_homochronous_expgrowth_slow_medmutsig.T56.trees,0
/cluster/work/stadler/beckermar/BESP_paper-analyses/scripts/../results/pop_size_simulations/simulation_results_combined/homochronous_independent/constcoal/expgrowth_slow/medmutsig/constcoal_homochronous_expgrowth_slow_medmutsig.T57.trees,0
/cluster/work/stadler/beckermar/BESP_paper-analyses/scripts/../results/pop_size_simulations/simulation_results_combined/homochronous_independent/constcoal/expgrowth_slow/medmutsig/constcoal_homochronous_expgrowth_slow_medmutsig.T58.trees,0
/cluster/work/stadler/beckermar/BESP_paper-analyses/scripts/../results/pop_size_simulations/simulation_results_combined/homochronous_independent/constcoal/expgrowth_slow/medmutsig/constcoal_homochronous_expgrowth_slow_medmutsig.T59.trees,0
/cluster/work/stadler/beckermar/BESP_paper-analyses/scripts/../results/pop_size_simulations/simulation_results_combined/homochronous_independent/constcoal/expgrowth_slow/medmutsig/constcoal_homochronous_expgrowth_slow_medmutsig.T6.trees,0
/cluster/work/stadler/beckermar/BESP_paper-analyses/scripts/../results/pop_size_simulations/simulation_results_combined/homochronous_independent/constcoal/expgrowth_slow/medmutsig/constcoal_homochronous_expgrowth_slow_medmutsig.T60.trees,0
/cluster/work/stadler/beckermar/BESP_paper-analyses/scripts/../results/pop_size_simulations/simulation_results_combined/homochronous_independent/constcoal/expgrowth_slow/medmutsig/constcoal_homochronous_expgrowth_slow_medmutsig.T61.trees,0
/cluster/work/stadler/beckermar/BESP_paper-analyses/scripts/../results/pop_size_simulations/simulation_results_combined/homochronous_independent/constcoal/expgrowth_slow/medmutsig/constcoal_homochronous_expgrowth_slow_medmutsig.T62.trees,0
/cluster/work/stadler/beckermar/BESP_paper-analyses/scripts/../results/pop_size_simulations/simulation_results_combined/homochronous_independent/constcoal/expgrowth_slow/medmutsig/constcoal_homochronous_expgrowth_slow_medmutsig.T63.trees,0
/cluster/work/stadler/beckermar/BESP_paper-analyses/scripts/../results/pop_size_simulations/simulation_results_combined/homochronous_independent/constcoal/expgrowth_slow/medmutsig/constcoal_homochronous_expgrowth_slow_medmutsig.T64.trees,0
/cluster/work/stadler/beckermar/BESP_paper-analyses/scripts/../results/pop_size_simulations/simulation_results_combined/homochronous_independent/constcoal/expgrowth_slow/medmutsig/constcoal_homochronous_expgrowth_slow_medmutsig.T65.trees,0
/cluster/work/stadler/beckermar/BESP_paper-analyses/scripts/../results/pop_size_simulations/simulation_results_combined/homochronous_independent/constcoal/expgrowth_slow/medmutsig/constcoal_homochronous_expgrowth_slow_medmutsig.T66.trees,0
/cluster/work/stadler/beckermar/BESP_paper-analyses/scripts/../results/pop_size_simulations/simulation_results_combined/homochronous_independent/constcoal/expgrowth_slow/medmutsig/constcoal_homochronous_expgrowth_slow_medmutsig.T67.trees,0
/cluster/work/stadler/beckermar/BESP_paper-analyses/scripts/../results/pop_size_simulations/simulation_results_combined/homochronous_independent/constcoal/expgrowth_slow/medmutsig/constcoal_homochronous_expgrowth_slow_medmutsig.T68.trees,0
/cluster/work/stadler/beckermar/BESP_paper-analyses/scripts/../results/pop_size_simulations/simulation_results_combined/homochronous_independent/constcoal/expgrowth_slow/medmutsig/constcoal_homochronous_expgrowth_slow_medmutsig.T69.trees,0
/cluster/work/stadler/beckermar/BESP_paper-analyses/scripts/../results/pop_size_simulations/simulation_results_combined/homochronous_independent/constcoal/expgrowth_slow/medmutsig/constcoal_homochronous_expgrowth_slow_medmutsig.T7.trees,0
/cluster/work/stadler/beckermar/BESP_paper-analyses/scripts/../results/pop_size_simulations/simulation_results_combined/homochronous_independent/constcoal/expgrowth_slow/medmutsig/constcoal_homochronous_expgrowth_slow_medmutsig.T70.trees,0
/cluster/work/stadler/beckermar/BESP_paper-analyses/scripts/../results/pop_size_simulations/simulation_results_combined/homochronous_independent/constcoal/expgrowth_slow/medmutsig/constcoal_homochronous_expgrowth_slow_medmutsig.T71.trees,0
/cluster/work/stadler/beckermar/BESP_paper-analyses/scripts/../results/pop_size_simulations/simulation_results_combined/homochronous_independent/constcoal/expgrowth_slow/medmutsig/constcoal_homochronous_expgrowth_slow_medmutsig.T72.trees,0
/cluster/work/stadler/beckermar/BESP_paper-analyses/scripts/../results/pop_size_simulations/simulation_results_combined/homochronous_independent/constcoal/expgrowth_slow/medmutsig/constcoal_homochronous_expgrowth_slow_medmutsig.T73.trees,0
/cluster/work/stadler/beckermar/BESP_paper-analyses/scripts/../results/pop_size_simulations/simulation_results_combined/homochronous_independent/constcoal/expgrowth_slow/medmutsig/constcoal_homochronous_expgrowth_slow_medmutsig.T74.trees,0
/cluster/work/stadler/beckermar/BESP_paper-analyses/scripts/../results/pop_size_simulations/simulation_results_combined/homochronous_independent/constcoal/expgrowth_slow/medmutsig/constcoal_homochronous_expgrowth_slow_medmutsig.T75.trees,0
/cluster/work/stadler/beckermar/BESP_paper-analyses/scripts/../results/pop_size_simulations/simulation_results_combined/homochronous_independent/constcoal/expgrowth_slow/medmutsig/constcoal_homochronous_expgrowth_slow_medmutsig.T76.trees,0
/cluster/work/stadler/beckermar/BESP_paper-analyses/scripts/../results/pop_size_simulations/simulation_results_combined/homochronous_independent/constcoal/expgrowth_slow/medmutsig/constcoal_homochronous_expgrowth_slow_medmutsig.T77.trees,0
/cluster/work/stadler/beckermar/BESP_paper-analyses/scripts/../results/pop_size_simulations/simulation_results_combined/homochronous_independent/constcoal/expgrowth_slow/medmutsig/constcoal_homochronous_expgrowth_slow_medmutsig.T78.trees,0
/cluster/work/stadler/beckermar/BESP_paper-analyses/scripts/../results/pop_size_simulations/simulation_results_combined/homochronous_independent/constcoal/expgrowth_slow/medmutsig/constcoal_homochronous_expgrowth_slow_medmutsig.T79.trees,0
/cluster/work/stadler/beckermar/BESP_paper-analyses/scripts/../results/pop_size_simulations/simulation_results_combined/homochronous_independent/constcoal/expgrowth_slow/medmutsig/constcoal_homochronous_expgrowth_slow_medmutsig.T8.trees,0
/cluster/work/stadler/beckermar/BESP_paper-analyses/scripts/../results/pop_size_simulations/simulation_results_combined/homochronous_independent/constcoal/expgrowth_slow/medmutsig/constcoal_homochronous_expgrowth_slow_medmutsig.T80.trees,0
/cluster/work/stadler/beckermar/BESP_paper-analyses/scripts/../results/pop_size_simulations/simulation_results_combined/homochronous_independent/constcoal/expgrowth_slow/medmutsig/constcoal_homochronous_expgrowth_slow_medmutsig.T81.trees,0
/cluster/work/stadler/beckermar/BESP_paper-analyses/scripts/../results/pop_size_simulations/simulation_results_combined/homochronous_independent/constcoal/expgrowth_slow/medmutsig/constcoal_homochronous_expgrowth_slow_medmutsig.T82.trees,0
/cluster/work/stadler/beckermar/BESP_paper-analyses/scripts/../results/pop_size_simulations/simulation_results_combined/homochronous_independent/constcoal/expgrowth_slow/medmutsig/constcoal_homochronous_expgrowth_slow_medmutsig.T83.trees,0
/cluster/work/stadler/beckermar/BESP_paper-analyses/scripts/../results/pop_size_simulations/simulation_results_combined/homochronous_independent/constcoal/expgrowth_slow/medmutsig/constcoal_homochronous_expgrowth_slow_medmutsig.T84.trees,0
/cluster/work/stadler/beckermar/BESP_paper-analyses/scripts/../results/pop_size_simulations/simulation_results_combined/homochronous_independent/constcoal/expgrowth_slow/medmutsig/constcoal_homochronous_expgrowth_slow_medmutsig.T85.trees,0
/cluster/work/stadler/beckermar/BESP_paper-analyses/scripts/../results/pop_size_simulations/simulation_results_combined/homochronous_independent/constcoal/expgrowth_slow/medmutsig/constcoal_homochronous_expgrowth_slow_medmutsig.T86.trees,0
/cluster/work/stadler/beckermar/BESP_paper-analyses/scripts/../results/pop_size_simulations/simulation_results_combined/homochronous_independent/constcoal/expgrowth_slow/medmutsig/constcoal_homochronous_expgrowth_slow_medmutsig.T87.trees,0
/cluster/work/stadler/beckermar/BESP_paper-analyses/scripts/../results/pop_size_simulations/simulation_results_combined/homochronous_independent/constcoal/expgrowth_slow/medmutsig/constcoal_homochronous_expgrowth_slow_medmutsig.T88.trees,0
/cluster/work/stadler/beckermar/BESP_paper-analyses/scripts/../results/pop_size_simulations/simulation_results_combined/homochronous_independent/constcoal/expgrowth_slow/medmutsig/constcoal_homochronous_expgrowth_slow_medmutsig.T89.trees,0
/cluster/work/stadler/beckermar/BESP_paper-analyses/scripts/../results/pop_size_simulations/simulation_results_combined/homochronous_independent/constcoal/expgrowth_slow/medmutsig/constcoal_homochronous_expgrowth_slow_medmutsig.T9.trees,0
/cluster/work/stadler/beckermar/BESP_paper-analyses/scripts/../results/pop_size_simulations/simulation_results_combined/homochronous_independent/constcoal/expgrowth_slow/medmutsig/constcoal_homochronous_expgrowth_slow_medmutsig.T90.trees,0
/cluster/work/stadler/beckermar/BESP_paper-analyses/scripts/../results/pop_size_simulations/simulation_results_combined/homochronous_independent/constcoal/expgrowth_slow/medmutsig/constcoal_homochronous_expgrowth_slow_medmutsig.T91.trees,0
/cluster/work/stadler/beckermar/BESP_paper-analyses/scripts/../results/pop_size_simulations/simulation_results_combined/homochronous_independent/constcoal/expgrowth_slow/medmutsig/constcoal_homochronous_expgrowth_slow_medmutsig.T92.trees,0
/cluster/work/stadler/beckermar/BESP_paper-analyses/scripts/../results/pop_size_simulations/simulation_results_combined/homochronous_independent/constcoal/expgrowth_slow/medmutsig/constcoal_homochronous_expgrowth_slow_medmutsig.T93.trees,0
/cluster/work/stadler/beckermar/BESP_paper-analyses/scripts/../results/pop_size_simulations/simulation_results_combined/homochronous_independent/constcoal/expgrowth_slow/medmutsig/constcoal_homochronous_expgrowth_slow_medmutsig.T94.trees,0
/cluster/work/stadler/beckermar/BESP_paper-analyses/scripts/../results/pop_size_simulations/simulation_results_combined/homochronous_independent/constcoal/expgrowth_slow/medmutsig/constcoal_homochronous_expgrowth_slow_medmutsig.T95.trees,0
/cluster/work/stadler/beckermar/BESP_paper-analyses/scripts/../results/pop_size_simulations/simulation_results_combined/homochronous_independent/constcoal/expgrowth_slow/medmutsig/constcoal_homochronous_expgrowth_slow_medmutsig.T96.trees,0
/cluster/work/stadler/beckermar/BESP_paper-analyses/scripts/../results/pop_size_simulations/simulation_results_combined/homochronous_independent/constcoal/expgrowth_slow/medmutsig/constcoal_homochronous_expgrowth_slow_medmutsig.T97.trees,0
/cluster/work/stadler/beckermar/BESP_paper-analyses/scripts/../results/pop_size_simulations/simulation_results_combined/homochronous_independent/constcoal/expgrowth_slow/medmutsig/constcoal_homochronous_expgrowth_slow_medmutsig.T98.trees,0
/cluster/work/stadler/beckermar/BESP_paper-analyses/scripts/../results/pop_size_simulations/simulation_results_combined/homochronous_independent/constcoal/expgrowth_slow/medmutsig/constcoal_homochronous_expgrowth_slow_medmutsig.T99.trees,0
/cluster/work/stadler/beckermar/BESP_paper-analyses/scripts/../results/pop_size_simulations/simulation_results_combined/homochronous_independent/constcoal/uniform/highmutsig/constcoal_homochronous_uniform_highmutsig.T0.trees,0
/cluster/work/stadler/beckermar/BESP_paper-analyses/scripts/../results/pop_size_simulations/simulation_results_combined/homochronous_independent/constcoal/uniform/highmutsig/constcoal_homochronous_uniform_highmutsig.T1.trees,0
/cluster/work/stadler/beckermar/BESP_paper-analyses/scripts/../results/pop_size_simulations/simulation_results_combined/homochronous_independent/constcoal/uniform/highmutsig/constcoal_homochronous_uniform_highmutsig.T10.trees,0
/cluster/work/stadler/beckermar/BESP_paper-analyses/scripts/../results/pop_size_simulations/simulation_results_combined/homochronous_independent/constcoal/uniform/highmutsig/constcoal_homochronous_uniform_highmutsig.T11.trees,0
/cluster/work/stadler/beckermar/BESP_paper-analyses/scripts/../results/pop_size_simulations/simulation_results_combined/homochronous_independent/constcoal/uniform/highmutsig/constcoal_homochronous_uniform_highmutsig.T12.trees,0
/cluster/work/stadler/beckermar/BESP_paper-analyses/scripts/../results/pop_size_simulations/simulation_results_combined/homochronous_independent/constcoal/uniform/highmutsig/constcoal_homochronous_uniform_highmutsig.T13.trees,0
/cluster/work/stadler/beckermar/BESP_paper-analyses/scripts/../results/pop_size_simulations/simulation_results_combined/homochronous_independent/constcoal/uniform/highmutsig/constcoal_homochronous_uniform_highmutsig.T14.trees,0
/cluster/work/stadler/beckermar/BESP_paper-analyses/scripts/../results/pop_size_simulations/simulation_results_combined/homochronous_independent/constcoal/uniform/highmutsig/constcoal_homochronous_uniform_highmutsig.T15.trees,0
/cluster/work/stadler/beckermar/BESP_paper-analyses/scripts/../results/pop_size_simulations/simulation_results_combined/homochronous_independent/constcoal/uniform/highmutsig/constcoal_homochronous_uniform_highmutsig.T16.trees,0
/cluster/work/stadler/beckermar/BESP_paper-analyses/scripts/../results/pop_size_simulations/simulation_results_combined/homochronous_independent/constcoal/uniform/highmutsig/constcoal_homochronous_uniform_highmutsig.T17.trees,0
/cluster/work/stadler/beckermar/BESP_paper-analyses/scripts/../results/pop_size_simulations/simulation_results_combined/homochronous_independent/constcoal/uniform/highmutsig/constcoal_homochronous_uniform_highmutsig.T18.trees,0
/cluster/work/stadler/beckermar/BESP_paper-analyses/scripts/../results/pop_size_simulations/simulation_results_combined/homochronous_independent/constcoal/uniform/highmutsig/constcoal_homochronous_uniform_highmutsig.T19.trees,0
/cluster/work/stadler/beckermar/BESP_paper-analyses/scripts/../results/pop_size_simulations/simulation_results_combined/homochronous_independent/constcoal/uniform/highmutsig/constcoal_homochronous_uniform_highmutsig.T2.trees,0
/cluster/work/stadler/beckermar/BESP_paper-analyses/scripts/../results/pop_size_simulations/simulation_results_combined/homochronous_independent/constcoal/uniform/highmutsig/constcoal_homochronous_uniform_highmutsig.T20.trees,0
/cluster/work/stadler/beckermar/BESP_paper-analyses/scripts/../results/pop_size_simulations/simulation_results_combined/homochronous_independent/constcoal/uniform/highmutsig/constcoal_homochronous_uniform_highmutsig.T21.trees,0
/cluster/work/stadler/beckermar/BESP_paper-analyses/scripts/../results/pop_size_simulations/simulation_results_combined/homochronous_independent/constcoal/uniform/highmutsig/constcoal_homochronous_uniform_highmutsig.T22.trees,0
/cluster/work/stadler/beckermar/BESP_paper-analyses/scripts/../results/pop_size_simulations/simulation_results_combined/homochronous_independent/constcoal/uniform/highmutsig/constcoal_homochronous_uniform_highmutsig.T23.trees,0
/cluster/work/stadler/beckermar/BESP_paper-analyses/scripts/../results/pop_size_simulations/simulation_results_combined/homochronous_independent/constcoal/uniform/highmutsig/constcoal_homochronous_uniform_highmutsig.T24.trees,0
/cluster/work/stadler/beckermar/BESP_paper-analyses/scripts/../results/pop_size_simulations/simulation_results_combined/homochronous_independent/constcoal/uniform/highmutsig/constcoal_homochronous_uniform_highmutsig.T25.trees,0
/cluster/work/stadler/beckermar/BESP_paper-analyses/scripts/../results/pop_size_simulations/simulation_results_combined/homochronous_independent/constcoal/uniform/highmutsig/constcoal_homochronous_uniform_highmutsig.T26.trees,0
/cluster/work/stadler/beckermar/BESP_paper-analyses/scripts/../results/pop_size_simulations/simulation_results_combined/homochronous_independent/constcoal/uniform/highmutsig/constcoal_homochronous_uniform_highmutsig.T27.trees,0
/cluster/work/stadler/beckermar/BESP_paper-analyses/scripts/../results/pop_size_simulations/simulation_results_combined/homochronous_independent/constcoal/uniform/highmutsig/constcoal_homochronous_uniform_highmutsig.T28.trees,0
/cluster/work/stadler/beckermar/BESP_paper-analyses/scripts/../results/pop_size_simulations/simulation_results_combined/homochronous_independent/constcoal/uniform/highmutsig/constcoal_homochronous_uniform_highmutsig.T29.trees,0
/cluster/work/stadler/beckermar/BESP_paper-analyses/scripts/../results/pop_size_simulations/simulation_results_combined/homochronous_independent/constcoal/uniform/highmutsig/constcoal_homochronous_uniform_highmutsig.T3.trees,0
/cluster/work/stadler/beckermar/BESP_paper-analyses/scripts/../results/pop_size_simulations/simulation_results_combined/homochronous_independent/constcoal/uniform/highmutsig/constcoal_homochronous_uniform_highmutsig.T30.trees,0
/cluster/work/stadler/beckermar/BESP_paper-analyses/scripts/../results/pop_size_simulations/simulation_results_combined/homochronous_independent/constcoal/uniform/highmutsig/constcoal_homochronous_uniform_highmutsig.T31.trees,0
/cluster/work/stadler/beckermar/BESP_paper-analyses/scripts/../results/pop_size_simulations/simulation_results_combined/homochronous_independent/constcoal/uniform/highmutsig/constcoal_homochronous_uniform_highmutsig.T32.trees,0
/cluster/work/stadler/beckermar/BESP_paper-analyses/scripts/../results/pop_size_simulations/simulation_results_combined/homochronous_independent/constcoal/uniform/highmutsig/constcoal_homochronous_uniform_highmutsig.T33.trees,0
/cluster/work/stadler/beckermar/BESP_paper-analyses/scripts/../results/pop_size_simulations/simulation_results_combined/homochronous_independent/constcoal/uniform/highmutsig/constcoal_homochronous_uniform_highmutsig.T34.trees,0
/cluster/work/stadler/beckermar/BESP_paper-analyses/scripts/../results/pop_size_simulations/simulation_results_combined/homochronous_independent/constcoal/uniform/highmutsig/constcoal_homochronous_uniform_highmutsig.T35.trees,0
/cluster/work/stadler/beckermar/BESP_paper-analyses/scripts/../results/pop_size_simulations/simulation_results_combined/homochronous_independent/constcoal/uniform/highmutsig/constcoal_homochronous_uniform_highmutsig.T36.trees,0
/cluster/work/stadler/beckermar/BESP_paper-analyses/scripts/../results/pop_size_simulations/simulation_results_combined/homochronous_independent/constcoal/uniform/highmutsig/constcoal_homochronous_uniform_highmutsig.T37.trees,0
/cluster/work/stadler/beckermar/BESP_paper-analyses/scripts/../results/pop_size_simulations/simulation_results_combined/homochronous_independent/constcoal/uniform/highmutsig/constcoal_homochronous_uniform_highmutsig.T38.trees,0
/cluster/work/stadler/beckermar/BESP_paper-analyses/scripts/../results/pop_size_simulations/simulation_results_combined/homochronous_independent/constcoal/uniform/highmutsig/constcoal_homochronous_uniform_highmutsig.T39.trees,0
/cluster/work/stadler/beckermar/BESP_paper-analyses/scripts/../results/pop_size_simulations/simulation_results_combined/homochronous_independent/constcoal/uniform/highmutsig/constcoal_homochronous_uniform_highmutsig.T4.trees,0
/cluster/work/stadler/beckermar/BESP_paper-analyses/scripts/../results/pop_size_simulations/simulation_results_combined/homochronous_independent/constcoal/uniform/highmutsig/constcoal_homochronous_uniform_highmutsig.T40.trees,0
/cluster/work/stadler/beckermar/BESP_paper-analyses/scripts/../results/pop_size_simulations/simulation_results_combined/homochronous_independent/constcoal/uniform/highmutsig/constcoal_homochronous_uniform_highmutsig.T41.trees,0
/cluster/work/stadler/beckermar/BESP_paper-analyses/scripts/../results/pop_size_simulations/simulation_results_combined/homochronous_independent/constcoal/uniform/highmutsig/constcoal_homochronous_uniform_highmutsig.T42.trees,0
/cluster/work/stadler/beckermar/BESP_paper-analyses/scripts/../results/pop_size_simulations/simulation_results_combined/homochronous_independent/constcoal/uniform/highmutsig/constcoal_homochronous_uniform_highmutsig.T43.trees,0
/cluster/work/stadler/beckermar/BESP_paper-analyses/scripts/../results/pop_size_simulations/simulation_results_combined/homochronous_independent/constcoal/uniform/highmutsig/constcoal_homochronous_uniform_highmutsig.T44.trees,0
/cluster/work/stadler/beckermar/BESP_paper-analyses/scripts/../results/pop_size_simulations/simulation_results_combined/homochronous_independent/constcoal/uniform/highmutsig/constcoal_homochronous_uniform_highmutsig.T45.trees,0
/cluster/work/stadler/beckermar/BESP_paper-analyses/scripts/../results/pop_size_simulations/simulation_results_combined/homochronous_independent/constcoal/uniform/highmutsig/constcoal_homochronous_uniform_highmutsig.T46.trees,0
/cluster/work/stadler/beckermar/BESP_paper-analyses/scripts/../results/pop_size_simulations/simulation_results_combined/homochronous_independent/constcoal/uniform/highmutsig/constcoal_homochronous_uniform_highmutsig.T47.trees,0
/cluster/work/stadler/beckermar/BESP_paper-analyses/scripts/../results/pop_size_simulations/simulation_results_combined/homochronous_independent/constcoal/uniform/highmutsig/constcoal_homochronous_uniform_highmutsig.T48.trees,0
/cluster/work/stadler/beckermar/BESP_paper-analyses/scripts/../results/pop_size_simulations/simulation_results_combined/homochronous_independent/constcoal/uniform/highmutsig/constcoal_homochronous_uniform_highmutsig.T49.trees,0
/cluster/work/stadler/beckermar/BESP_paper-analyses/scripts/../results/pop_size_simulations/simulation_results_combined/homochronous_independent/constcoal/uniform/highmutsig/constcoal_homochronous_uniform_highmutsig.T5.trees,0
/cluster/work/stadler/beckermar/BESP_paper-analyses/scripts/../results/pop_size_simulations/simulation_results_combined/homochronous_independent/constcoal/uniform/highmutsig/constcoal_homochronous_uniform_highmutsig.T50.trees,0
/cluster/work/stadler/beckermar/BESP_paper-analyses/scripts/../results/pop_size_simulations/simulation_results_combined/homochronous_independent/constcoal/uniform/highmutsig/constcoal_homochronous_uniform_highmutsig.T51.trees,0
/cluster/work/stadler/beckermar/BESP_paper-analyses/scripts/../results/pop_size_simulations/simulation_results_combined/homochronous_independent/constcoal/uniform/highmutsig/constcoal_homochronous_uniform_highmutsig.T52.trees,0
/cluster/work/stadler/beckermar/BESP_paper-analyses/scripts/../results/pop_size_simulations/simulation_results_combined/homochronous_independent/constcoal/uniform/highmutsig/constcoal_homochronous_uniform_highmutsig.T53.trees,0
/cluster/work/stadler/beckermar/BESP_paper-analyses/scripts/../results/pop_size_simulations/simulation_results_combined/homochronous_independent/constcoal/uniform/highmutsig/constcoal_homochronous_uniform_highmutsig.T54.trees,0
/cluster/work/stadler/beckermar/BESP_paper-analyses/scripts/../results/pop_size_simulations/simulation_results_combined/homochronous_independent/constcoal/uniform/highmutsig/constcoal_homochronous_uniform_highmutsig.T55.trees,0
/cluster/work/stadler/beckermar/BESP_paper-analyses/scripts/../results/pop_size_simulations/simulation_results_combined/homochronous_independent/constcoal/uniform/highmutsig/constcoal_homochronous_uniform_highmutsig.T56.trees,0
/cluster/work/stadler/beckermar/BESP_paper-analyses/scripts/../results/pop_size_simulations/simulation_results_combined/homochronous_independent/constcoal/uniform/highmutsig/constcoal_homochronous_uniform_highmutsig.T57.trees,0
/cluster/work/stadler/beckermar/BESP_paper-analyses/scripts/../results/pop_size_simulations/simulation_results_combined/homochronous_independent/constcoal/uniform/highmutsig/constcoal_homochronous_uniform_highmutsig.T58.trees,0
/cluster/work/stadler/beckermar/BESP_paper-analyses/scripts/../results/pop_size_simulations/simulation_results_combined/homochronous_independent/constcoal/uniform/highmutsig/constcoal_homochronous_uniform_highmutsig.T59.trees,0
/cluster/work/stadler/beckermar/BESP_paper-analyses/scripts/../results/pop_size_simulations/simulation_results_combined/homochronous_independent/constcoal/uniform/highmutsig/constcoal_homochronous_uniform_highmutsig.T6.trees,0
/cluster/work/stadler/beckermar/BESP_paper-analyses/scripts/../results/pop_size_simulations/simulation_results_combined/homochronous_independent/constcoal/uniform/highmutsig/constcoal_homochronous_uniform_highmutsig.T60.trees,0
/cluster/work/stadler/beckermar/BESP_paper-analyses/scripts/../results/pop_size_simulations/simulation_results_combined/homochronous_independent/constcoal/uniform/highmutsig/constcoal_homochronous_uniform_highmutsig.T61.trees,0
/cluster/work/stadler/beckermar/BESP_paper-analyses/scripts/../results/pop_size_simulations/simulation_results_combined/homochronous_independent/constcoal/uniform/highmutsig/constcoal_homochronous_uniform_highmutsig.T62.trees,0
/cluster/work/stadler/beckermar/BESP_paper-analyses/scripts/../results/pop_size_simulations/simulation_results_combined/homochronous_independent/constcoal/uniform/highmutsig/constcoal_homochronous_uniform_highmutsig.T63.trees,0
/cluster/work/stadler/beckermar/BESP_paper-analyses/scripts/../results/pop_size_simulations/simulation_results_combined/homochronous_independent/constcoal/uniform/highmutsig/constcoal_homochronous_uniform_highmutsig.T64.trees,0
/cluster/work/stadler/beckermar/BESP_paper-analyses/scripts/../results/pop_size_simulations/simulation_results_combined/homochronous_independent/constcoal/uniform/highmutsig/constcoal_homochronous_uniform_highmutsig.T65.trees,0
/cluster/work/stadler/beckermar/BESP_paper-analyses/scripts/../results/pop_size_simulations/simulation_results_combined/homochronous_independent/constcoal/uniform/highmutsig/constcoal_homochronous_uniform_highmutsig.T66.trees,0
/cluster/work/stadler/beckermar/BESP_paper-analyses/scripts/../results/pop_size_simulations/simulation_results_combined/homochronous_independent/constcoal/uniform/highmutsig/constcoal_homochronous_uniform_highmutsig.T67.trees,0
/cluster/work/stadler/beckermar/BESP_paper-analyses/scripts/../results/pop_size_simulations/simulation_results_combined/homochronous_independent/constcoal/uniform/highmutsig/constcoal_homochronous_uniform_highmutsig.T68.trees,0
/cluster/work/stadler/beckermar/BESP_paper-analyses/scripts/../results/pop_size_simulations/simulation_results_combined/homochronous_independent/constcoal/uniform/highmutsig/constcoal_homochronous_uniform_highmutsig.T69.trees,0
/cluster/work/stadler/beckermar/BESP_paper-analyses/scripts/../results/pop_size_simulations/simulation_results_combined/homochronous_independent/constcoal/uniform/highmutsig/constcoal_homochronous_uniform_highmutsig.T7.trees,0
/cluster/work/stadler/beckermar/BESP_paper-analyses/scripts/../results/pop_size_simulations/simulation_results_combined/homochronous_independent/constcoal/uniform/highmutsig/constcoal_homochronous_uniform_highmutsig.T70.trees,0
/cluster/work/stadler/beckermar/BESP_paper-analyses/scripts/../results/pop_size_simulations/simulation_results_combined/homochronous_independent/constcoal/uniform/highmutsig/constcoal_homochronous_uniform_highmutsig.T71.trees,0
/cluster/work/stadler/beckermar/BESP_paper-analyses/scripts/../results/pop_size_simulations/simulation_results_combined/homochronous_independent/constcoal/uniform/highmutsig/constcoal_homochronous_uniform_highmutsig.T72.trees,0
/cluster/work/stadler/beckermar/BESP_paper-analyses/scripts/../results/pop_size_simulations/simulation_results_combined/homochronous_independent/constcoal/uniform/highmutsig/constcoal_homochronous_uniform_highmutsig.T73.trees,0
/cluster/work/stadler/beckermar/BESP_paper-analyses/scripts/../results/pop_size_simulations/simulation_results_combined/homochronous_independent/constcoal/uniform/highmutsig/constcoal_homochronous_uniform_highmutsig.T74.trees,0
/cluster/work/stadler/beckermar/BESP_paper-analyses/scripts/../results/pop_size_simulations/simulation_results_combined/homochronous_independent/constcoal/uniform/highmutsig/constcoal_homochronous_uniform_highmutsig.T75.trees,0
/cluster/work/stadler/beckermar/BESP_paper-analyses/scripts/../results/pop_size_simulations/simulation_results_combined/homochronous_independent/constcoal/uniform/highmutsig/constcoal_homochronous_uniform_highmutsig.T76.trees,0
/cluster/work/stadler/beckermar/BESP_paper-analyses/scripts/../results/pop_size_simulations/simulation_results_combined/homochronous_independent/constcoal/uniform/highmutsig/constcoal_homochronous_uniform_highmutsig.T77.trees,0
/cluster/work/stadler/beckermar/BESP_paper-analyses/scripts/../results/pop_size_simulations/simulation_results_combined/homochronous_independent/constcoal/uniform/highmutsig/constcoal_homochronous_uniform_highmutsig.T78.trees,0
/cluster/work/stadler/beckermar/BESP_paper-analyses/scripts/../results/pop_size_simulations/simulation_results_combined/homochronous_independent/constcoal/uniform/highmutsig/constcoal_homochronous_uniform_highmutsig.T79.trees,0
/cluster/work/stadler/beckermar/BESP_paper-analyses/scripts/../results/pop_size_simulations/simulation_results_combined/homochronous_independent/constcoal/uniform/highmutsig/constcoal_homochronous_uniform_highmutsig.T8.trees,0
/cluster/work/stadler/beckermar/BESP_paper-analyses/scripts/../results/pop_size_simulations/simulation_results_combined/homochronous_independent/constcoal/uniform/highmutsig/constcoal_homochronous_uniform_highmutsig.T80.trees,0
/cluster/work/stadler/beckermar/BESP_paper-analyses/scripts/../results/pop_size_simulations/simulation_results_combined/homochronous_independent/constcoal/uniform/highmutsig/constcoal_homochronous_uniform_highmutsig.T81.trees,0
/cluster/work/stadler/beckermar/BESP_paper-analyses/scripts/../results/pop_size_simulations/simulation_results_combined/homochronous_independent/constcoal/uniform/highmutsig/constcoal_homochronous_uniform_highmutsig.T82.trees,0
/cluster/work/stadler/beckermar/BESP_paper-analyses/scripts/../results/pop_size_simulations/simulation_results_combined/homochronous_independent/constcoal/uniform/highmutsig/constcoal_homochronous_uniform_highmutsig.T83.trees,0
/cluster/work/stadler/beckermar/BESP_paper-analyses/scripts/../results/pop_size_simulations/simulation_results_combined/homochronous_independent/constcoal/uniform/highmutsig/constcoal_homochronous_uniform_highmutsig.T84.trees,0
/cluster/work/stadler/beckermar/BESP_paper-analyses/scripts/../results/pop_size_simulations/simulation_results_combined/homochronous_independent/constcoal/uniform/highmutsig/constcoal_homochronous_uniform_highmutsig.T85.trees,0
/cluster/work/stadler/beckermar/BESP_paper-analyses/scripts/../results/pop_size_simulations/simulation_results_combined/homochronous_independent/constcoal/uniform/highmutsig/constcoal_homochronous_uniform_highmutsig.T86.trees,0
/cluster/work/stadler/beckermar/BESP_paper-analyses/scripts/../results/pop_size_simulations/simulation_results_combined/homochronous_independent/constcoal/uniform/highmutsig/constcoal_homochronous_uniform_highmutsig.T87.trees,0
/cluster/work/stadler/beckermar/BESP_paper-analyses/scripts/../results/pop_size_simulations/simulation_results_combined/homochronous_independent/constcoal/uniform/highmutsig/constcoal_homochronous_uniform_highmutsig.T88.trees,0
/cluster/work/stadler/beckermar/BESP_paper-analyses/scripts/../results/pop_size_simulations/simulation_results_combined/homochronous_independent/constcoal/uniform/highmutsig/constcoal_homochronous_uniform_highmutsig.T89.trees,0
/cluster/work/stadler/beckermar/BESP_paper-analyses/scripts/../results/pop_size_simulations/simulation_results_combined/homochronous_independent/constcoal/uniform/highmutsig/constcoal_homochronous_uniform_highmutsig.T9.trees,0
/cluster/work/stadler/beckermar/BESP_paper-analyses/scripts/../results/pop_size_simulations/simulation_results_combined/homochronous_independent/constcoal/uniform/highmutsig/constcoal_homochronous_uniform_highmutsig.T90.trees,0
/cluster/work/stadler/beckermar/BESP_paper-analyses/scripts/../results/pop_size_simulations/simulation_results_combined/homochronous_independent/constcoal/uniform/highmutsig/constcoal_homochronous_uniform_highmutsig.T91.trees,0
/cluster/work/stadler/beckermar/BESP_paper-analyses/scripts/../results/pop_size_simulations/simulation_results_combined/homochronous_independent/constcoal/uniform/highmutsig/constcoal_homochronous_uniform_highmutsig.T92.trees,0
/cluster/work/stadler/beckermar/BESP_paper-analyses/scripts/../results/pop_size_simulations/simulation_results_combined/homochronous_independent/constcoal/uniform/highmutsig/constcoal_homochronous_uniform_highmutsig.T93.trees,0
/cluster/work/stadler/beckermar/BESP_paper-analyses/scripts/../results/pop_size_simulations/simulation_results_combined/homochronous_independent/constcoal/uniform/highmutsig/constcoal_homochronous_uniform_highmutsig.T94.trees,0
/cluster/work/stadler/beckermar/BESP_paper-analyses/scripts/../results/pop_size_simulations/simulation_results_combined/homochronous_independent/constcoal/uniform/highmutsig/constcoal_homochronous_uniform_highmutsig.T95.trees,0
/cluster/work/stadler/beckermar/BESP_paper-analyses/scripts/../results/pop_size_simulations/simulation_results_combined/homochronous_independent/constcoal/uniform/highmutsig/constcoal_homochronous_uniform_highmutsig.T96.trees,0
/cluster/work/stadler/beckermar/BESP_paper-analyses/scripts/../results/pop_size_simulations/simulation_results_combined/homochronous_independent/constcoal/uniform/highmutsig/constcoal_homochronous_uniform_highmutsig.T97.trees,0
/cluster/work/stadler/beckermar/BESP_paper-analyses/scripts/../results/pop_size_simulations/simulation_results_combined/homochronous_independent/constcoal/uniform/highmutsig/constcoal_homochronous_uniform_highmutsig.T98.trees,0
/cluster/work/stadler/beckermar/BESP_paper-analyses/scripts/../results/pop_size_simulations/simulation_results_combined/homochronous_independent/constcoal/uniform/highmutsig/constcoal_homochronous_uniform_highmutsig.T99.trees,0
/cluster/work/stadler/beckermar/BESP_paper-analyses/scripts/../results/pop_size_simulations/simulation_results_combined/homochronous_independent/constcoal/uniform/lowmutsig/constcoal_homochronous_uniform_lowmutsig.T0.trees,0
/cluster/work/stadler/beckermar/BESP_paper-analyses/scripts/../results/pop_size_simulations/simulation_results_combined/homochronous_independent/constcoal/uniform/lowmutsig/constcoal_homochronous_uniform_lowmutsig.T1.trees,0
/cluster/work/stadler/beckermar/BESP_paper-analyses/scripts/../results/pop_size_simulations/simulation_results_combined/homochronous_independent/constcoal/uniform/lowmutsig/constcoal_homochronous_uniform_lowmutsig.T10.trees,0
/cluster/work/stadler/beckermar/BESP_paper-analyses/scripts/../results/pop_size_simulations/simulation_results_combined/homochronous_independent/constcoal/uniform/lowmutsig/constcoal_homochronous_uniform_lowmutsig.T11.trees,0
/cluster/work/stadler/beckermar/BESP_paper-analyses/scripts/../results/pop_size_simulations/simulation_results_combined/homochronous_independent/constcoal/uniform/lowmutsig/constcoal_homochronous_uniform_lowmutsig.T12.trees,0
/cluster/work/stadler/beckermar/BESP_paper-analyses/scripts/../results/pop_size_simulations/simulation_results_combined/homochronous_independent/constcoal/uniform/lowmutsig/constcoal_homochronous_uniform_lowmutsig.T13.trees,0
/cluster/work/stadler/beckermar/BESP_paper-analyses/scripts/../results/pop_size_simulations/simulation_results_combined/homochronous_independent/constcoal/uniform/lowmutsig/constcoal_homochronous_uniform_lowmutsig.T14.trees,0
/cluster/work/stadler/beckermar/BESP_paper-analyses/scripts/../results/pop_size_simulations/simulation_results_combined/homochronous_independent/constcoal/uniform/lowmutsig/constcoal_homochronous_uniform_lowmutsig.T15.trees,0
/cluster/work/stadler/beckermar/BESP_paper-analyses/scripts/../results/pop_size_simulations/simulation_results_combined/homochronous_independent/constcoal/uniform/lowmutsig/constcoal_homochronous_uniform_lowmutsig.T16.trees,0
/cluster/work/stadler/beckermar/BESP_paper-analyses/scripts/../results/pop_size_simulations/simulation_results_combined/homochronous_independent/constcoal/uniform/lowmutsig/constcoal_homochronous_uniform_lowmutsig.T17.trees,0
/cluster/work/stadler/beckermar/BESP_paper-analyses/scripts/../results/pop_size_simulations/simulation_results_combined/homochronous_independent/constcoal/uniform/lowmutsig/constcoal_homochronous_uniform_lowmutsig.T18.trees,0
/cluster/work/stadler/beckermar/BESP_paper-analyses/scripts/../results/pop_size_simulations/simulation_results_combined/homochronous_independent/constcoal/uniform/lowmutsig/constcoal_homochronous_uniform_lowmutsig.T19.trees,0
/cluster/work/stadler/beckermar/BESP_paper-analyses/scripts/../results/pop_size_simulations/simulation_results_combined/homochronous_independent/constcoal/uniform/lowmutsig/constcoal_homochronous_uniform_lowmutsig.T2.trees,0
/cluster/work/stadler/beckermar/BESP_paper-analyses/scripts/../results/pop_size_simulations/simulation_results_combined/homochronous_independent/constcoal/uniform/lowmutsig/constcoal_homochronous_uniform_lowmutsig.T20.trees,0
/cluster/work/stadler/beckermar/BESP_paper-analyses/scripts/../results/pop_size_simulations/simulation_results_combined/homochronous_independent/constcoal/uniform/lowmutsig/constcoal_homochronous_uniform_lowmutsig.T21.trees,0
/cluster/work/stadler/beckermar/BESP_paper-analyses/scripts/../results/pop_size_simulations/simulation_results_combined/homochronous_independent/constcoal/uniform/lowmutsig/constcoal_homochronous_uniform_lowmutsig.T22.trees,0
/cluster/work/stadler/beckermar/BESP_paper-analyses/scripts/../results/pop_size_simulations/simulation_results_combined/homochronous_independent/constcoal/uniform/lowmutsig/constcoal_homochronous_uniform_lowmutsig.T23.trees,0
/cluster/work/stadler/beckermar/BESP_paper-analyses/scripts/../results/pop_size_simulations/simulation_results_combined/homochronous_independent/constcoal/uniform/lowmutsig/constcoal_homochronous_uniform_lowmutsig.T24.trees,0
/cluster/work/stadler/beckermar/BESP_paper-analyses/scripts/../results/pop_size_simulations/simulation_results_combined/homochronous_independent/constcoal/uniform/lowmutsig/constcoal_homochronous_uniform_lowmutsig.T25.trees,0
/cluster/work/stadler/beckermar/BESP_paper-analyses/scripts/../results/pop_size_simulations/simulation_results_combined/homochronous_independent/constcoal/uniform/lowmutsig/constcoal_homochronous_uniform_lowmutsig.T26.trees,0
/cluster/work/stadler/beckermar/BESP_paper-analyses/scripts/../results/pop_size_simulations/simulation_results_combined/homochronous_independent/constcoal/uniform/lowmutsig/constcoal_homochronous_uniform_lowmutsig.T27.trees,0
/cluster/work/stadler/beckermar/BESP_paper-analyses/scripts/../results/pop_size_simulations/simulation_results_combined/homochronous_independent/constcoal/uniform/lowmutsig/constcoal_homochronous_uniform_lowmutsig.T28.trees,0
/cluster/work/stadler/beckermar/BESP_paper-analyses/scripts/../results/pop_size_simulations/simulation_results_combined/homochronous_independent/constcoal/uniform/lowmutsig/constcoal_homochronous_uniform_lowmutsig.T29.trees,0
/cluster/work/stadler/beckermar/BESP_paper-analyses/scripts/../results/pop_size_simulations/simulation_results_combined/homochronous_independent/constcoal/uniform/lowmutsig/constcoal_homochronous_uniform_lowmutsig.T3.trees,0
/cluster/work/stadler/beckermar/BESP_paper-analyses/scripts/../results/pop_size_simulations/simulation_results_combined/homochronous_independent/constcoal/uniform/lowmutsig/constcoal_homochronous_uniform_lowmutsig.T30.trees,0
/cluster/work/stadler/beckermar/BESP_paper-analyses/scripts/../results/pop_size_simulations/simulation_results_combined/homochronous_independent/constcoal/uniform/lowmutsig/constcoal_homochronous_uniform_lowmutsig.T31.trees,0
/cluster/work/stadler/beckermar/BESP_paper-analyses/scripts/../results/pop_size_simulations/simulation_results_combined/homochronous_independent/constcoal/uniform/lowmutsig/constcoal_homochronous_uniform_lowmutsig.T32.trees,0
/cluster/work/stadler/beckermar/BESP_paper-analyses/scripts/../results/pop_size_simulations/simulation_results_combined/homochronous_independent/constcoal/uniform/lowmutsig/constcoal_homochronous_uniform_lowmutsig.T33.trees,0
/cluster/work/stadler/beckermar/BESP_paper-analyses/scripts/../results/pop_size_simulations/simulation_results_combined/homochronous_independent/constcoal/uniform/lowmutsig/constcoal_homochronous_uniform_lowmutsig.T34.trees,0
/cluster/work/stadler/beckermar/BESP_paper-analyses/scripts/../results/pop_size_simulations/simulation_results_combined/homochronous_independent/constcoal/uniform/lowmutsig/constcoal_homochronous_uniform_lowmutsig.T35.trees,0
/cluster/work/stadler/beckermar/BESP_paper-analyses/scripts/../results/pop_size_simulations/simulation_results_combined/homochronous_independent/constcoal/uniform/lowmutsig/constcoal_homochronous_uniform_lowmutsig.T36.trees,0
/cluster/work/stadler/beckermar/BESP_paper-analyses/scripts/../results/pop_size_simulations/simulation_results_combined/homochronous_independent/constcoal/uniform/lowmutsig/constcoal_homochronous_uniform_lowmutsig.T37.trees,0
/cluster/work/stadler/beckermar/BESP_paper-analyses/scripts/../results/pop_size_simulations/simulation_results_combined/homochronous_independent/constcoal/uniform/lowmutsig/constcoal_homochronous_uniform_lowmutsig.T38.trees,0
/cluster/work/stadler/beckermar/BESP_paper-analyses/scripts/../results/pop_size_simulations/simulation_results_combined/homochronous_independent/constcoal/uniform/lowmutsig/constcoal_homochronous_uniform_lowmutsig.T39.trees,0
/cluster/work/stadler/beckermar/BESP_paper-analyses/scripts/../results/pop_size_simulations/simulation_results_combined/homochronous_independent/constcoal/uniform/lowmutsig/constcoal_homochronous_uniform_lowmutsig.T4.trees,0
/cluster/work/stadler/beckermar/BESP_paper-analyses/scripts/../results/pop_size_simulations/simulation_results_combined/homochronous_independent/constcoal/uniform/lowmutsig/constcoal_homochronous_uniform_lowmutsig.T40.trees,0
/cluster/work/stadler/beckermar/BESP_paper-analyses/scripts/../results/pop_size_simulations/simulation_results_combined/homochronous_independent/constcoal/uniform/lowmutsig/constcoal_homochronous_uniform_lowmutsig.T41.trees,0
/cluster/work/stadler/beckermar/BESP_paper-analyses/scripts/../results/pop_size_simulations/simulation_results_combined/homochronous_independent/constcoal/uniform/lowmutsig/constcoal_homochronous_uniform_lowmutsig.T42.trees,0
/cluster/work/stadler/beckermar/BESP_paper-analyses/scripts/../results/pop_size_simulations/simulation_results_combined/homochronous_independent/constcoal/uniform/lowmutsig/constcoal_homochronous_uniform_lowmutsig.T43.trees,0
/cluster/work/stadler/beckermar/BESP_paper-analyses/scripts/../results/pop_size_simulations/simulation_results_combined/homochronous_independent/constcoal/uniform/lowmutsig/constcoal_homochronous_uniform_lowmutsig.T44.trees,0
/cluster/work/stadler/beckermar/BESP_paper-analyses/scripts/../results/pop_size_simulations/simulation_results_combined/homochronous_independent/constcoal/uniform/lowmutsig/constcoal_homochronous_uniform_lowmutsig.T45.trees,0
/cluster/work/stadler/beckermar/BESP_paper-analyses/scripts/../results/pop_size_simulations/simulation_results_combined/homochronous_independent/constcoal/uniform/lowmutsig/constcoal_homochronous_uniform_lowmutsig.T46.trees,0
/cluster/work/stadler/beckermar/BESP_paper-analyses/scripts/../results/pop_size_simulations/simulation_results_combined/homochronous_independent/constcoal/uniform/lowmutsig/constcoal_homochronous_uniform_lowmutsig.T47.trees,0
/cluster/work/stadler/beckermar/BESP_paper-analyses/scripts/../results/pop_size_simulations/simulation_results_combined/homochronous_independent/constcoal/uniform/lowmutsig/constcoal_homochronous_uniform_lowmutsig.T48.trees,0
/cluster/work/stadler/beckermar/BESP_paper-analyses/scripts/../results/pop_size_simulations/simulation_results_combined/homochronous_independent/constcoal/uniform/lowmutsig/constcoal_homochronous_uniform_lowmutsig.T49.trees,0
/cluster/work/stadler/beckermar/BESP_paper-analyses/scripts/../results/pop_size_simulations/simulation_results_combined/homochronous_independent/constcoal/uniform/lowmutsig/constcoal_homochronous_uniform_lowmutsig.T5.trees,0
/cluster/work/stadler/beckermar/BESP_paper-analyses/scripts/../results/pop_size_simulations/simulation_results_combined/homochronous_independent/constcoal/uniform/lowmutsig/constcoal_homochronous_uniform_lowmutsig.T50.trees,0
/cluster/work/stadler/beckermar/BESP_paper-analyses/scripts/../results/pop_size_simulations/simulation_results_combined/homochronous_independent/constcoal/uniform/lowmutsig/constcoal_homochronous_uniform_lowmutsig.T51.trees,0
/cluster/work/stadler/beckermar/BESP_paper-analyses/scripts/../results/pop_size_simulations/simulation_results_combined/homochronous_independent/constcoal/uniform/lowmutsig/constcoal_homochronous_uniform_lowmutsig.T52.trees,0
/cluster/work/stadler/beckermar/BESP_paper-analyses/scripts/../results/pop_size_simulations/simulation_results_combined/homochronous_independent/constcoal/uniform/lowmutsig/constcoal_homochronous_uniform_lowmutsig.T53.trees,0
/cluster/work/stadler/beckermar/BESP_paper-analyses/scripts/../results/pop_size_simulations/simulation_results_combined/homochronous_independent/constcoal/uniform/lowmutsig/constcoal_homochronous_uniform_lowmutsig.T54.trees,0
/cluster/work/stadler/beckermar/BESP_paper-analyses/scripts/../results/pop_size_simulations/simulation_results_combined/homochronous_independent/constcoal/uniform/lowmutsig/constcoal_homochronous_uniform_lowmutsig.T55.trees,0
/cluster/work/stadler/beckermar/BESP_paper-analyses/scripts/../results/pop_size_simulations/simulation_results_combined/homochronous_independent/constcoal/uniform/lowmutsig/constcoal_homochronous_uniform_lowmutsig.T56.trees,0
/cluster/work/stadler/beckermar/BESP_paper-analyses/scripts/../results/pop_size_simulations/simulation_results_combined/homochronous_independent/constcoal/uniform/lowmutsig/constcoal_homochronous_uniform_lowmutsig.T57.trees,0
/cluster/work/stadler/beckermar/BESP_paper-analyses/scripts/../results/pop_size_simulations/simulation_results_combined/homochronous_independent/constcoal/uniform/lowmutsig/constcoal_homochronous_uniform_lowmutsig.T58.trees,0
/cluster/work/stadler/beckermar/BESP_paper-analyses/scripts/../results/pop_size_simulations/simulation_results_combined/homochronous_independent/constcoal/uniform/lowmutsig/constcoal_homochronous_uniform_lowmutsig.T59.trees,0
/cluster/work/stadler/beckermar/BESP_paper-analyses/scripts/../results/pop_size_simulations/simulation_results_combined/homochronous_independent/constcoal/uniform/lowmutsig/constcoal_homochronous_uniform_lowmutsig.T6.trees,0
/cluster/work/stadler/beckermar/BESP_paper-analyses/scripts/../results/pop_size_simulations/simulation_results_combined/homochronous_independent/constcoal/uniform/lowmutsig/constcoal_homochronous_uniform_lowmutsig.T60.trees,0
/cluster/work/stadler/beckermar/BESP_paper-analyses/scripts/../results/pop_size_simulations/simulation_results_combined/homochronous_independent/constcoal/uniform/lowmutsig/constcoal_homochronous_uniform_lowmutsig.T61.trees,0
/cluster/work/stadler/beckermar/BESP_paper-analyses/scripts/../results/pop_size_simulations/simulation_results_combined/homochronous_independent/constcoal/uniform/lowmutsig/constcoal_homochronous_uniform_lowmutsig.T62.trees,0
/cluster/work/stadler/beckermar/BESP_paper-analyses/scripts/../results/pop_size_simulations/simulation_results_combined/homochronous_independent/constcoal/uniform/lowmutsig/constcoal_homochronous_uniform_lowmutsig.T63.trees,0
/cluster/work/stadler/beckermar/BESP_paper-analyses/scripts/../results/pop_size_simulations/simulation_results_combined/homochronous_independent/constcoal/uniform/lowmutsig/constcoal_homochronous_uniform_lowmutsig.T64.trees,0
/cluster/work/stadler/beckermar/BESP_paper-analyses/scripts/../results/pop_size_simulations/simulation_results_combined/homochronous_independent/constcoal/uniform/lowmutsig/constcoal_homochronous_uniform_lowmutsig.T65.trees,0
/cluster/work/stadler/beckermar/BESP_paper-analyses/scripts/../results/pop_size_simulations/simulation_results_combined/homochronous_independent/constcoal/uniform/lowmutsig/constcoal_homochronous_uniform_lowmutsig.T66.trees,0
/cluster/work/stadler/beckermar/BESP_paper-analyses/scripts/../results/pop_size_simulations/simulation_results_combined/homochronous_independent/constcoal/uniform/lowmutsig/constcoal_homochronous_uniform_lowmutsig.T67.trees,0
/cluster/work/stadler/beckermar/BESP_paper-analyses/scripts/../results/pop_size_simulations/simulation_results_combined/homochronous_independent/constcoal/uniform/lowmutsig/constcoal_homochronous_uniform_lowmutsig.T68.trees,0
/cluster/work/stadler/beckermar/BESP_paper-analyses/scripts/../results/pop_size_simulations/simulation_results_combined/homochronous_independent/constcoal/uniform/lowmutsig/constcoal_homochronous_uniform_lowmutsig.T69.trees,0
/cluster/work/stadler/beckermar/BESP_paper-analyses/scripts/../results/pop_size_simulations/simulation_results_combined/homochronous_independent/constcoal/uniform/lowmutsig/constcoal_homochronous_uniform_lowmutsig.T7.trees,0
/cluster/work/stadler/beckermar/BESP_paper-analyses/scripts/../results/pop_size_simulations/simulation_results_combined/homochronous_independent/constcoal/uniform/lowmutsig/constcoal_homochronous_uniform_lowmutsig.T70.trees,0
/cluster/work/stadler/beckermar/BESP_paper-analyses/scripts/../results/pop_size_simulations/simulation_results_combined/homochronous_independent/constcoal/uniform/lowmutsig/constcoal_homochronous_uniform_lowmutsig.T71.trees,0
/cluster/work/stadler/beckermar/BESP_paper-analyses/scripts/../results/pop_size_simulations/simulation_results_combined/homochronous_independent/constcoal/uniform/lowmutsig/constcoal_homochronous_uniform_lowmutsig.T72.trees,0
/cluster/work/stadler/beckermar/BESP_paper-analyses/scripts/../results/pop_size_simulations/simulation_results_combined/homochronous_independent/constcoal/uniform/lowmutsig/constcoal_homochronous_uniform_lowmutsig.T73.trees,0
/cluster/work/stadler/beckermar/BESP_paper-analyses/scripts/../results/pop_size_simulations/simulation_results_combined/homochronous_independent/constcoal/uniform/lowmutsig/constcoal_homochronous_uniform_lowmutsig.T74.trees,0
/cluster/work/stadler/beckermar/BESP_paper-analyses/scripts/../results/pop_size_simulations/simulation_results_combined/homochronous_independent/constcoal/uniform/lowmutsig/constcoal_homochronous_uniform_lowmutsig.T75.trees,0
/cluster/work/stadler/beckermar/BESP_paper-analyses/scripts/../results/pop_size_simulations/simulation_results_combined/homochronous_independent/constcoal/uniform/lowmutsig/constcoal_homochronous_uniform_lowmutsig.T76.trees,0
/cluster/work/stadler/beckermar/BESP_paper-analyses/scripts/../results/pop_size_simulations/simulation_results_combined/homochronous_independent/constcoal/uniform/lowmutsig/constcoal_homochronous_uniform_lowmutsig.T77.trees,0
/cluster/work/stadler/beckermar/BESP_paper-analyses/scripts/../results/pop_size_simulations/simulation_results_combined/homochronous_independent/constcoal/uniform/lowmutsig/constcoal_homochronous_uniform_lowmutsig.T78.trees,0
/cluster/work/stadler/beckermar/BESP_paper-analyses/scripts/../results/pop_size_simulations/simulation_results_combined/homochronous_independent/constcoal/uniform/lowmutsig/constcoal_homochronous_uniform_lowmutsig.T79.trees,0
/cluster/work/stadler/beckermar/BESP_paper-analyses/scripts/../results/pop_size_simulations/simulation_results_combined/homochronous_independent/constcoal/uniform/lowmutsig/constcoal_homochronous_uniform_lowmutsig.T8.trees,0
/cluster/work/stadler/beckermar/BESP_paper-analyses/scripts/../results/pop_size_simulations/simulation_results_combined/homochronous_independent/constcoal/uniform/lowmutsig/constcoal_homochronous_uniform_lowmutsig.T80.trees,0
/cluster/work/stadler/beckermar/BESP_paper-analyses/scripts/../results/pop_size_simulations/simulation_results_combined/homochronous_independent/constcoal/uniform/lowmutsig/constcoal_homochronous_uniform_lowmutsig.T81.trees,0
/cluster/work/stadler/beckermar/BESP_paper-analyses/scripts/../results/pop_size_simulations/simulation_results_combined/homochronous_independent/constcoal/uniform/lowmutsig/constcoal_homochronous_uniform_lowmutsig.T82.trees,0
/cluster/work/stadler/beckermar/BESP_paper-analyses/scripts/../results/pop_size_simulations/simulation_results_combined/homochronous_independent/constcoal/uniform/lowmutsig/constcoal_homochronous_uniform_lowmutsig.T83.trees,0
/cluster/work/stadler/beckermar/BESP_paper-analyses/scripts/../results/pop_size_simulations/simulation_results_combined/homochronous_independent/constcoal/uniform/lowmutsig/constcoal_homochronous_uniform_lowmutsig.T84.trees,0
/cluster/work/stadler/beckermar/BESP_paper-analyses/scripts/../results/pop_size_simulations/simulation_results_combined/homochronous_independent/constcoal/uniform/lowmutsig/constcoal_homochronous_uniform_lowmutsig.T85.trees,0
/cluster/work/stadler/beckermar/BESP_paper-analyses/scripts/../results/pop_size_simulations/simulation_results_combined/homochronous_independent/constcoal/uniform/lowmutsig/constcoal_homochronous_uniform_lowmutsig.T86.trees,0
/cluster/work/stadler/beckermar/BESP_paper-analyses/scripts/../results/pop_size_simulations/simulation_results_combined/homochronous_independent/constcoal/uniform/lowmutsig/constcoal_homochronous_uniform_lowmutsig.T87.trees,0
/cluster/work/stadler/beckermar/BESP_paper-analyses/scripts/../results/pop_size_simulations/simulation_results_combined/homochronous_independent/constcoal/uniform/lowmutsig/constcoal_homochronous_uniform_lowmutsig.T88.trees,0
/cluster/work/stadler/beckermar/BESP_paper-analyses/scripts/../results/pop_size_simulations/simulation_results_combined/homochronous_independent/constcoal/uniform/lowmutsig/constcoal_homochronous_uniform_lowmutsig.T89.trees,0
/cluster/work/stadler/beckermar/BESP_paper-analyses/scripts/../results/pop_size_simulations/simulation_results_combined/homochronous_independent/constcoal/uniform/lowmutsig/constcoal_homochronous_uniform_lowmutsig.T9.trees,0
/cluster/work/stadler/beckermar/BESP_paper-analyses/scripts/../results/pop_size_simulations/simulation_results_combined/homochronous_independent/constcoal/uniform/lowmutsig/constcoal_homochronous_uniform_lowmutsig.T90.trees,0
/cluster/work/stadler/beckermar/BESP_paper-analyses/scripts/../results/pop_size_simulations/simulation_results_combined/homochronous_independent/constcoal/uniform/lowmutsig/constcoal_homochronous_uniform_lowmutsig.T91.trees,0
/cluster/work/stadler/beckermar/BESP_paper-analyses/scripts/../results/pop_size_simulations/simulation_results_combined/homochronous_independent/constcoal/uniform/lowmutsig/constcoal_homochronous_uniform_lowmutsig.T92.trees,0
/cluster/work/stadler/beckermar/BESP_paper-analyses/scripts/../results/pop_size_simulations/simulation_results_combined/homochronous_independent/constcoal/uniform/lowmutsig/constcoal_homochronous_uniform_lowmutsig.T93.trees,0
/cluster/work/stadler/beckermar/BESP_paper-analyses/scripts/../results/pop_size_simulations/simulation_results_combined/homochronous_independent/constcoal/uniform/lowmutsig/constcoal_homochronous_uniform_lowmutsig.T94.trees,0
/cluster/work/stadler/beckermar/BESP_paper-analyses/scripts/../results/pop_size_simulations/simulation_results_combined/homochronous_independent/constcoal/uniform/lowmutsig/constcoal_homochronous_uniform_lowmutsig.T95.trees,0
/cluster/work/stadler/beckermar/BESP_paper-analyses/scripts/../results/pop_size_simulations/simulation_results_combined/homochronous_independent/constcoal/uniform/lowmutsig/constcoal_homochronous_uniform_lowmutsig.T96.trees,0
/cluster/work/stadler/beckermar/BESP_paper-analyses/scripts/../results/pop_size_simulations/simulation_results_combined/homochronous_independent/constcoal/uniform/lowmutsig/constcoal_homochronous_uniform_lowmutsig.T97.trees,0
/cluster/work/stadler/beckermar/BESP_paper-analyses/scripts/../results/pop_size_simulations/simulation_results_combined/homochronous_independent/constcoal/uniform/lowmutsig/constcoal_homochronous_uniform_lowmutsig.T98.trees,0
/cluster/work/stadler/beckermar/BESP_paper-analyses/scripts/../results/pop_size_simulations/simulation_results_combined/homochronous_independent/constcoal/uniform/lowmutsig/constcoal_homochronous_uniform_lowmutsig.T99.trees,0
/cluster/work/stadler/beckermar/BESP_paper-analyses/scripts/../results/pop_size_simulations/simulation_results_combined/homochronous_independent/constcoal/uniform/medmutsig/constcoal_homochronous_uniform_medmutsig.T0.trees,0
/cluster/work/stadler/beckermar/BESP_paper-analyses/scripts/../results/pop_size_simulations/simulation_results_combined/homochronous_independent/constcoal/uniform/medmutsig/constcoal_homochronous_uniform_medmutsig.T1.trees,0
/cluster/work/stadler/beckermar/BESP_paper-analyses/scripts/../results/pop_size_simulations/simulation_results_combined/homochronous_independent/constcoal/uniform/medmutsig/constcoal_homochronous_uniform_medmutsig.T10.trees,0
/cluster/work/stadler/beckermar/BESP_paper-analyses/scripts/../results/pop_size_simulations/simulation_results_combined/homochronous_independent/constcoal/uniform/medmutsig/constcoal_homochronous_uniform_medmutsig.T11.trees,0
/cluster/work/stadler/beckermar/BESP_paper-analyses/scripts/../results/pop_size_simulations/simulation_results_combined/homochronous_independent/constcoal/uniform/medmutsig/constcoal_homochronous_uniform_medmutsig.T12.trees,0
/cluster/work/stadler/beckermar/BESP_paper-analyses/scripts/../results/pop_size_simulations/simulation_results_combined/homochronous_independent/constcoal/uniform/medmutsig/constcoal_homochronous_uniform_medmutsig.T13.trees,0
/cluster/work/stadler/beckermar/BESP_paper-analyses/scripts/../results/pop_size_simulations/simulation_results_combined/homochronous_independent/constcoal/uniform/medmutsig/constcoal_homochronous_uniform_medmutsig.T14.trees,0
/cluster/work/stadler/beckermar/BESP_paper-analyses/scripts/../results/pop_size_simulations/simulation_results_combined/homochronous_independent/constcoal/uniform/medmutsig/constcoal_homochronous_uniform_medmutsig.T15.trees,0
/cluster/work/stadler/beckermar/BESP_paper-analyses/scripts/../results/pop_size_simulations/simulation_results_combined/homochronous_independent/constcoal/uniform/medmutsig/constcoal_homochronous_uniform_medmutsig.T16.trees,0
/cluster/work/stadler/beckermar/BESP_paper-analyses/scripts/../results/pop_size_simulations/simulation_results_combined/homochronous_independent/constcoal/uniform/medmutsig/constcoal_homochronous_uniform_medmutsig.T17.trees,0
/cluster/work/stadler/beckermar/BESP_paper-analyses/scripts/../results/pop_size_simulations/simulation_results_combined/homochronous_independent/constcoal/uniform/medmutsig/constcoal_homochronous_uniform_medmutsig.T18.trees,0
/cluster/work/stadler/beckermar/BESP_paper-analyses/scripts/../results/pop_size_simulations/simulation_results_combined/homochronous_independent/constcoal/uniform/medmutsig/constcoal_homochronous_uniform_medmutsig.T19.trees,0
/cluster/work/stadler/beckermar/BESP_paper-analyses/scripts/../results/pop_size_simulations/simulation_results_combined/homochronous_independent/constcoal/uniform/medmutsig/constcoal_homochronous_uniform_medmutsig.T2.trees,0
/cluster/work/stadler/beckermar/BESP_paper-analyses/scripts/../results/pop_size_simulations/simulation_results_combined/homochronous_independent/constcoal/uniform/medmutsig/constcoal_homochronous_uniform_medmutsig.T20.trees,0
/cluster/work/stadler/beckermar/BESP_paper-analyses/scripts/../results/pop_size_simulations/simulation_results_combined/homochronous_independent/constcoal/uniform/medmutsig/constcoal_homochronous_uniform_medmutsig.T21.trees,0
/cluster/work/stadler/beckermar/BESP_paper-analyses/scripts/../results/pop_size_simulations/simulation_results_combined/homochronous_independent/constcoal/uniform/medmutsig/constcoal_homochronous_uniform_medmutsig.T22.trees,0
/cluster/work/stadler/beckermar/BESP_paper-analyses/scripts/../results/pop_size_simulations/simulation_results_combined/homochronous_independent/constcoal/uniform/medmutsig/constcoal_homochronous_uniform_medmutsig.T23.trees,0
/cluster/work/stadler/beckermar/BESP_paper-analyses/scripts/../results/pop_size_simulations/simulation_results_combined/homochronous_independent/constcoal/uniform/medmutsig/constcoal_homochronous_uniform_medmutsig.T24.trees,0
/cluster/work/stadler/beckermar/BESP_paper-analyses/scripts/../results/pop_size_simulations/simulation_results_combined/homochronous_independent/constcoal/uniform/medmutsig/constcoal_homochronous_uniform_medmutsig.T25.trees,0
/cluster/work/stadler/beckermar/BESP_paper-analyses/scripts/../results/pop_size_simulations/simulation_results_combined/homochronous_independent/constcoal/uniform/medmutsig/constcoal_homochronous_uniform_medmutsig.T26.trees,0
/cluster/work/stadler/beckermar/BESP_paper-analyses/scripts/../results/pop_size_simulations/simulation_results_combined/homochronous_independent/constcoal/uniform/medmutsig/constcoal_homochronous_uniform_medmutsig.T27.trees,0
/cluster/work/stadler/beckermar/BESP_paper-analyses/scripts/../results/pop_size_simulations/simulation_results_combined/homochronous_independent/constcoal/uniform/medmutsig/constcoal_homochronous_uniform_medmutsig.T28.trees,0
/cluster/work/stadler/beckermar/BESP_paper-analyses/scripts/../results/pop_size_simulations/simulation_results_combined/homochronous_independent/constcoal/uniform/medmutsig/constcoal_homochronous_uniform_medmutsig.T29.trees,0
/cluster/work/stadler/beckermar/BESP_paper-analyses/scripts/../results/pop_size_simulations/simulation_results_combined/homochronous_independent/constcoal/uniform/medmutsig/constcoal_homochronous_uniform_medmutsig.T3.trees,0
/cluster/work/stadler/beckermar/BESP_paper-analyses/scripts/../results/pop_size_simulations/simulation_results_combined/homochronous_independent/constcoal/uniform/medmutsig/constcoal_homochronous_uniform_medmutsig.T30.trees,0
/cluster/work/stadler/beckermar/BESP_paper-analyses/scripts/../results/pop_size_simulations/simulation_results_combined/homochronous_independent/constcoal/uniform/medmutsig/constcoal_homochronous_uniform_medmutsig.T31.trees,0
/cluster/work/stadler/beckermar/BESP_paper-analyses/scripts/../results/pop_size_simulations/simulation_results_combined/homochronous_independent/constcoal/uniform/medmutsig/constcoal_homochronous_uniform_medmutsig.T32.trees,0
/cluster/work/stadler/beckermar/BESP_paper-analyses/scripts/../results/pop_size_simulations/simulation_results_combined/homochronous_independent/constcoal/uniform/medmutsig/constcoal_homochronous_uniform_medmutsig.T33.trees,0
/cluster/work/stadler/beckermar/BESP_paper-analyses/scripts/../results/pop_size_simulations/simulation_results_combined/homochronous_independent/constcoal/uniform/medmutsig/constcoal_homochronous_uniform_medmutsig.T34.trees,0
/cluster/work/stadler/beckermar/BESP_paper-analyses/scripts/../results/pop_size_simulations/simulation_results_combined/homochronous_independent/constcoal/uniform/medmutsig/constcoal_homochronous_uniform_medmutsig.T35.trees,0
/cluster/work/stadler/beckermar/BESP_paper-analyses/scripts/../results/pop_size_simulations/simulation_results_combined/homochronous_independent/constcoal/uniform/medmutsig/constcoal_homochronous_uniform_medmutsig.T36.trees,0
/cluster/work/stadler/beckermar/BESP_paper-analyses/scripts/../results/pop_size_simulations/simulation_results_combined/homochronous_independent/constcoal/uniform/medmutsig/constcoal_homochronous_uniform_medmutsig.T37.trees,0
/cluster/work/stadler/beckermar/BESP_paper-analyses/scripts/../results/pop_size_simulations/simulation_results_combined/homochronous_independent/constcoal/uniform/medmutsig/constcoal_homochronous_uniform_medmutsig.T38.trees,0
/cluster/work/stadler/beckermar/BESP_paper-analyses/scripts/../results/pop_size_simulations/simulation_results_combined/homochronous_independent/constcoal/uniform/medmutsig/constcoal_homochronous_uniform_medmutsig.T39.trees,0
/cluster/work/stadler/beckermar/BESP_paper-analyses/scripts/../results/pop_size_simulations/simulation_results_combined/homochronous_independent/constcoal/uniform/medmutsig/constcoal_homochronous_uniform_medmutsig.T4.trees,0
/cluster/work/stadler/beckermar/BESP_paper-analyses/scripts/../results/pop_size_simulations/simulation_results_combined/homochronous_independent/constcoal/uniform/medmutsig/constcoal_homochronous_uniform_medmutsig.T40.trees,0
/cluster/work/stadler/beckermar/BESP_paper-analyses/scripts/../results/pop_size_simulations/simulation_results_combined/homochronous_independent/constcoal/uniform/medmutsig/constcoal_homochronous_uniform_medmutsig.T41.trees,0
/cluster/work/stadler/beckermar/BESP_paper-analyses/scripts/../results/pop_size_simulations/simulation_results_combined/homochronous_independent/constcoal/uniform/medmutsig/constcoal_homochronous_uniform_medmutsig.T42.trees,0
/cluster/work/stadler/beckermar/BESP_paper-analyses/scripts/../results/pop_size_simulations/simulation_results_combined/homochronous_independent/constcoal/uniform/medmutsig/constcoal_homochronous_uniform_medmutsig.T43.trees,0
/cluster/work/stadler/beckermar/BESP_paper-analyses/scripts/../results/pop_size_simulations/simulation_results_combined/homochronous_independent/constcoal/uniform/medmutsig/constcoal_homochronous_uniform_medmutsig.T44.trees,0
/cluster/work/stadler/beckermar/BESP_paper-analyses/scripts/../results/pop_size_simulations/simulation_results_combined/homochronous_independent/constcoal/uniform/medmutsig/constcoal_homochronous_uniform_medmutsig.T45.trees,0
/cluster/work/stadler/beckermar/BESP_paper-analyses/scripts/../results/pop_size_simulations/simulation_results_combined/homochronous_independent/constcoal/uniform/medmutsig/constcoal_homochronous_uniform_medmutsig.T46.trees,0
/cluster/work/stadler/beckermar/BESP_paper-analyses/scripts/../results/pop_size_simulations/simulation_results_combined/homochronous_independent/constcoal/uniform/medmutsig/constcoal_homochronous_uniform_medmutsig.T47.trees,0
/cluster/work/stadler/beckermar/BESP_paper-analyses/scripts/../results/pop_size_simulations/simulation_results_combined/homochronous_independent/constcoal/uniform/medmutsig/constcoal_homochronous_uniform_medmutsig.T48.trees,0
/cluster/work/stadler/beckermar/BESP_paper-analyses/scripts/../results/pop_size_simulations/simulation_results_combined/homochronous_independent/constcoal/uniform/medmutsig/constcoal_homochronous_uniform_medmutsig.T49.trees,0
/cluster/work/stadler/beckermar/BESP_paper-analyses/scripts/../results/pop_size_simulations/simulation_results_combined/homochronous_independent/constcoal/uniform/medmutsig/constcoal_homochronous_uniform_medmutsig.T5.trees,0
/cluster/work/stadler/beckermar/BESP_paper-analyses/scripts/../results/pop_size_simulations/simulation_results_combined/homochronous_independent/constcoal/uniform/medmutsig/constcoal_homochronous_uniform_medmutsig.T50.trees,0
/cluster/work/stadler/beckermar/BESP_paper-analyses/scripts/../results/pop_size_simulations/simulation_results_combined/homochronous_independent/constcoal/uniform/medmutsig/constcoal_homochronous_uniform_medmutsig.T51.trees,0
/cluster/work/stadler/beckermar/BESP_paper-analyses/scripts/../results/pop_size_simulations/simulation_results_combined/homochronous_independent/constcoal/uniform/medmutsig/constcoal_homochronous_uniform_medmutsig.T52.trees,0
/cluster/work/stadler/beckermar/BESP_paper-analyses/scripts/../results/pop_size_simulations/simulation_results_combined/homochronous_independent/constcoal/uniform/medmutsig/constcoal_homochronous_uniform_medmutsig.T53.trees,0
/cluster/work/stadler/beckermar/BESP_paper-analyses/scripts/../results/pop_size_simulations/simulation_results_combined/homochronous_independent/constcoal/uniform/medmutsig/constcoal_homochronous_uniform_medmutsig.T54.trees,0
/cluster/work/stadler/beckermar/BESP_paper-analyses/scripts/../results/pop_size_simulations/simulation_results_combined/homochronous_independent/constcoal/uniform/medmutsig/constcoal_homochronous_uniform_medmutsig.T55.trees,0
/cluster/work/stadler/beckermar/BESP_paper-analyses/scripts/../results/pop_size_simulations/simulation_results_combined/homochronous_independent/constcoal/uniform/medmutsig/constcoal_homochronous_uniform_medmutsig.T56.trees,0
/cluster/work/stadler/beckermar/BESP_paper-analyses/scripts/../results/pop_size_simulations/simulation_results_combined/homochronous_independent/constcoal/uniform/medmutsig/constcoal_homochronous_uniform_medmutsig.T57.trees,0
/cluster/work/stadler/beckermar/BESP_paper-analyses/scripts/../results/pop_size_simulations/simulation_results_combined/homochronous_independent/constcoal/uniform/medmutsig/constcoal_homochronous_uniform_medmutsig.T58.trees,0
/cluster/work/stadler/beckermar/BESP_paper-analyses/scripts/../results/pop_size_simulations/simulation_results_combined/homochronous_independent/constcoal/uniform/medmutsig/constcoal_homochronous_uniform_medmutsig.T59.trees,0
/cluster/work/stadler/beckermar/BESP_paper-analyses/scripts/../results/pop_size_simulations/simulation_results_combined/homochronous_independent/constcoal/uniform/medmutsig/constcoal_homochronous_uniform_medmutsig.T6.trees,0
/cluster/work/stadler/beckermar/BESP_paper-analyses/scripts/../results/pop_size_simulations/simulation_results_combined/homochronous_independent/constcoal/uniform/medmutsig/constcoal_homochronous_uniform_medmutsig.T60.trees,0
/cluster/work/stadler/beckermar/BESP_paper-analyses/scripts/../results/pop_size_simulations/simulation_results_combined/homochronous_independent/constcoal/uniform/medmutsig/constcoal_homochronous_uniform_medmutsig.T61.trees,0
/cluster/work/stadler/beckermar/BESP_paper-analyses/scripts/../results/pop_size_simulations/simulation_results_combined/homochronous_independent/constcoal/uniform/medmutsig/constcoal_homochronous_uniform_medmutsig.T62.trees,0
/cluster/work/stadler/beckermar/BESP_paper-analyses/scripts/../results/pop_size_simulations/simulation_results_combined/homochronous_independent/constcoal/uniform/medmutsig/constcoal_homochronous_uniform_medmutsig.T63.trees,0
/cluster/work/stadler/beckermar/BESP_paper-analyses/scripts/../results/pop_size_simulations/simulation_results_combined/homochronous_independent/constcoal/uniform/medmutsig/constcoal_homochronous_uniform_medmutsig.T64.trees,0
/cluster/work/stadler/beckermar/BESP_paper-analyses/scripts/../results/pop_size_simulations/simulation_results_combined/homochronous_independent/constcoal/uniform/medmutsig/constcoal_homochronous_uniform_medmutsig.T65.trees,0
/cluster/work/stadler/beckermar/BESP_paper-analyses/scripts/../results/pop_size_simulations/simulation_results_combined/homochronous_independent/constcoal/uniform/medmutsig/constcoal_homochronous_uniform_medmutsig.T66.trees,0
/cluster/work/stadler/beckermar/BESP_paper-analyses/scripts/../results/pop_size_simulations/simulation_results_combined/homochronous_independent/constcoal/uniform/medmutsig/constcoal_homochronous_uniform_medmutsig.T67.trees,0
/cluster/work/stadler/beckermar/BESP_paper-analyses/scripts/../results/pop_size_simulations/simulation_results_combined/homochronous_independent/constcoal/uniform/medmutsig/constcoal_homochronous_uniform_medmutsig.T68.trees,0
/cluster/work/stadler/beckermar/BESP_paper-analyses/scripts/../results/pop_size_simulations/simulation_results_combined/homochronous_independent/constcoal/uniform/medmutsig/constcoal_homochronous_uniform_medmutsig.T69.trees,0
/cluster/work/stadler/beckermar/BESP_paper-analyses/scripts/../results/pop_size_simulations/simulation_results_combined/homochronous_independent/constcoal/uniform/medmutsig/constcoal_homochronous_uniform_medmutsig.T7.trees,0
/cluster/work/stadler/beckermar/BESP_paper-analyses/scripts/../results/pop_size_simulations/simulation_results_combined/homochronous_independent/constcoal/uniform/medmutsig/constcoal_homochronous_uniform_medmutsig.T70.trees,0
/cluster/work/stadler/beckermar/BESP_paper-analyses/scripts/../results/pop_size_simulations/simulation_results_combined/homochronous_independent/constcoal/uniform/medmutsig/constcoal_homochronous_uniform_medmutsig.T71.trees,0
/cluster/work/stadler/beckermar/BESP_paper-analyses/scripts/../results/pop_size_simulations/simulation_results_combined/homochronous_independent/constcoal/uniform/medmutsig/constcoal_homochronous_uniform_medmutsig.T72.trees,0
/cluster/work/stadler/beckermar/BESP_paper-analyses/scripts/../results/pop_size_simulations/simulation_results_combined/homochronous_independent/constcoal/uniform/medmutsig/constcoal_homochronous_uniform_medmutsig.T73.trees,0
/cluster/work/stadler/beckermar/BESP_paper-analyses/scripts/../results/pop_size_simulations/simulation_results_combined/homochronous_independent/constcoal/uniform/medmutsig/constcoal_homochronous_uniform_medmutsig.T74.trees,0
/cluster/work/stadler/beckermar/BESP_paper-analyses/scripts/../results/pop_size_simulations/simulation_results_combined/homochronous_independent/constcoal/uniform/medmutsig/constcoal_homochronous_uniform_medmutsig.T75.trees,0
/cluster/work/stadler/beckermar/BESP_paper-analyses/scripts/../results/pop_size_simulations/simulation_results_combined/homochronous_independent/constcoal/uniform/medmutsig/constcoal_homochronous_uniform_medmutsig.T76.trees,0
/cluster/work/stadler/beckermar/BESP_paper-analyses/scripts/../results/pop_size_simulations/simulation_results_combined/homochronous_independent/constcoal/uniform/medmutsig/constcoal_homochronous_uniform_medmutsig.T77.trees,0
/cluster/work/stadler/beckermar/BESP_paper-analyses/scripts/../results/pop_size_simulations/simulation_results_combined/homochronous_independent/constcoal/uniform/medmutsig/constcoal_homochronous_uniform_medmutsig.T78.trees,0
/cluster/work/stadler/beckermar/BESP_paper-analyses/scripts/../results/pop_size_simulations/simulation_results_combined/homochronous_independent/constcoal/uniform/medmutsig/constcoal_homochronous_uniform_medmutsig.T79.trees,0
/cluster/work/stadler/beckermar/BESP_paper-analyses/scripts/../results/pop_size_simulations/simulation_results_combined/homochronous_independent/constcoal/uniform/medmutsig/constcoal_homochronous_uniform_medmutsig.T8.trees,0
/cluster/work/stadler/beckermar/BESP_paper-analyses/scripts/../results/pop_size_simulations/simulation_results_combined/homochronous_independent/constcoal/uniform/medmutsig/constcoal_homochronous_uniform_medmutsig.T80.trees,0
/cluster/work/stadler/beckermar/BESP_paper-analyses/scripts/../results/pop_size_simulations/simulation_results_combined/homochronous_independent/constcoal/uniform/medmutsig/constcoal_homochronous_uniform_medmutsig.T81.trees,0
/cluster/work/stadler/beckermar/BESP_paper-analyses/scripts/../results/pop_size_simulations/simulation_results_combined/homochronous_independent/constcoal/uniform/medmutsig/constcoal_homochronous_uniform_medmutsig.T82.trees,0
/cluster/work/stadler/beckermar/BESP_paper-analyses/scripts/../results/pop_size_simulations/simulation_results_combined/homochronous_independent/constcoal/uniform/medmutsig/constcoal_homochronous_uniform_medmutsig.T83.trees,0
/cluster/work/stadler/beckermar/BESP_paper-analyses/scripts/../results/pop_size_simulations/simulation_results_combined/homochronous_independent/constcoal/uniform/medmutsig/constcoal_homochronous_uniform_medmutsig.T84.trees,0
/cluster/work/stadler/beckermar/BESP_paper-analyses/scripts/../results/pop_size_simulations/simulation_results_combined/homochronous_independent/constcoal/uniform/medmutsig/constcoal_homochronous_uniform_medmutsig.T85.trees,0
/cluster/work/stadler/beckermar/BESP_paper-analyses/scripts/../results/pop_size_simulations/simulation_results_combined/homochronous_independent/constcoal/uniform/medmutsig/constcoal_homochronous_uniform_medmutsig.T86.trees,0
/cluster/work/stadler/beckermar/BESP_paper-analyses/scripts/../results/pop_size_simulations/simulation_results_combined/homochronous_independent/constcoal/uniform/medmutsig/constcoal_homochronous_uniform_medmutsig.T87.trees,0
/cluster/work/stadler/beckermar/BESP_paper-analyses/scripts/../results/pop_size_simulations/simulation_results_combined/homochronous_independent/constcoal/uniform/medmutsig/constcoal_homochronous_uniform_medmutsig.T88.trees,0
/cluster/work/stadler/beckermar/BESP_paper-analyses/scripts/../results/pop_size_simulations/simulation_results_combined/homochronous_independent/constcoal/uniform/medmutsig/constcoal_homochronous_uniform_medmutsig.T89.trees,0
/cluster/work/stadler/beckermar/BESP_paper-analyses/scripts/../results/pop_size_simulations/simulation_results_combined/homochronous_independent/constcoal/uniform/medmutsig/constcoal_homochronous_uniform_medmutsig.T9.trees,0
/cluster/work/stadler/beckermar/BESP_paper-analyses/scripts/../results/pop_size_simulations/simulation_results_combined/homochronous_independent/constcoal/uniform/medmutsig/constcoal_homochronous_uniform_medmutsig.T90.trees,0
/cluster/work/stadler/beckermar/BESP_paper-analyses/scripts/../results/pop_size_simulations/simulation_results_combined/homochronous_independent/constcoal/uniform/medmutsig/constcoal_homochronous_uniform_medmutsig.T91.trees,0
/cluster/work/stadler/beckermar/BESP_paper-analyses/scripts/../results/pop_size_simulations/simulation_results_combined/homochronous_independent/constcoal/uniform/medmutsig/constcoal_homochronous_uniform_medmutsig.T92.trees,0
/cluster/work/stadler/beckermar/BESP_paper-analyses/scripts/../results/pop_size_simulations/simulation_results_combined/homochronous_independent/constcoal/uniform/medmutsig/constcoal_homochronous_uniform_medmutsig.T93.trees,0
/cluster/work/stadler/beckermar/BESP_paper-analyses/scripts/../results/pop_size_simulations/simulation_results_combined/homochronous_independent/constcoal/uniform/medmutsig/constcoal_homochronous_uniform_medmutsig.T94.trees,0
/cluster/work/stadler/beckermar/BESP_paper-analyses/scripts/../results/pop_size_simulations/simulation_results_combined/homochronous_independent/constcoal/uniform/medmutsig/constcoal_homochronous_uniform_medmutsig.T95.trees,0
/cluster/work/stadler/beckermar/BESP_paper-analyses/scripts/../results/pop_size_simulations/simulation_results_combined/homochronous_independent/constcoal/uniform/medmutsig/constcoal_homochronous_uniform_medmutsig.T96.trees,0
/cluster/work/stadler/beckermar/BESP_paper-analyses/scripts/../results/pop_size_simulations/simulation_results_combined/homochronous_independent/constcoal/uniform/medmutsig/constcoal_homochronous_uniform_medmutsig.T97.trees,0
/cluster/work/stadler/beckermar/BESP_paper-analyses/scripts/../results/pop_size_simulations/simulation_results_combined/homochronous_independent/constcoal/uniform/medmutsig/constcoal_homochronous_uniform_medmutsig.T98.trees,0
/cluster/work/stadler/beckermar/BESP_paper-analyses/scripts/../results/pop_size_simulations/simulation_results_combined/homochronous_independent/constcoal/uniform/medmutsig/constcoal_homochronous_uniform_medmutsig.T99.trees,0
/cluster/work/stadler/beckermar/BESP_paper-analyses/scripts/../results/pop_size_simulations/simulation_results_combined/homochronous_independent/skyline/expgrowth_fast/highmutsig/skyline_homochronous_expgrowth_fast_highmutsig.T0.trees,0
/cluster/work/stadler/beckermar/BESP_paper-analyses/scripts/../results/pop_size_simulations/simulation_results_combined/homochronous_independent/skyline/expgrowth_fast/highmutsig/skyline_homochronous_expgrowth_fast_highmutsig.T1.trees,0
/cluster/work/stadler/beckermar/BESP_paper-analyses/scripts/../results/pop_size_simulations/simulation_results_combined/homochronous_independent/skyline/expgrowth_fast/highmutsig/skyline_homochronous_expgrowth_fast_highmutsig.T10.trees,0
/cluster/work/stadler/beckermar/BESP_paper-analyses/scripts/../results/pop_size_simulations/simulation_results_combined/homochronous_independent/skyline/expgrowth_fast/highmutsig/skyline_homochronous_expgrowth_fast_highmutsig.T11.trees,0
/cluster/work/stadler/beckermar/BESP_paper-analyses/scripts/../results/pop_size_simulations/simulation_results_combined/homochronous_independent/skyline/expgrowth_fast/highmutsig/skyline_homochronous_expgrowth_fast_highmutsig.T12.trees,0
/cluster/work/stadler/beckermar/BESP_paper-analyses/scripts/../results/pop_size_simulations/simulation_results_combined/homochronous_independent/skyline/expgrowth_fast/highmutsig/skyline_homochronous_expgrowth_fast_highmutsig.T13.trees,0
/cluster/work/stadler/beckermar/BESP_paper-analyses/scripts/../results/pop_size_simulations/simulation_results_combined/homochronous_independent/skyline/expgrowth_fast/highmutsig/skyline_homochronous_expgrowth_fast_highmutsig.T14.trees,0
/cluster/work/stadler/beckermar/BESP_paper-analyses/scripts/../results/pop_size_simulations/simulation_results_combined/homochronous_independent/skyline/expgrowth_fast/highmutsig/skyline_homochronous_expgrowth_fast_highmutsig.T15.trees,0
/cluster/work/stadler/beckermar/BESP_paper-analyses/scripts/../results/pop_size_simulations/simulation_results_combined/homochronous_independent/skyline/expgrowth_fast/highmutsig/skyline_homochronous_expgrowth_fast_highmutsig.T16.trees,0
/cluster/work/stadler/beckermar/BESP_paper-analyses/scripts/../results/pop_size_simulations/simulation_results_combined/homochronous_independent/skyline/expgrowth_fast/highmutsig/skyline_homochronous_expgrowth_fast_highmutsig.T17.trees,0
/cluster/work/stadler/beckermar/BESP_paper-analyses/scripts/../results/pop_size_simulations/simulation_results_combined/homochronous_independent/skyline/expgrowth_fast/highmutsig/skyline_homochronous_expgrowth_fast_highmutsig.T18.trees,0
/cluster/work/stadler/beckermar/BESP_paper-analyses/scripts/../results/pop_size_simulations/simulation_results_combined/homochronous_independent/skyline/expgrowth_fast/highmutsig/skyline_homochronous_expgrowth_fast_highmutsig.T19.trees,0
/cluster/work/stadler/beckermar/BESP_paper-analyses/scripts/../results/pop_size_simulations/simulation_results_combined/homochronous_independent/skyline/expgrowth_fast/highmutsig/skyline_homochronous_expgrowth_fast_highmutsig.T2.trees,0
/cluster/work/stadler/beckermar/BESP_paper-analyses/scripts/../results/pop_size_simulations/simulation_results_combined/homochronous_independent/skyline/expgrowth_fast/highmutsig/skyline_homochronous_expgrowth_fast_highmutsig.T20.trees,0
/cluster/work/stadler/beckermar/BESP_paper-analyses/scripts/../results/pop_size_simulations/simulation_results_combined/homochronous_independent/skyline/expgrowth_fast/highmutsig/skyline_homochronous_expgrowth_fast_highmutsig.T21.trees,0
/cluster/work/stadler/beckermar/BESP_paper-analyses/scripts/../results/pop_size_simulations/simulation_results_combined/homochronous_independent/skyline/expgrowth_fast/highmutsig/skyline_homochronous_expgrowth_fast_highmutsig.T22.trees,0
/cluster/work/stadler/beckermar/BESP_paper-analyses/scripts/../results/pop_size_simulations/simulation_results_combined/homochronous_independent/skyline/expgrowth_fast/highmutsig/skyline_homochronous_expgrowth_fast_highmutsig.T23.trees,0
/cluster/work/stadler/beckermar/BESP_paper-analyses/scripts/../results/pop_size_simulations/simulation_results_combined/homochronous_independent/skyline/expgrowth_fast/highmutsig/skyline_homochronous_expgrowth_fast_highmutsig.T24.trees,0
/cluster/work/stadler/beckermar/BESP_paper-analyses/scripts/../results/pop_size_simulations/simulation_results_combined/homochronous_independent/skyline/expgrowth_fast/highmutsig/skyline_homochronous_expgrowth_fast_highmutsig.T25.trees,0
/cluster/work/stadler/beckermar/BESP_paper-analyses/scripts/../results/pop_size_simulations/simulation_results_combined/homochronous_independent/skyline/expgrowth_fast/highmutsig/skyline_homochronous_expgrowth_fast_highmutsig.T26.trees,0
/cluster/work/stadler/beckermar/BESP_paper-analyses/scripts/../results/pop_size_simulations/simulation_results_combined/homochronous_independent/skyline/expgrowth_fast/highmutsig/skyline_homochronous_expgrowth_fast_highmutsig.T27.trees,0
/cluster/work/stadler/beckermar/BESP_paper-analyses/scripts/../results/pop_size_simulations/simulation_results_combined/homochronous_independent/skyline/expgrowth_fast/highmutsig/skyline_homochronous_expgrowth_fast_highmutsig.T28.trees,0
/cluster/work/stadler/beckermar/BESP_paper-analyses/scripts/../results/pop_size_simulations/simulation_results_combined/homochronous_independent/skyline/expgrowth_fast/highmutsig/skyline_homochronous_expgrowth_fast_highmutsig.T29.trees,0
/cluster/work/stadler/beckermar/BESP_paper-analyses/scripts/../results/pop_size_simulations/simulation_results_combined/homochronous_independent/skyline/expgrowth_fast/highmutsig/skyline_homochronous_expgrowth_fast_highmutsig.T3.trees,0
/cluster/work/stadler/beckermar/BESP_paper-analyses/scripts/../results/pop_size_simulations/simulation_results_combined/homochronous_independent/skyline/expgrowth_fast/highmutsig/skyline_homochronous_expgrowth_fast_highmutsig.T30.trees,0
/cluster/work/stadler/beckermar/BESP_paper-analyses/scripts/../results/pop_size_simulations/simulation_results_combined/homochronous_independent/skyline/expgrowth_fast/highmutsig/skyline_homochronous_expgrowth_fast_highmutsig.T31.trees,0
/cluster/work/stadler/beckermar/BESP_paper-analyses/scripts/../results/pop_size_simulations/simulation_results_combined/homochronous_independent/skyline/expgrowth_fast/highmutsig/skyline_homochronous_expgrowth_fast_highmutsig.T32.trees,0
/cluster/work/stadler/beckermar/BESP_paper-analyses/scripts/../results/pop_size_simulations/simulation_results_combined/homochronous_independent/skyline/expgrowth_fast/highmutsig/skyline_homochronous_expgrowth_fast_highmutsig.T33.trees,0
/cluster/work/stadler/beckermar/BESP_paper-analyses/scripts/../results/pop_size_simulations/simulation_results_combined/homochronous_independent/skyline/expgrowth_fast/highmutsig/skyline_homochronous_expgrowth_fast_highmutsig.T34.trees,0
/cluster/work/stadler/beckermar/BESP_paper-analyses/scripts/../results/pop_size_simulations/simulation_results_combined/homochronous_independent/skyline/expgrowth_fast/highmutsig/skyline_homochronous_expgrowth_fast_highmutsig.T35.trees,0
/cluster/work/stadler/beckermar/BESP_paper-analyses/scripts/../results/pop_size_simulations/simulation_results_combined/homochronous_independent/skyline/expgrowth_fast/highmutsig/skyline_homochronous_expgrowth_fast_highmutsig.T36.trees,0
/cluster/work/stadler/beckermar/BESP_paper-analyses/scripts/../results/pop_size_simulations/simulation_results_combined/homochronous_independent/skyline/expgrowth_fast/highmutsig/skyline_homochronous_expgrowth_fast_highmutsig.T37.trees,0
/cluster/work/stadler/beckermar/BESP_paper-analyses/scripts/../results/pop_size_simulations/simulation_results_combined/homochronous_independent/skyline/expgrowth_fast/highmutsig/skyline_homochronous_expgrowth_fast_highmutsig.T38.trees,0
/cluster/work/stadler/beckermar/BESP_paper-analyses/scripts/../results/pop_size_simulations/simulation_results_combined/homochronous_independent/skyline/expgrowth_fast/highmutsig/skyline_homochronous_expgrowth_fast_highmutsig.T39.trees,0
/cluster/work/stadler/beckermar/BESP_paper-analyses/scripts/../results/pop_size_simulations/simulation_results_combined/homochronous_independent/skyline/expgrowth_fast/highmutsig/skyline_homochronous_expgrowth_fast_highmutsig.T4.trees,0
/cluster/work/stadler/beckermar/BESP_paper-analyses/scripts/../results/pop_size_simulations/simulation_results_combined/homochronous_independent/skyline/expgrowth_fast/highmutsig/skyline_homochronous_expgrowth_fast_highmutsig.T40.trees,0
/cluster/work/stadler/beckermar/BESP_paper-analyses/scripts/../results/pop_size_simulations/simulation_results_combined/homochronous_independent/skyline/expgrowth_fast/highmutsig/skyline_homochronous_expgrowth_fast_highmutsig.T41.trees,0
/cluster/work/stadler/beckermar/BESP_paper-analyses/scripts/../results/pop_size_simulations/simulation_results_combined/homochronous_independent/skyline/expgrowth_fast/highmutsig/skyline_homochronous_expgrowth_fast_highmutsig.T42.trees,0
/cluster/work/stadler/beckermar/BESP_paper-analyses/scripts/../results/pop_size_simulations/simulation_results_combined/homochronous_independent/skyline/expgrowth_fast/highmutsig/skyline_homochronous_expgrowth_fast_highmutsig.T43.trees,0
/cluster/work/stadler/beckermar/BESP_paper-analyses/scripts/../results/pop_size_simulations/simulation_results_combined/homochronous_independent/skyline/expgrowth_fast/highmutsig/skyline_homochronous_expgrowth_fast_highmutsig.T44.trees,0
/cluster/work/stadler/beckermar/BESP_paper-analyses/scripts/../results/pop_size_simulations/simulation_results_combined/homochronous_independent/skyline/expgrowth_fast/highmutsig/skyline_homochronous_expgrowth_fast_highmutsig.T45.trees,0
/cluster/work/stadler/beckermar/BESP_paper-analyses/scripts/../results/pop_size_simulations/simulation_results_combined/homochronous_independent/skyline/expgrowth_fast/highmutsig/skyline_homochronous_expgrowth_fast_highmutsig.T46.trees,0
/cluster/work/stadler/beckermar/BESP_paper-analyses/scripts/../results/pop_size_simulations/simulation_results_combined/homochronous_independent/skyline/expgrowth_fast/highmutsig/skyline_homochronous_expgrowth_fast_highmutsig.T47.trees,0
/cluster/work/stadler/beckermar/BESP_paper-analyses/scripts/../results/pop_size_simulations/simulation_results_combined/homochronous_independent/skyline/expgrowth_fast/highmutsig/skyline_homochronous_expgrowth_fast_highmutsig.T48.trees,0
/cluster/work/stadler/beckermar/BESP_paper-analyses/scripts/../results/pop_size_simulations/simulation_results_combined/homochronous_independent/skyline/expgrowth_fast/highmutsig/skyline_homochronous_expgrowth_fast_highmutsig.T49.trees,0
/cluster/work/stadler/beckermar/BESP_paper-analyses/scripts/../results/pop_size_simulations/simulation_results_combined/homochronous_independent/skyline/expgrowth_fast/highmutsig/skyline_homochronous_expgrowth_fast_highmutsig.T5.trees,0
/cluster/work/stadler/beckermar/BESP_paper-analyses/scripts/../results/pop_size_simulations/simulation_results_combined/homochronous_independent/skyline/expgrowth_fast/highmutsig/skyline_homochronous_expgrowth_fast_highmutsig.T50.trees,0
/cluster/work/stadler/beckermar/BESP_paper-analyses/scripts/../results/pop_size_simulations/simulation_results_combined/homochronous_independent/skyline/expgrowth_fast/highmutsig/skyline_homochronous_expgrowth_fast_highmutsig.T51.trees,0
/cluster/work/stadler/beckermar/BESP_paper-analyses/scripts/../results/pop_size_simulations/simulation_results_combined/homochronous_independent/skyline/expgrowth_fast/highmutsig/skyline_homochronous_expgrowth_fast_highmutsig.T52.trees,0
/cluster/work/stadler/beckermar/BESP_paper-analyses/scripts/../results/pop_size_simulations/simulation_results_combined/homochronous_independent/skyline/expgrowth_fast/highmutsig/skyline_homochronous_expgrowth_fast_highmutsig.T53.trees,0
/cluster/work/stadler/beckermar/BESP_paper-analyses/scripts/../results/pop_size_simulations/simulation_results_combined/homochronous_independent/skyline/expgrowth_fast/highmutsig/skyline_homochronous_expgrowth_fast_highmutsig.T54.trees,0
/cluster/work/stadler/beckermar/BESP_paper-analyses/scripts/../results/pop_size_simulations/simulation_results_combined/homochronous_independent/skyline/expgrowth_fast/highmutsig/skyline_homochronous_expgrowth_fast_highmutsig.T55.trees,0
/cluster/work/stadler/beckermar/BESP_paper-analyses/scripts/../results/pop_size_simulations/simulation_results_combined/homochronous_independent/skyline/expgrowth_fast/highmutsig/skyline_homochronous_expgrowth_fast_highmutsig.T56.trees,0
/cluster/work/stadler/beckermar/BESP_paper-analyses/scripts/../results/pop_size_simulations/simulation_results_combined/homochronous_independent/skyline/expgrowth_fast/highmutsig/skyline_homochronous_expgrowth_fast_highmutsig.T57.trees,0
/cluster/work/stadler/beckermar/BESP_paper-analyses/scripts/../results/pop_size_simulations/simulation_results_combined/homochronous_independent/skyline/expgrowth_fast/highmutsig/skyline_homochronous_expgrowth_fast_highmutsig.T58.trees,0
/cluster/work/stadler/beckermar/BESP_paper-analyses/scripts/../results/pop_size_simulations/simulation_results_combined/homochronous_independent/skyline/expgrowth_fast/highmutsig/skyline_homochronous_expgrowth_fast_highmutsig.T59.trees,0
/cluster/work/stadler/beckermar/BESP_paper-analyses/scripts/../results/pop_size_simulations/simulation_results_combined/homochronous_independent/skyline/expgrowth_fast/highmutsig/skyline_homochronous_expgrowth_fast_highmutsig.T6.trees,0
/cluster/work/stadler/beckermar/BESP_paper-analyses/scripts/../results/pop_size_simulations/simulation_results_combined/homochronous_independent/skyline/expgrowth_fast/highmutsig/skyline_homochronous_expgrowth_fast_highmutsig.T60.trees,0
/cluster/work/stadler/beckermar/BESP_paper-analyses/scripts/../results/pop_size_simulations/simulation_results_combined/homochronous_independent/skyline/expgrowth_fast/highmutsig/skyline_homochronous_expgrowth_fast_highmutsig.T61.trees,0
/cluster/work/stadler/beckermar/BESP_paper-analyses/scripts/../results/pop_size_simulations/simulation_results_combined/homochronous_independent/skyline/expgrowth_fast/highmutsig/skyline_homochronous_expgrowth_fast_highmutsig.T62.trees,0
/cluster/work/stadler/beckermar/BESP_paper-analyses/scripts/../results/pop_size_simulations/simulation_results_combined/homochronous_independent/skyline/expgrowth_fast/highmutsig/skyline_homochronous_expgrowth_fast_highmutsig.T63.trees,0
/cluster/work/stadler/beckermar/BESP_paper-analyses/scripts/../results/pop_size_simulations/simulation_results_combined/homochronous_independent/skyline/expgrowth_fast/highmutsig/skyline_homochronous_expgrowth_fast_highmutsig.T64.trees,0
/cluster/work/stadler/beckermar/BESP_paper-analyses/scripts/../results/pop_size_simulations/simulation_results_combined/homochronous_independent/skyline/expgrowth_fast/highmutsig/skyline_homochronous_expgrowth_fast_highmutsig.T65.trees,0
/cluster/work/stadler/beckermar/BESP_paper-analyses/scripts/../results/pop_size_simulations/simulation_results_combined/homochronous_independent/skyline/expgrowth_fast/highmutsig/skyline_homochronous_expgrowth_fast_highmutsig.T66.trees,0
/cluster/work/stadler/beckermar/BESP_paper-analyses/scripts/../results/pop_size_simulations/simulation_results_combined/homochronous_independent/skyline/expgrowth_fast/highmutsig/skyline_homochronous_expgrowth_fast_highmutsig.T67.trees,0
/cluster/work/stadler/beckermar/BESP_paper-analyses/scripts/../results/pop_size_simulations/simulation_results_combined/homochronous_independent/skyline/expgrowth_fast/highmutsig/skyline_homochronous_expgrowth_fast_highmutsig.T68.trees,0
/cluster/work/stadler/beckermar/BESP_paper-analyses/scripts/../results/pop_size_simulations/simulation_results_combined/homochronous_independent/skyline/expgrowth_fast/highmutsig/skyline_homochronous_expgrowth_fast_highmutsig.T69.trees,0
/cluster/work/stadler/beckermar/BESP_paper-analyses/scripts/../results/pop_size_simulations/simulation_results_combined/homochronous_independent/skyline/expgrowth_fast/highmutsig/skyline_homochronous_expgrowth_fast_highmutsig.T7.trees,0
/cluster/work/stadler/beckermar/BESP_paper-analyses/scripts/../results/pop_size_simulations/simulation_results_combined/homochronous_independent/skyline/expgrowth_fast/highmutsig/skyline_homochronous_expgrowth_fast_highmutsig.T70.trees,0
/cluster/work/stadler/beckermar/BESP_paper-analyses/scripts/../results/pop_size_simulations/simulation_results_combined/homochronous_independent/skyline/expgrowth_fast/highmutsig/skyline_homochronous_expgrowth_fast_highmutsig.T71.trees,0
/cluster/work/stadler/beckermar/BESP_paper-analyses/scripts/../results/pop_size_simulations/simulation_results_combined/homochronous_independent/skyline/expgrowth_fast/highmutsig/skyline_homochronous_expgrowth_fast_highmutsig.T72.trees,0
/cluster/work/stadler/beckermar/BESP_paper-analyses/scripts/../results/pop_size_simulations/simulation_results_combined/homochronous_independent/skyline/expgrowth_fast/highmutsig/skyline_homochronous_expgrowth_fast_highmutsig.T73.trees,0
/cluster/work/stadler/beckermar/BESP_paper-analyses/scripts/../results/pop_size_simulations/simulation_results_combined/homochronous_independent/skyline/expgrowth_fast/highmutsig/skyline_homochronous_expgrowth_fast_highmutsig.T74.trees,0
/cluster/work/stadler/beckermar/BESP_paper-analyses/scripts/../results/pop_size_simulations/simulation_results_combined/homochronous_independent/skyline/expgrowth_fast/highmutsig/skyline_homochronous_expgrowth_fast_highmutsig.T75.trees,0
/cluster/work/stadler/beckermar/BESP_paper-analyses/scripts/../results/pop_size_simulations/simulation_results_combined/homochronous_independent/skyline/expgrowth_fast/highmutsig/skyline_homochronous_expgrowth_fast_highmutsig.T76.trees,0
/cluster/work/stadler/beckermar/BESP_paper-analyses/scripts/../results/pop_size_simulations/simulation_results_combined/homochronous_independent/skyline/expgrowth_fast/highmutsig/skyline_homochronous_expgrowth_fast_highmutsig.T77.trees,0
/cluster/work/stadler/beckermar/BESP_paper-analyses/scripts/../results/pop_size_simulations/simulation_results_combined/homochronous_independent/skyline/expgrowth_fast/highmutsig/skyline_homochronous_expgrowth_fast_highmutsig.T78.trees,0
/cluster/work/stadler/beckermar/BESP_paper-analyses/scripts/../results/pop_size_simulations/simulation_results_combined/homochronous_independent/skyline/expgrowth_fast/highmutsig/skyline_homochronous_expgrowth_fast_highmutsig.T79.trees,0
/cluster/work/stadler/beckermar/BESP_paper-analyses/scripts/../results/pop_size_simulations/simulation_results_combined/homochronous_independent/skyline/expgrowth_fast/highmutsig/skyline_homochronous_expgrowth_fast_highmutsig.T8.trees,0
/cluster/work/stadler/beckermar/BESP_paper-analyses/scripts/../results/pop_size_simulations/simulation_results_combined/homochronous_independent/skyline/expgrowth_fast/highmutsig/skyline_homochronous_expgrowth_fast_highmutsig.T80.trees,0
/cluster/work/stadler/beckermar/BESP_paper-analyses/scripts/../results/pop_size_simulations/simulation_results_combined/homochronous_independent/skyline/expgrowth_fast/highmutsig/skyline_homochronous_expgrowth_fast_highmutsig.T81.trees,0
/cluster/work/stadler/beckermar/BESP_paper-analyses/scripts/../results/pop_size_simulations/simulation_results_combined/homochronous_independent/skyline/expgrowth_fast/highmutsig/skyline_homochronous_expgrowth_fast_highmutsig.T82.trees,0
/cluster/work/stadler/beckermar/BESP_paper-analyses/scripts/../results/pop_size_simulations/simulation_results_combined/homochronous_independent/skyline/expgrowth_fast/highmutsig/skyline_homochronous_expgrowth_fast_highmutsig.T83.trees,0
/cluster/work/stadler/beckermar/BESP_paper-analyses/scripts/../results/pop_size_simulations/simulation_results_combined/homochronous_independent/skyline/expgrowth_fast/highmutsig/skyline_homochronous_expgrowth_fast_highmutsig.T84.trees,0
/cluster/work/stadler/beckermar/BESP_paper-analyses/scripts/../results/pop_size_simulations/simulation_results_combined/homochronous_independent/skyline/expgrowth_fast/highmutsig/skyline_homochronous_expgrowth_fast_highmutsig.T85.trees,0
/cluster/work/stadler/beckermar/BESP_paper-analyses/scripts/../results/pop_size_simulations/simulation_results_combined/homochronous_independent/skyline/expgrowth_fast/highmutsig/skyline_homochronous_expgrowth_fast_highmutsig.T87.trees,0
/cluster/work/stadler/beckermar/BESP_paper-analyses/scripts/../results/pop_size_simulations/simulation_results_combined/homochronous_independent/skyline/expgrowth_fast/highmutsig/skyline_homochronous_expgrowth_fast_highmutsig.T88.trees,0
/cluster/work/stadler/beckermar/BESP_paper-analyses/scripts/../results/pop_size_simulations/simulation_results_combined/homochronous_independent/skyline/expgrowth_fast/highmutsig/skyline_homochronous_expgrowth_fast_highmutsig.T89.trees,0
/cluster/work/stadler/beckermar/BESP_paper-analyses/scripts/../results/pop_size_simulations/simulation_results_combined/homochronous_independent/skyline/expgrowth_fast/highmutsig/skyline_homochronous_expgrowth_fast_highmutsig.T90.trees,0
/cluster/work/stadler/beckermar/BESP_paper-analyses/scripts/../results/pop_size_simulations/simulation_results_combined/homochronous_independent/skyline/expgrowth_fast/highmutsig/skyline_homochronous_expgrowth_fast_highmutsig.T91.trees,0
/cluster/work/stadler/beckermar/BESP_paper-analyses/scripts/../results/pop_size_simulations/simulation_results_combined/homochronous_independent/skyline/expgrowth_fast/highmutsig/skyline_homochronous_expgrowth_fast_highmutsig.T92.trees,0
/cluster/work/stadler/beckermar/BESP_paper-analyses/scripts/../results/pop_size_simulations/simulation_results_combined/homochronous_independent/skyline/expgrowth_fast/highmutsig/skyline_homochronous_expgrowth_fast_highmutsig.T93.trees,0
/cluster/work/stadler/beckermar/BESP_paper-analyses/scripts/../results/pop_size_simulations/simulation_results_combined/homochronous_independent/skyline/expgrowth_fast/highmutsig/skyline_homochronous_expgrowth_fast_highmutsig.T94.trees,0
/cluster/work/stadler/beckermar/BESP_paper-analyses/scripts/../results/pop_size_simulations/simulation_results_combined/homochronous_independent/skyline/expgrowth_fast/highmutsig/skyline_homochronous_expgrowth_fast_highmutsig.T95.trees,0
/cluster/work/stadler/beckermar/BESP_paper-analyses/scripts/../results/pop_size_simulations/simulation_results_combined/homochronous_independent/skyline/expgrowth_fast/highmutsig/skyline_homochronous_expgrowth_fast_highmutsig.T96.trees,0
/cluster/work/stadler/beckermar/BESP_paper-analyses/scripts/../results/pop_size_simulations/simulation_results_combined/homochronous_independent/skyline/expgrowth_fast/highmutsig/skyline_homochronous_expgrowth_fast_highmutsig.T97.trees,0
/cluster/work/stadler/beckermar/BESP_paper-analyses/scripts/../results/pop_size_simulations/simulation_results_combined/homochronous_independent/skyline/expgrowth_fast/highmutsig/skyline_homochronous_expgrowth_fast_highmutsig.T98.trees,0
/cluster/work/stadler/beckermar/BESP_paper-analyses/scripts/../results/pop_size_simulations/simulation_results_combined/homochronous_independent/skyline/expgrowth_fast/highmutsig/skyline_homochronous_expgrowth_fast_highmutsig.T99.trees,0
/cluster/work/stadler/beckermar/BESP_paper-analyses/scripts/../results/pop_size_simulations/simulation_results_combined/homochronous_independent/skyline/expgrowth_fast/lowmutsig/skyline_homochronous_expgrowth_fast_lowmutsig.T0.trees,0
/cluster/work/stadler/beckermar/BESP_paper-analyses/scripts/../results/pop_size_simulations/simulation_results_combined/homochronous_independent/skyline/expgrowth_fast/lowmutsig/skyline_homochronous_expgrowth_fast_lowmutsig.T1.trees,0
/cluster/work/stadler/beckermar/BESP_paper-analyses/scripts/../results/pop_size_simulations/simulation_results_combined/homochronous_independent/skyline/expgrowth_fast/lowmutsig/skyline_homochronous_expgrowth_fast_lowmutsig.T10.trees,0
/cluster/work/stadler/beckermar/BESP_paper-analyses/scripts/../results/pop_size_simulations/simulation_results_combined/homochronous_independent/skyline/expgrowth_fast/lowmutsig/skyline_homochronous_expgrowth_fast_lowmutsig.T11.trees,0
/cluster/work/stadler/beckermar/BESP_paper-analyses/scripts/../results/pop_size_simulations/simulation_results_combined/homochronous_independent/skyline/expgrowth_fast/lowmutsig/skyline_homochronous_expgrowth_fast_lowmutsig.T12.trees,0
/cluster/work/stadler/beckermar/BESP_paper-analyses/scripts/../results/pop_size_simulations/simulation_results_combined/homochronous_independent/skyline/expgrowth_fast/lowmutsig/skyline_homochronous_expgrowth_fast_lowmutsig.T13.trees,0
/cluster/work/stadler/beckermar/BESP_paper-analyses/scripts/../results/pop_size_simulations/simulation_results_combined/homochronous_independent/skyline/expgrowth_fast/lowmutsig/skyline_homochronous_expgrowth_fast_lowmutsig.T14.trees,0
/cluster/work/stadler/beckermar/BESP_paper-analyses/scripts/../results/pop_size_simulations/simulation_results_combined/homochronous_independent/skyline/expgrowth_fast/lowmutsig/skyline_homochronous_expgrowth_fast_lowmutsig.T15.trees,0
/cluster/work/stadler/beckermar/BESP_paper-analyses/scripts/../results/pop_size_simulations/simulation_results_combined/homochronous_independent/skyline/expgrowth_fast/lowmutsig/skyline_homochronous_expgrowth_fast_lowmutsig.T16.trees,0
/cluster/work/stadler/beckermar/BESP_paper-analyses/scripts/../results/pop_size_simulations/simulation_results_combined/homochronous_independent/skyline/expgrowth_fast/lowmutsig/skyline_homochronous_expgrowth_fast_lowmutsig.T17.trees,0
/cluster/work/stadler/beckermar/BESP_paper-analyses/scripts/../results/pop_size_simulations/simulation_results_combined/homochronous_independent/skyline/expgrowth_fast/lowmutsig/skyline_homochronous_expgrowth_fast_lowmutsig.T18.trees,0
/cluster/work/stadler/beckermar/BESP_paper-analyses/scripts/../results/pop_size_simulations/simulation_results_combined/homochronous_independent/skyline/expgrowth_fast/lowmutsig/skyline_homochronous_expgrowth_fast_lowmutsig.T19.trees,0
/cluster/work/stadler/beckermar/BESP_paper-analyses/scripts/../results/pop_size_simulations/simulation_results_combined/homochronous_independent/skyline/expgrowth_fast/lowmutsig/skyline_homochronous_expgrowth_fast_lowmutsig.T2.trees,0
/cluster/work/stadler/beckermar/BESP_paper-analyses/scripts/../results/pop_size_simulations/simulation_results_combined/homochronous_independent/skyline/expgrowth_fast/lowmutsig/skyline_homochronous_expgrowth_fast_lowmutsig.T20.trees,0
/cluster/work/stadler/beckermar/BESP_paper-analyses/scripts/../results/pop_size_simulations/simulation_results_combined/homochronous_independent/skyline/expgrowth_fast/lowmutsig/skyline_homochronous_expgrowth_fast_lowmutsig.T21.trees,0
/cluster/work/stadler/beckermar/BESP_paper-analyses/scripts/../results/pop_size_simulations/simulation_results_combined/homochronous_independent/skyline/expgrowth_fast/lowmutsig/skyline_homochronous_expgrowth_fast_lowmutsig.T22.trees,0
/cluster/work/stadler/beckermar/BESP_paper-analyses/scripts/../results/pop_size_simulations/simulation_results_combined/homochronous_independent/skyline/expgrowth_fast/lowmutsig/skyline_homochronous_expgrowth_fast_lowmutsig.T23.trees,0
/cluster/work/stadler/beckermar/BESP_paper-analyses/scripts/../results/pop_size_simulations/simulation_results_combined/homochronous_independent/skyline/expgrowth_fast/lowmutsig/skyline_homochronous_expgrowth_fast_lowmutsig.T24.trees,0
/cluster/work/stadler/beckermar/BESP_paper-analyses/scripts/../results/pop_size_simulations/simulation_results_combined/homochronous_independent/skyline/expgrowth_fast/lowmutsig/skyline_homochronous_expgrowth_fast_lowmutsig.T25.trees,0
/cluster/work/stadler/beckermar/BESP_paper-analyses/scripts/../results/pop_size_simulations/simulation_results_combined/homochronous_independent/skyline/expgrowth_fast/lowmutsig/skyline_homochronous_expgrowth_fast_lowmutsig.T26.trees,0
/cluster/work/stadler/beckermar/BESP_paper-analyses/scripts/../results/pop_size_simulations/simulation_results_combined/homochronous_independent/skyline/expgrowth_fast/lowmutsig/skyline_homochronous_expgrowth_fast_lowmutsig.T27.trees,0
/cluster/work/stadler/beckermar/BESP_paper-analyses/scripts/../results/pop_size_simulations/simulation_results_combined/homochronous_independent/skyline/expgrowth_fast/lowmutsig/skyline_homochronous_expgrowth_fast_lowmutsig.T28.trees,0
/cluster/work/stadler/beckermar/BESP_paper-analyses/scripts/../results/pop_size_simulations/simulation_results_combined/homochronous_independent/skyline/expgrowth_fast/lowmutsig/skyline_homochronous_expgrowth_fast_lowmutsig.T29.trees,0
/cluster/work/stadler/beckermar/BESP_paper-analyses/scripts/../results/pop_size_simulations/simulation_results_combined/homochronous_independent/skyline/expgrowth_fast/lowmutsig/skyline_homochronous_expgrowth_fast_lowmutsig.T3.trees,0
/cluster/work/stadler/beckermar/BESP_paper-analyses/scripts/../results/pop_size_simulations/simulation_results_combined/homochronous_independent/skyline/expgrowth_fast/lowmutsig/skyline_homochronous_expgrowth_fast_lowmutsig.T30.trees,0
/cluster/work/stadler/beckermar/BESP_paper-analyses/scripts/../results/pop_size_simulations/simulation_results_combined/homochronous_independent/skyline/expgrowth_fast/lowmutsig/skyline_homochronous_expgrowth_fast_lowmutsig.T31.trees,0
/cluster/work/stadler/beckermar/BESP_paper-analyses/scripts/../results/pop_size_simulations/simulation_results_combined/homochronous_independent/skyline/expgrowth_fast/lowmutsig/skyline_homochronous_expgrowth_fast_lowmutsig.T32.trees,0
/cluster/work/stadler/beckermar/BESP_paper-analyses/scripts/../results/pop_size_simulations/simulation_results_combined/homochronous_independent/skyline/expgrowth_fast/lowmutsig/skyline_homochronous_expgrowth_fast_lowmutsig.T33.trees,0
/cluster/work/stadler/beckermar/BESP_paper-analyses/scripts/../results/pop_size_simulations/simulation_results_combined/homochronous_independent/skyline/expgrowth_fast/lowmutsig/skyline_homochronous_expgrowth_fast_lowmutsig.T34.trees,0
/cluster/work/stadler/beckermar/BESP_paper-analyses/scripts/../results/pop_size_simulations/simulation_results_combined/homochronous_independent/skyline/expgrowth_fast/lowmutsig/skyline_homochronous_expgrowth_fast_lowmutsig.T35.trees,0
/cluster/work/stadler/beckermar/BESP_paper-analyses/scripts/../results/pop_size_simulations/simulation_results_combined/homochronous_independent/skyline/expgrowth_fast/lowmutsig/skyline_homochronous_expgrowth_fast_lowmutsig.T36.trees,0
/cluster/work/stadler/beckermar/BESP_paper-analyses/scripts/../results/pop_size_simulations/simulation_results_combined/homochronous_independent/skyline/expgrowth_fast/lowmutsig/skyline_homochronous_expgrowth_fast_lowmutsig.T37.trees,0
/cluster/work/stadler/beckermar/BESP_paper-analyses/scripts/../results/pop_size_simulations/simulation_results_combined/homochronous_independent/skyline/expgrowth_fast/lowmutsig/skyline_homochronous_expgrowth_fast_lowmutsig.T38.trees,0
/cluster/work/stadler/beckermar/BESP_paper-analyses/scripts/../results/pop_size_simulations/simulation_results_combined/homochronous_independent/skyline/expgrowth_fast/lowmutsig/skyline_homochronous_expgrowth_fast_lowmutsig.T39.trees,0
/cluster/work/stadler/beckermar/BESP_paper-analyses/scripts/../results/pop_size_simulations/simulation_results_combined/homochronous_independent/skyline/expgrowth_fast/lowmutsig/skyline_homochronous_expgrowth_fast_lowmutsig.T4.trees,0
/cluster/work/stadler/beckermar/BESP_paper-analyses/scripts/../results/pop_size_simulations/simulation_results_combined/homochronous_independent/skyline/expgrowth_fast/lowmutsig/skyline_homochronous_expgrowth_fast_lowmutsig.T41.trees,0
/cluster/work/stadler/beckermar/BESP_paper-analyses/scripts/../results/pop_size_simulations/simulation_results_combined/homochronous_independent/skyline/expgrowth_fast/lowmutsig/skyline_homochronous_expgrowth_fast_lowmutsig.T42.trees,0
/cluster/work/stadler/beckermar/BESP_paper-analyses/scripts/../results/pop_size_simulations/simulation_results_combined/homochronous_independent/skyline/expgrowth_fast/lowmutsig/skyline_homochronous_expgrowth_fast_lowmutsig.T43.trees,0
/cluster/work/stadler/beckermar/BESP_paper-analyses/scripts/../results/pop_size_simulations/simulation_results_combined/homochronous_independent/skyline/expgrowth_fast/lowmutsig/skyline_homochronous_expgrowth_fast_lowmutsig.T44.trees,0
/cluster/work/stadler/beckermar/BESP_paper-analyses/scripts/../results/pop_size_simulations/simulation_results_combined/homochronous_independent/skyline/expgrowth_fast/lowmutsig/skyline_homochronous_expgrowth_fast_lowmutsig.T45.trees,0
/cluster/work/stadler/beckermar/BESP_paper-analyses/scripts/../results/pop_size_simulations/simulation_results_combined/homochronous_independent/skyline/expgrowth_fast/lowmutsig/skyline_homochronous_expgrowth_fast_lowmutsig.T46.trees,0
/cluster/work/stadler/beckermar/BESP_paper-analyses/scripts/../results/pop_size_simulations/simulation_results_combined/homochronous_independent/skyline/expgrowth_fast/lowmutsig/skyline_homochronous_expgrowth_fast_lowmutsig.T47.trees,0
/cluster/work/stadler/beckermar/BESP_paper-analyses/scripts/../results/pop_size_simulations/simulation_results_combined/homochronous_independent/skyline/expgrowth_fast/lowmutsig/skyline_homochronous_expgrowth_fast_lowmutsig.T48.trees,0
/cluster/work/stadler/beckermar/BESP_paper-analyses/scripts/../results/pop_size_simulations/simulation_results_combined/homochronous_independent/skyline/expgrowth_fast/lowmutsig/skyline_homochronous_expgrowth_fast_lowmutsig.T49.trees,0
/cluster/work/stadler/beckermar/BESP_paper-analyses/scripts/../results/pop_size_simulations/simulation_results_combined/homochronous_independent/skyline/expgrowth_fast/lowmutsig/skyline_homochronous_expgrowth_fast_lowmutsig.T50.trees,0
/cluster/work/stadler/beckermar/BESP_paper-analyses/scripts/../results/pop_size_simulations/simulation_results_combined/homochronous_independent/skyline/expgrowth_fast/lowmutsig/skyline_homochronous_expgrowth_fast_lowmutsig.T51.trees,0
/cluster/work/stadler/beckermar/BESP_paper-analyses/scripts/../results/pop_size_simulations/simulation_results_combined/homochronous_independent/skyline/expgrowth_fast/lowmutsig/skyline_homochronous_expgrowth_fast_lowmutsig.T52.trees,0
/cluster/work/stadler/beckermar/BESP_paper-analyses/scripts/../results/pop_size_simulations/simulation_results_combined/homochronous_independent/skyline/expgrowth_fast/lowmutsig/skyline_homochronous_expgrowth_fast_lowmutsig.T53.trees,0
/cluster/work/stadler/beckermar/BESP_paper-analyses/scripts/../results/pop_size_simulations/simulation_results_combined/homochronous_independent/skyline/expgrowth_fast/lowmutsig/skyline_homochronous_expgrowth_fast_lowmutsig.T54.trees,0
/cluster/work/stadler/beckermar/BESP_paper-analyses/scripts/../results/pop_size_simulations/simulation_results_combined/homochronous_independent/skyline/expgrowth_fast/lowmutsig/skyline_homochronous_expgrowth_fast_lowmutsig.T55.trees,0
/cluster/work/stadler/beckermar/BESP_paper-analyses/scripts/../results/pop_size_simulations/simulation_results_combined/homochronous_independent/skyline/expgrowth_fast/lowmutsig/skyline_homochronous_expgrowth_fast_lowmutsig.T56.trees,0
/cluster/work/stadler/beckermar/BESP_paper-analyses/scripts/../results/pop_size_simulations/simulation_results_combined/homochronous_independent/skyline/expgrowth_fast/lowmutsig/skyline_homochronous_expgrowth_fast_lowmutsig.T57.trees,0
/cluster/work/stadler/beckermar/BESP_paper-analyses/scripts/../results/pop_size_simulations/simulation_results_combined/homochronous_independent/skyline/expgrowth_fast/lowmutsig/skyline_homochronous_expgrowth_fast_lowmutsig.T58.trees,0
/cluster/work/stadler/beckermar/BESP_paper-analyses/scripts/../results/pop_size_simulations/simulation_results_combined/homochronous_independent/skyline/expgrowth_fast/lowmutsig/skyline_homochronous_expgrowth_fast_lowmutsig.T59.trees,0
/cluster/work/stadler/beckermar/BESP_paper-analyses/scripts/../results/pop_size_simulations/simulation_results_combined/homochronous_independent/skyline/expgrowth_fast/lowmutsig/skyline_homochronous_expgrowth_fast_lowmutsig.T6.trees,0
/cluster/work/stadler/beckermar/BESP_paper-analyses/scripts/../results/pop_size_simulations/simulation_results_combined/homochronous_independent/skyline/expgrowth_fast/lowmutsig/skyline_homochronous_expgrowth_fast_lowmutsig.T60.trees,0
/cluster/work/stadler/beckermar/BESP_paper-analyses/scripts/../results/pop_size_simulations/simulation_results_combined/homochronous_independent/skyline/expgrowth_fast/lowmutsig/skyline_homochronous_expgrowth_fast_lowmutsig.T61.trees,0
/cluster/work/stadler/beckermar/BESP_paper-analyses/scripts/../results/pop_size_simulations/simulation_results_combined/homochronous_independent/skyline/expgrowth_fast/lowmutsig/skyline_homochronous_expgrowth_fast_lowmutsig.T62.trees,0
/cluster/work/stadler/beckermar/BESP_paper-analyses/scripts/../results/pop_size_simulations/simulation_results_combined/homochronous_independent/skyline/expgrowth_fast/lowmutsig/skyline_homochronous_expgrowth_fast_lowmutsig.T63.trees,0
/cluster/work/stadler/beckermar/BESP_paper-analyses/scripts/../results/pop_size_simulations/simulation_results_combined/homochronous_independent/skyline/expgrowth_fast/lowmutsig/skyline_homochronous_expgrowth_fast_lowmutsig.T64.trees,0
/cluster/work/stadler/beckermar/BESP_paper-analyses/scripts/../results/pop_size_simulations/simulation_results_combined/homochronous_independent/skyline/expgrowth_fast/lowmutsig/skyline_homochronous_expgrowth_fast_lowmutsig.T65.trees,0
/cluster/work/stadler/beckermar/BESP_paper-analyses/scripts/../results/pop_size_simulations/simulation_results_combined/homochronous_independent/skyline/expgrowth_fast/lowmutsig/skyline_homochronous_expgrowth_fast_lowmutsig.T66.trees,0
/cluster/work/stadler/beckermar/BESP_paper-analyses/scripts/../results/pop_size_simulations/simulation_results_combined/homochronous_independent/skyline/expgrowth_fast/lowmutsig/skyline_homochronous_expgrowth_fast_lowmutsig.T67.trees,0
/cluster/work/stadler/beckermar/BESP_paper-analyses/scripts/../results/pop_size_simulations/simulation_results_combined/homochronous_independent/skyline/expgrowth_fast/lowmutsig/skyline_homochronous_expgrowth_fast_lowmutsig.T68.trees,0
/cluster/work/stadler/beckermar/BESP_paper-analyses/scripts/../results/pop_size_simulations/simulation_results_combined/homochronous_independent/skyline/expgrowth_fast/lowmutsig/skyline_homochronous_expgrowth_fast_lowmutsig.T69.trees,0
/cluster/work/stadler/beckermar/BESP_paper-analyses/scripts/../results/pop_size_simulations/simulation_results_combined/homochronous_independent/skyline/expgrowth_fast/lowmutsig/skyline_homochronous_expgrowth_fast_lowmutsig.T7.trees,0
/cluster/work/stadler/beckermar/BESP_paper-analyses/scripts/../results/pop_size_simulations/simulation_results_combined/homochronous_independent/skyline/expgrowth_fast/lowmutsig/skyline_homochronous_expgrowth_fast_lowmutsig.T70.trees,0
/cluster/work/stadler/beckermar/BESP_paper-analyses/scripts/../results/pop_size_simulations/simulation_results_combined/homochronous_independent/skyline/expgrowth_fast/lowmutsig/skyline_homochronous_expgrowth_fast_lowmutsig.T71.trees,0
/cluster/work/stadler/beckermar/BESP_paper-analyses/scripts/../results/pop_size_simulations/simulation_results_combined/homochronous_independent/skyline/expgrowth_fast/lowmutsig/skyline_homochronous_expgrowth_fast_lowmutsig.T72.trees,0
/cluster/work/stadler/beckermar/BESP_paper-analyses/scripts/../results/pop_size_simulations/simulation_results_combined/homochronous_independent/skyline/expgrowth_fast/lowmutsig/skyline_homochronous_expgrowth_fast_lowmutsig.T73.trees,0
/cluster/work/stadler/beckermar/BESP_paper-analyses/scripts/../results/pop_size_simulations/simulation_results_combined/homochronous_independent/skyline/expgrowth_fast/lowmutsig/skyline_homochronous_expgrowth_fast_lowmutsig.T74.trees,0
/cluster/work/stadler/beckermar/BESP_paper-analyses/scripts/../results/pop_size_simulations/simulation_results_combined/homochronous_independent/skyline/expgrowth_fast/lowmutsig/skyline_homochronous_expgrowth_fast_lowmutsig.T75.trees,0
/cluster/work/stadler/beckermar/BESP_paper-analyses/scripts/../results/pop_size_simulations/simulation_results_combined/homochronous_independent/skyline/expgrowth_fast/lowmutsig/skyline_homochronous_expgrowth_fast_lowmutsig.T76.trees,0
/cluster/work/stadler/beckermar/BESP_paper-analyses/scripts/../results/pop_size_simulations/simulation_results_combined/homochronous_independent/skyline/expgrowth_fast/lowmutsig/skyline_homochronous_expgrowth_fast_lowmutsig.T77.trees,0
/cluster/work/stadler/beckermar/BESP_paper-analyses/scripts/../results/pop_size_simulations/simulation_results_combined/homochronous_independent/skyline/expgrowth_fast/lowmutsig/skyline_homochronous_expgrowth_fast_lowmutsig.T78.trees,0
/cluster/work/stadler/beckermar/BESP_paper-analyses/scripts/../results/pop_size_simulations/simulation_results_combined/homochronous_independent/skyline/expgrowth_fast/lowmutsig/skyline_homochronous_expgrowth_fast_lowmutsig.T79.trees,0
/cluster/work/stadler/beckermar/BESP_paper-analyses/scripts/../results/pop_size_simulations/simulation_results_combined/homochronous_independent/skyline/expgrowth_fast/lowmutsig/skyline_homochronous_expgrowth_fast_lowmutsig.T8.trees,0
/cluster/work/stadler/beckermar/BESP_paper-analyses/scripts/../results/pop_size_simulations/simulation_results_combined/homochronous_independent/skyline/expgrowth_fast/lowmutsig/skyline_homochronous_expgrowth_fast_lowmutsig.T80.trees,0
/cluster/work/stadler/beckermar/BESP_paper-analyses/scripts/../results/pop_size_simulations/simulation_results_combined/homochronous_independent/skyline/expgrowth_fast/lowmutsig/skyline_homochronous_expgrowth_fast_lowmutsig.T81.trees,0
/cluster/work/stadler/beckermar/BESP_paper-analyses/scripts/../results/pop_size_simulations/simulation_results_combined/homochronous_independent/skyline/expgrowth_fast/lowmutsig/skyline_homochronous_expgrowth_fast_lowmutsig.T82.trees,0
/cluster/work/stadler/beckermar/BESP_paper-analyses/scripts/../results/pop_size_simulations/simulation_results_combined/homochronous_independent/skyline/expgrowth_fast/lowmutsig/skyline_homochronous_expgrowth_fast_lowmutsig.T83.trees,0
/cluster/work/stadler/beckermar/BESP_paper-analyses/scripts/../results/pop_size_simulations/simulation_results_combined/homochronous_independent/skyline/expgrowth_fast/lowmutsig/skyline_homochronous_expgrowth_fast_lowmutsig.T84.trees,0
/cluster/work/stadler/beckermar/BESP_paper-analyses/scripts/../results/pop_size_simulations/simulation_results_combined/homochronous_independent/skyline/expgrowth_fast/lowmutsig/skyline_homochronous_expgrowth_fast_lowmutsig.T85.trees,0
/cluster/work/stadler/beckermar/BESP_paper-analyses/scripts/../results/pop_size_simulations/simulation_results_combined/homochronous_independent/skyline/expgrowth_fast/lowmutsig/skyline_homochronous_expgrowth_fast_lowmutsig.T86.trees,0
/cluster/work/stadler/beckermar/BESP_paper-analyses/scripts/../results/pop_size_simulations/simulation_results_combined/homochronous_independent/skyline/expgrowth_fast/lowmutsig/skyline_homochronous_expgrowth_fast_lowmutsig.T87.trees,0
/cluster/work/stadler/beckermar/BESP_paper-analyses/scripts/../results/pop_size_simulations/simulation_results_combined/homochronous_independent/skyline/expgrowth_fast/lowmutsig/skyline_homochronous_expgrowth_fast_lowmutsig.T88.trees,0
/cluster/work/stadler/beckermar/BESP_paper-analyses/scripts/../results/pop_size_simulations/simulation_results_combined/homochronous_independent/skyline/expgrowth_fast/lowmutsig/skyline_homochronous_expgrowth_fast_lowmutsig.T89.trees,0
/cluster/work/stadler/beckermar/BESP_paper-analyses/scripts/../results/pop_size_simulations/simulation_results_combined/homochronous_independent/skyline/expgrowth_fast/lowmutsig/skyline_homochronous_expgrowth_fast_lowmutsig.T9.trees,0
/cluster/work/stadler/beckermar/BESP_paper-analyses/scripts/../results/pop_size_simulations/simulation_results_combined/homochronous_independent/skyline/expgrowth_fast/lowmutsig/skyline_homochronous_expgrowth_fast_lowmutsig.T90.trees,0
/cluster/work/stadler/beckermar/BESP_paper-analyses/scripts/../results/pop_size_simulations/simulation_results_combined/homochronous_independent/skyline/expgrowth_fast/lowmutsig/skyline_homochronous_expgrowth_fast_lowmutsig.T91.trees,0
/cluster/work/stadler/beckermar/BESP_paper-analyses/scripts/../results/pop_size_simulations/simulation_results_combined/homochronous_independent/skyline/expgrowth_fast/lowmutsig/skyline_homochronous_expgrowth_fast_lowmutsig.T92.trees,0
/cluster/work/stadler/beckermar/BESP_paper-analyses/scripts/../results/pop_size_simulations/simulation_results_combined/homochronous_independent/skyline/expgrowth_fast/lowmutsig/skyline_homochronous_expgrowth_fast_lowmutsig.T93.trees,0
/cluster/work/stadler/beckermar/BESP_paper-analyses/scripts/../results/pop_size_simulations/simulation_results_combined/homochronous_independent/skyline/expgrowth_fast/lowmutsig/skyline_homochronous_expgrowth_fast_lowmutsig.T94.trees,0
/cluster/work/stadler/beckermar/BESP_paper-analyses/scripts/../results/pop_size_simulations/simulation_results_combined/homochronous_independent/skyline/expgrowth_fast/lowmutsig/skyline_homochronous_expgrowth_fast_lowmutsig.T95.trees,0
/cluster/work/stadler/beckermar/BESP_paper-analyses/scripts/../results/pop_size_simulations/simulation_results_combined/homochronous_independent/skyline/expgrowth_fast/lowmutsig/skyline_homochronous_expgrowth_fast_lowmutsig.T96.trees,0
/cluster/work/stadler/beckermar/BESP_paper-analyses/scripts/../results/pop_size_simulations/simulation_results_combined/homochronous_independent/skyline/expgrowth_fast/lowmutsig/skyline_homochronous_expgrowth_fast_lowmutsig.T97.trees,0
/cluster/work/stadler/beckermar/BESP_paper-analyses/scripts/../results/pop_size_simulations/simulation_results_combined/homochronous_independent/skyline/expgrowth_fast/lowmutsig/skyline_homochronous_expgrowth_fast_lowmutsig.T98.trees,0
/cluster/work/stadler/beckermar/BESP_paper-analyses/scripts/../results/pop_size_simulations/simulation_results_combined/homochronous_independent/skyline/expgrowth_fast/lowmutsig/skyline_homochronous_expgrowth_fast_lowmutsig.T99.trees,0
/cluster/work/stadler/beckermar/BESP_paper-analyses/scripts/../results/pop_size_simulations/simulation_results_combined/homochronous_independent/skyline/expgrowth_fast/medmutsig/skyline_homochronous_expgrowth_fast_medmutsig.T0.trees,0
/cluster/work/stadler/beckermar/BESP_paper-analyses/scripts/../results/pop_size_simulations/simulation_results_combined/homochronous_independent/skyline/expgrowth_fast/medmutsig/skyline_homochronous_expgrowth_fast_medmutsig.T1.trees,0
/cluster/work/stadler/beckermar/BESP_paper-analyses/scripts/../results/pop_size_simulations/simulation_results_combined/homochronous_independent/skyline/expgrowth_fast/medmutsig/skyline_homochronous_expgrowth_fast_medmutsig.T10.trees,0
/cluster/work/stadler/beckermar/BESP_paper-analyses/scripts/../results/pop_size_simulations/simulation_results_combined/homochronous_independent/skyline/expgrowth_fast/medmutsig/skyline_homochronous_expgrowth_fast_medmutsig.T11.trees,0
/cluster/work/stadler/beckermar/BESP_paper-analyses/scripts/../results/pop_size_simulations/simulation_results_combined/homochronous_independent/skyline/expgrowth_fast/medmutsig/skyline_homochronous_expgrowth_fast_medmutsig.T12.trees,0
/cluster/work/stadler/beckermar/BESP_paper-analyses/scripts/../results/pop_size_simulations/simulation_results_combined/homochronous_independent/skyline/expgrowth_fast/medmutsig/skyline_homochronous_expgrowth_fast_medmutsig.T13.trees,0
/cluster/work/stadler/beckermar/BESP_paper-analyses/scripts/../results/pop_size_simulations/simulation_results_combined/homochronous_independent/skyline/expgrowth_fast/medmutsig/skyline_homochronous_expgrowth_fast_medmutsig.T14.trees,0
/cluster/work/stadler/beckermar/BESP_paper-analyses/scripts/../results/pop_size_simulations/simulation_results_combined/homochronous_independent/skyline/expgrowth_fast/medmutsig/skyline_homochronous_expgrowth_fast_medmutsig.T15.trees,0
/cluster/work/stadler/beckermar/BESP_paper-analyses/scripts/../results/pop_size_simulations/simulation_results_combined/homochronous_independent/skyline/expgrowth_fast/medmutsig/skyline_homochronous_expgrowth_fast_medmutsig.T16.trees,0
/cluster/work/stadler/beckermar/BESP_paper-analyses/scripts/../results/pop_size_simulations/simulation_results_combined/homochronous_independent/skyline/expgrowth_fast/medmutsig/skyline_homochronous_expgrowth_fast_medmutsig.T17.trees,0
/cluster/work/stadler/beckermar/BESP_paper-analyses/scripts/../results/pop_size_simulations/simulation_results_combined/homochronous_independent/skyline/expgrowth_fast/medmutsig/skyline_homochronous_expgrowth_fast_medmutsig.T18.trees,0
/cluster/work/stadler/beckermar/BESP_paper-analyses/scripts/../results/pop_size_simulations/simulation_results_combined/homochronous_independent/skyline/expgrowth_fast/medmutsig/skyline_homochronous_expgrowth_fast_medmutsig.T19.trees,0
/cluster/work/stadler/beckermar/BESP_paper-analyses/scripts/../results/pop_size_simulations/simulation_results_combined/homochronous_independent/skyline/expgrowth_fast/medmutsig/skyline_homochronous_expgrowth_fast_medmutsig.T2.trees,0
/cluster/work/stadler/beckermar/BESP_paper-analyses/scripts/../results/pop_size_simulations/simulation_results_combined/homochronous_independent/skyline/expgrowth_fast/medmutsig/skyline_homochronous_expgrowth_fast_medmutsig.T20.trees,0
/cluster/work/stadler/beckermar/BESP_paper-analyses/scripts/../results/pop_size_simulations/simulation_results_combined/homochronous_independent/skyline/expgrowth_fast/medmutsig/skyline_homochronous_expgrowth_fast_medmutsig.T21.trees,0
/cluster/work/stadler/beckermar/BESP_paper-analyses/scripts/../results/pop_size_simulations/simulation_results_combined/homochronous_independent/skyline/expgrowth_fast/medmutsig/skyline_homochronous_expgrowth_fast_medmutsig.T22.trees,0
/cluster/work/stadler/beckermar/BESP_paper-analyses/scripts/../results/pop_size_simulations/simulation_results_combined/homochronous_independent/skyline/expgrowth_fast/medmutsig/skyline_homochronous_expgrowth_fast_medmutsig.T23.trees,0
/cluster/work/stadler/beckermar/BESP_paper-analyses/scripts/../results/pop_size_simulations/simulation_results_combined/homochronous_independent/skyline/expgrowth_fast/medmutsig/skyline_homochronous_expgrowth_fast_medmutsig.T24.trees,0
/cluster/work/stadler/beckermar/BESP_paper-analyses/scripts/../results/pop_size_simulations/simulation_results_combined/homochronous_independent/skyline/expgrowth_fast/medmutsig/skyline_homochronous_expgrowth_fast_medmutsig.T25.trees,0
/cluster/work/stadler/beckermar/BESP_paper-analyses/scripts/../results/pop_size_simulations/simulation_results_combined/homochronous_independent/skyline/expgrowth_fast/medmutsig/skyline_homochronous_expgrowth_fast_medmutsig.T26.trees,0
/cluster/work/stadler/beckermar/BESP_paper-analyses/scripts/../results/pop_size_simulations/simulation_results_combined/homochronous_independent/skyline/expgrowth_fast/medmutsig/skyline_homochronous_expgrowth_fast_medmutsig.T27.trees,0
/cluster/work/stadler/beckermar/BESP_paper-analyses/scripts/../results/pop_size_simulations/simulation_results_combined/homochronous_independent/skyline/expgrowth_fast/medmutsig/skyline_homochronous_expgrowth_fast_medmutsig.T28.trees,0
/cluster/work/stadler/beckermar/BESP_paper-analyses/scripts/../results/pop_size_simulations/simulation_results_combined/homochronous_independent/skyline/expgrowth_fast/medmutsig/skyline_homochronous_expgrowth_fast_medmutsig.T29.trees,0
/cluster/work/stadler/beckermar/BESP_paper-analyses/scripts/../results/pop_size_simulations/simulation_results_combined/homochronous_independent/skyline/expgrowth_fast/medmutsig/skyline_homochronous_expgrowth_fast_medmutsig.T3.trees,0
/cluster/work/stadler/beckermar/BESP_paper-analyses/scripts/../results/pop_size_simulations/simulation_results_combined/homochronous_independent/skyline/expgrowth_fast/medmutsig/skyline_homochronous_expgrowth_fast_medmutsig.T30.trees,0
/cluster/work/stadler/beckermar/BESP_paper-analyses/scripts/../results/pop_size_simulations/simulation_results_combined/homochronous_independent/skyline/expgrowth_fast/medmutsig/skyline_homochronous_expgrowth_fast_medmutsig.T31.trees,0
/cluster/work/stadler/beckermar/BESP_paper-analyses/scripts/../results/pop_size_simulations/simulation_results_combined/homochronous_independent/skyline/expgrowth_fast/medmutsig/skyline_homochronous_expgrowth_fast_medmutsig.T32.trees,0
/cluster/work/stadler/beckermar/BESP_paper-analyses/scripts/../results/pop_size_simulations/simulation_results_combined/homochronous_independent/skyline/expgrowth_fast/medmutsig/skyline_homochronous_expgrowth_fast_medmutsig.T33.trees,0
/cluster/work/stadler/beckermar/BESP_paper-analyses/scripts/../results/pop_size_simulations/simulation_results_combined/homochronous_independent/skyline/expgrowth_fast/medmutsig/skyline_homochronous_expgrowth_fast_medmutsig.T34.trees,0
/cluster/work/stadler/beckermar/BESP_paper-analyses/scripts/../results/pop_size_simulations/simulation_results_combined/homochronous_independent/skyline/expgrowth_fast/medmutsig/skyline_homochronous_expgrowth_fast_medmutsig.T35.trees,0
/cluster/work/stadler/beckermar/BESP_paper-analyses/scripts/../results/pop_size_simulations/simulation_results_combined/homochronous_independent/skyline/expgrowth_fast/medmutsig/skyline_homochronous_expgrowth_fast_medmutsig.T36.trees,0
/cluster/work/stadler/beckermar/BESP_paper-analyses/scripts/../results/pop_size_simulations/simulation_results_combined/homochronous_independent/skyline/expgrowth_fast/medmutsig/skyline_homochronous_expgrowth_fast_medmutsig.T37.trees,0
/cluster/work/stadler/beckermar/BESP_paper-analyses/scripts/../results/pop_size_simulations/simulation_results_combined/homochronous_independent/skyline/expgrowth_fast/medmutsig/skyline_homochronous_expgrowth_fast_medmutsig.T38.trees,0
/cluster/work/stadler/beckermar/BESP_paper-analyses/scripts/../results/pop_size_simulations/simulation_results_combined/homochronous_independent/skyline/expgrowth_fast/medmutsig/skyline_homochronous_expgrowth_fast_medmutsig.T39.trees,0
/cluster/work/stadler/beckermar/BESP_paper-analyses/scripts/../results/pop_size_simulations/simulation_results_combined/homochronous_independent/skyline/expgrowth_fast/medmutsig/skyline_homochronous_expgrowth_fast_medmutsig.T4.trees,0
/cluster/work/stadler/beckermar/BESP_paper-analyses/scripts/../results/pop_size_simulations/simulation_results_combined/homochronous_independent/skyline/expgrowth_fast/medmutsig/skyline_homochronous_expgrowth_fast_medmutsig.T40.trees,0
/cluster/work/stadler/beckermar/BESP_paper-analyses/scripts/../results/pop_size_simulations/simulation_results_combined/homochronous_independent/skyline/expgrowth_fast/medmutsig/skyline_homochronous_expgrowth_fast_medmutsig.T41.trees,0
/cluster/work/stadler/beckermar/BESP_paper-analyses/scripts/../results/pop_size_simulations/simulation_results_combined/homochronous_independent/skyline/expgrowth_fast/medmutsig/skyline_homochronous_expgrowth_fast_medmutsig.T42.trees,0
/cluster/work/stadler/beckermar/BESP_paper-analyses/scripts/../results/pop_size_simulations/simulation_results_combined/homochronous_independent/skyline/expgrowth_fast/medmutsig/skyline_homochronous_expgrowth_fast_medmutsig.T43.trees,0
/cluster/work/stadler/beckermar/BESP_paper-analyses/scripts/../results/pop_size_simulations/simulation_results_combined/homochronous_independent/skyline/expgrowth_fast/medmutsig/skyline_homochronous_expgrowth_fast_medmutsig.T44.trees,0
/cluster/work/stadler/beckermar/BESP_paper-analyses/scripts/../results/pop_size_simulations/simulation_results_combined/homochronous_independent/skyline/expgrowth_fast/medmutsig/skyline_homochronous_expgrowth_fast_medmutsig.T45.trees,0
/cluster/work/stadler/beckermar/BESP_paper-analyses/scripts/../results/pop_size_simulations/simulation_results_combined/homochronous_independent/skyline/expgrowth_fast/medmutsig/skyline_homochronous_expgrowth_fast_medmutsig.T46.trees,0
/cluster/work/stadler/beckermar/BESP_paper-analyses/scripts/../results/pop_size_simulations/simulation_results_combined/homochronous_independent/skyline/expgrowth_fast/medmutsig/skyline_homochronous_expgrowth_fast_medmutsig.T47.trees,0
/cluster/work/stadler/beckermar/BESP_paper-analyses/scripts/../results/pop_size_simulations/simulation_results_combined/homochronous_independent/skyline/expgrowth_fast/medmutsig/skyline_homochronous_expgrowth_fast_medmutsig.T48.trees,0
/cluster/work/stadler/beckermar/BESP_paper-analyses/scripts/../results/pop_size_simulations/simulation_results_combined/homochronous_independent/skyline/expgrowth_fast/medmutsig/skyline_homochronous_expgrowth_fast_medmutsig.T49.trees,0
/cluster/work/stadler/beckermar/BESP_paper-analyses/scripts/../results/pop_size_simulations/simulation_results_combined/homochronous_independent/skyline/expgrowth_fast/medmutsig/skyline_homochronous_expgrowth_fast_medmutsig.T5.trees,0
/cluster/work/stadler/beckermar/BESP_paper-analyses/scripts/../results/pop_size_simulations/simulation_results_combined/homochronous_independent/skyline/expgrowth_fast/medmutsig/skyline_homochronous_expgrowth_fast_medmutsig.T50.trees,0
/cluster/work/stadler/beckermar/BESP_paper-analyses/scripts/../results/pop_size_simulations/simulation_results_combined/homochronous_independent/skyline/expgrowth_fast/medmutsig/skyline_homochronous_expgrowth_fast_medmutsig.T51.trees,0
/cluster/work/stadler/beckermar/BESP_paper-analyses/scripts/../results/pop_size_simulations/simulation_results_combined/homochronous_independent/skyline/expgrowth_fast/medmutsig/skyline_homochronous_expgrowth_fast_medmutsig.T52.trees,0
/cluster/work/stadler/beckermar/BESP_paper-analyses/scripts/../results/pop_size_simulations/simulation_results_combined/homochronous_independent/skyline/expgrowth_fast/medmutsig/skyline_homochronous_expgrowth_fast_medmutsig.T53.trees,0
/cluster/work/stadler/beckermar/BESP_paper-analyses/scripts/../results/pop_size_simulations/simulation_results_combined/homochronous_independent/skyline/expgrowth_fast/medmutsig/skyline_homochronous_expgrowth_fast_medmutsig.T54.trees,0
/cluster/work/stadler/beckermar/BESP_paper-analyses/scripts/../results/pop_size_simulations/simulation_results_combined/homochronous_independent/skyline/expgrowth_fast/medmutsig/skyline_homochronous_expgrowth_fast_medmutsig.T55.trees,0
/cluster/work/stadler/beckermar/BESP_paper-analyses/scripts/../results/pop_size_simulations/simulation_results_combined/homochronous_independent/skyline/expgrowth_fast/medmutsig/skyline_homochronous_expgrowth_fast_medmutsig.T56.trees,0
/cluster/work/stadler/beckermar/BESP_paper-analyses/scripts/../results/pop_size_simulations/simulation_results_combined/homochronous_independent/skyline/expgrowth_fast/medmutsig/skyline_homochronous_expgrowth_fast_medmutsig.T57.trees,0
/cluster/work/stadler/beckermar/BESP_paper-analyses/scripts/../results/pop_size_simulations/simulation_results_combined/homochronous_independent/skyline/expgrowth_fast/medmutsig/skyline_homochronous_expgrowth_fast_medmutsig.T58.trees,0
/cluster/work/stadler/beckermar/BESP_paper-analyses/scripts/../results/pop_size_simulations/simulation_results_combined/homochronous_independent/skyline/expgrowth_fast/medmutsig/skyline_homochronous_expgrowth_fast_medmutsig.T59.trees,0
/cluster/work/stadler/beckermar/BESP_paper-analyses/scripts/../results/pop_size_simulations/simulation_results_combined/homochronous_independent/skyline/expgrowth_fast/medmutsig/skyline_homochronous_expgrowth_fast_medmutsig.T6.trees,0
/cluster/work/stadler/beckermar/BESP_paper-analyses/scripts/../results/pop_size_simulations/simulation_results_combined/homochronous_independent/skyline/expgrowth_fast/medmutsig/skyline_homochronous_expgrowth_fast_medmutsig.T63.trees,0
/cluster/work/stadler/beckermar/BESP_paper-analyses/scripts/../results/pop_size_simulations/simulation_results_combined/homochronous_independent/skyline/expgrowth_fast/medmutsig/skyline_homochronous_expgrowth_fast_medmutsig.T64.trees,0
/cluster/work/stadler/beckermar/BESP_paper-analyses/scripts/../results/pop_size_simulations/simulation_results_combined/homochronous_independent/skyline/expgrowth_fast/medmutsig/skyline_homochronous_expgrowth_fast_medmutsig.T65.trees,0
/cluster/work/stadler/beckermar/BESP_paper-analyses/scripts/../results/pop_size_simulations/simulation_results_combined/homochronous_independent/skyline/expgrowth_fast/medmutsig/skyline_homochronous_expgrowth_fast_medmutsig.T66.trees,0
/cluster/work/stadler/beckermar/BESP_paper-analyses/scripts/../results/pop_size_simulations/simulation_results_combined/homochronous_independent/skyline/expgrowth_fast/medmutsig/skyline_homochronous_expgrowth_fast_medmutsig.T67.trees,0
/cluster/work/stadler/beckermar/BESP_paper-analyses/scripts/../results/pop_size_simulations/simulation_results_combined/homochronous_independent/skyline/expgrowth_fast/medmutsig/skyline_homochronous_expgrowth_fast_medmutsig.T68.trees,0
/cluster/work/stadler/beckermar/BESP_paper-analyses/scripts/../results/pop_size_simulations/simulation_results_combined/homochronous_independent/skyline/expgrowth_fast/medmutsig/skyline_homochronous_expgrowth_fast_medmutsig.T69.trees,0
/cluster/work/stadler/beckermar/BESP_paper-analyses/scripts/../results/pop_size_simulations/simulation_results_combined/homochronous_independent/skyline/expgrowth_fast/medmutsig/skyline_homochronous_expgrowth_fast_medmutsig.T7.trees,0
/cluster/work/stadler/beckermar/BESP_paper-analyses/scripts/../results/pop_size_simulations/simulation_results_combined/homochronous_independent/skyline/expgrowth_fast/medmutsig/skyline_homochronous_expgrowth_fast_medmutsig.T70.trees,0
/cluster/work/stadler/beckermar/BESP_paper-analyses/scripts/../results/pop_size_simulations/simulation_results_combined/homochronous_independent/skyline/expgrowth_fast/medmutsig/skyline_homochronous_expgrowth_fast_medmutsig.T71.trees,0
/cluster/work/stadler/beckermar/BESP_paper-analyses/scripts/../results/pop_size_simulations/simulation_results_combined/homochronous_independent/skyline/expgrowth_fast/medmutsig/skyline_homochronous_expgrowth_fast_medmutsig.T72.trees,0
/cluster/work/stadler/beckermar/BESP_paper-analyses/scripts/../results/pop_size_simulations/simulation_results_combined/homochronous_independent/skyline/expgrowth_fast/medmutsig/skyline_homochronous_expgrowth_fast_medmutsig.T73.trees,0
/cluster/work/stadler/beckermar/BESP_paper-analyses/scripts/../results/pop_size_simulations/simulation_results_combined/homochronous_independent/skyline/expgrowth_fast/medmutsig/skyline_homochronous_expgrowth_fast_medmutsig.T74.trees,0
/cluster/work/stadler/beckermar/BESP_paper-analyses/scripts/../results/pop_size_simulations/simulation_results_combined/homochronous_independent/skyline/expgrowth_fast/medmutsig/skyline_homochronous_expgrowth_fast_medmutsig.T75.trees,0
/cluster/work/stadler/beckermar/BESP_paper-analyses/scripts/../results/pop_size_simulations/simulation_results_combined/homochronous_independent/skyline/expgrowth_fast/medmutsig/skyline_homochronous_expgrowth_fast_medmutsig.T76.trees,0
/cluster/work/stadler/beckermar/BESP_paper-analyses/scripts/../results/pop_size_simulations/simulation_results_combined/homochronous_independent/skyline/expgrowth_fast/medmutsig/skyline_homochronous_expgrowth_fast_medmutsig.T77.trees,0
/cluster/work/stadler/beckermar/BESP_paper-analyses/scripts/../results/pop_size_simulations/simulation_results_combined/homochronous_independent/skyline/expgrowth_fast/medmutsig/skyline_homochronous_expgrowth_fast_medmutsig.T78.trees,0
/cluster/work/stadler/beckermar/BESP_paper-analyses/scripts/../results/pop_size_simulations/simulation_results_combined/homochronous_independent/skyline/expgrowth_fast/medmutsig/skyline_homochronous_expgrowth_fast_medmutsig.T79.trees,0
/cluster/work/stadler/beckermar/BESP_paper-analyses/scripts/../results/pop_size_simulations/simulation_results_combined/homochronous_independent/skyline/expgrowth_fast/medmutsig/skyline_homochronous_expgrowth_fast_medmutsig.T8.trees,0
/cluster/work/stadler/beckermar/BESP_paper-analyses/scripts/../results/pop_size_simulations/simulation_results_combined/homochronous_independent/skyline/expgrowth_fast/medmutsig/skyline_homochronous_expgrowth_fast_medmutsig.T80.trees,0
/cluster/work/stadler/beckermar/BESP_paper-analyses/scripts/../results/pop_size_simulations/simulation_results_combined/homochronous_independent/skyline/expgrowth_fast/medmutsig/skyline_homochronous_expgrowth_fast_medmutsig.T81.trees,0
/cluster/work/stadler/beckermar/BESP_paper-analyses/scripts/../results/pop_size_simulations/simulation_results_combined/homochronous_independent/skyline/expgrowth_fast/medmutsig/skyline_homochronous_expgrowth_fast_medmutsig.T82.trees,0
/cluster/work/stadler/beckermar/BESP_paper-analyses/scripts/../results/pop_size_simulations/simulation_results_combined/homochronous_independent/skyline/expgrowth_fast/medmutsig/skyline_homochronous_expgrowth_fast_medmutsig.T83.trees,0
/cluster/work/stadler/beckermar/BESP_paper-analyses/scripts/../results/pop_size_simulations/simulation_results_combined/homochronous_independent/skyline/expgrowth_fast/medmutsig/skyline_homochronous_expgrowth_fast_medmutsig.T84.trees,0
/cluster/work/stadler/beckermar/BESP_paper-analyses/scripts/../results/pop_size_simulations/simulation_results_combined/homochronous_independent/skyline/expgrowth_fast/medmutsig/skyline_homochronous_expgrowth_fast_medmutsig.T85.trees,0
/cluster/work/stadler/beckermar/BESP_paper-analyses/scripts/../results/pop_size_simulations/simulation_results_combined/homochronous_independent/skyline/expgrowth_fast/medmutsig/skyline_homochronous_expgrowth_fast_medmutsig.T86.trees,0
/cluster/work/stadler/beckermar/BESP_paper-analyses/scripts/../results/pop_size_simulations/simulation_results_combined/homochronous_independent/skyline/expgrowth_fast/medmutsig/skyline_homochronous_expgrowth_fast_medmutsig.T87.trees,0
/cluster/work/stadler/beckermar/BESP_paper-analyses/scripts/../results/pop_size_simulations/simulation_results_combined/homochronous_independent/skyline/expgrowth_fast/medmutsig/skyline_homochronous_expgrowth_fast_medmutsig.T88.trees,0
/cluster/work/stadler/beckermar/BESP_paper-analyses/scripts/../results/pop_size_simulations/simulation_results_combined/homochronous_independent/skyline/expgrowth_fast/medmutsig/skyline_homochronous_expgrowth_fast_medmutsig.T89.trees,0
/cluster/work/stadler/beckermar/BESP_paper-analyses/scripts/../results/pop_size_simulations/simulation_results_combined/homochronous_independent/skyline/expgrowth_fast/medmutsig/skyline_homochronous_expgrowth_fast_medmutsig.T9.trees,0
/cluster/work/stadler/beckermar/BESP_paper-analyses/scripts/../results/pop_size_simulations/simulation_results_combined/homochronous_independent/skyline/expgrowth_fast/medmutsig/skyline_homochronous_expgrowth_fast_medmutsig.T90.trees,0
/cluster/work/stadler/beckermar/BESP_paper-analyses/scripts/../results/pop_size_simulations/simulation_results_combined/homochronous_independent/skyline/expgrowth_fast/medmutsig/skyline_homochronous_expgrowth_fast_medmutsig.T91.trees,0
/cluster/work/stadler/beckermar/BESP_paper-analyses/scripts/../results/pop_size_simulations/simulation_results_combined/homochronous_independent/skyline/expgrowth_fast/medmutsig/skyline_homochronous_expgrowth_fast_medmutsig.T92.trees,0
/cluster/work/stadler/beckermar/BESP_paper-analyses/scripts/../results/pop_size_simulations/simulation_results_combined/homochronous_independent/skyline/expgrowth_fast/medmutsig/skyline_homochronous_expgrowth_fast_medmutsig.T93.trees,0
/cluster/work/stadler/beckermar/BESP_paper-analyses/scripts/../results/pop_size_simulations/simulation_results_combined/homochronous_independent/skyline/expgrowth_fast/medmutsig/skyline_homochronous_expgrowth_fast_medmutsig.T94.trees,0
/cluster/work/stadler/beckermar/BESP_paper-analyses/scripts/../results/pop_size_simulations/simulation_results_combined/homochronous_independent/skyline/expgrowth_fast/medmutsig/skyline_homochronous_expgrowth_fast_medmutsig.T95.trees,0
/cluster/work/stadler/beckermar/BESP_paper-analyses/scripts/../results/pop_size_simulations/simulation_results_combined/homochronous_independent/skyline/expgrowth_fast/medmutsig/skyline_homochronous_expgrowth_fast_medmutsig.T96.trees,0
/cluster/work/stadler/beckermar/BESP_paper-analyses/scripts/../results/pop_size_simulations/simulation_results_combined/homochronous_independent/skyline/expgrowth_fast/medmutsig/skyline_homochronous_expgrowth_fast_medmutsig.T97.trees,0
/cluster/work/stadler/beckermar/BESP_paper-analyses/scripts/../results/pop_size_simulations/simulation_results_combined/homochronous_independent/skyline/expgrowth_fast/medmutsig/skyline_homochronous_expgrowth_fast_medmutsig.T98.trees,0
/cluster/work/stadler/beckermar/BESP_paper-analyses/scripts/../results/pop_size_simulations/simulation_results_combined/homochronous_independent/skyline/expgrowth_fast/medmutsig/skyline_homochronous_expgrowth_fast_medmutsig.T99.trees,0
/cluster/work/stadler/beckermar/BESP_paper-analyses/scripts/../results/pop_size_simulations/simulation_results_combined/homochronous_independent/skyline/expgrowth_slow/highmutsig/skyline_homochronous_expgrowth_slow_highmutsig.T0.trees,0
/cluster/work/stadler/beckermar/BESP_paper-analyses/scripts/../results/pop_size_simulations/simulation_results_combined/homochronous_independent/skyline/expgrowth_slow/highmutsig/skyline_homochronous_expgrowth_slow_highmutsig.T1.trees,0
/cluster/work/stadler/beckermar/BESP_paper-analyses/scripts/../results/pop_size_simulations/simulation_results_combined/homochronous_independent/skyline/expgrowth_slow/highmutsig/skyline_homochronous_expgrowth_slow_highmutsig.T10.trees,0
/cluster/work/stadler/beckermar/BESP_paper-analyses/scripts/../results/pop_size_simulations/simulation_results_combined/homochronous_independent/skyline/expgrowth_slow/highmutsig/skyline_homochronous_expgrowth_slow_highmutsig.T11.trees,0
/cluster/work/stadler/beckermar/BESP_paper-analyses/scripts/../results/pop_size_simulations/simulation_results_combined/homochronous_independent/skyline/expgrowth_slow/highmutsig/skyline_homochronous_expgrowth_slow_highmutsig.T12.trees,0
/cluster/work/stadler/beckermar/BESP_paper-analyses/scripts/../results/pop_size_simulations/simulation_results_combined/homochronous_independent/skyline/expgrowth_slow/highmutsig/skyline_homochronous_expgrowth_slow_highmutsig.T13.trees,0
/cluster/work/stadler/beckermar/BESP_paper-analyses/scripts/../results/pop_size_simulations/simulation_results_combined/homochronous_independent/skyline/expgrowth_slow/highmutsig/skyline_homochronous_expgrowth_slow_highmutsig.T14.trees,0
/cluster/work/stadler/beckermar/BESP_paper-analyses/scripts/../results/pop_size_simulations/simulation_results_combined/homochronous_independent/skyline/expgrowth_slow/highmutsig/skyline_homochronous_expgrowth_slow_highmutsig.T15.trees,0
/cluster/work/stadler/beckermar/BESP_paper-analyses/scripts/../results/pop_size_simulations/simulation_results_combined/homochronous_independent/skyline/expgrowth_slow/highmutsig/skyline_homochronous_expgrowth_slow_highmutsig.T16.trees,0
/cluster/work/stadler/beckermar/BESP_paper-analyses/scripts/../results/pop_size_simulations/simulation_results_combined/homochronous_independent/skyline/expgrowth_slow/highmutsig/skyline_homochronous_expgrowth_slow_highmutsig.T17.trees,0
/cluster/work/stadler/beckermar/BESP_paper-analyses/scripts/../results/pop_size_simulations/simulation_results_combined/homochronous_independent/skyline/expgrowth_slow/highmutsig/skyline_homochronous_expgrowth_slow_highmutsig.T19.trees,0
/cluster/work/stadler/beckermar/BESP_paper-analyses/scripts/../results/pop_size_simulations/simulation_results_combined/homochronous_independent/skyline/expgrowth_slow/highmutsig/skyline_homochronous_expgrowth_slow_highmutsig.T2.trees,0
/cluster/work/stadler/beckermar/BESP_paper-analyses/scripts/../results/pop_size_simulations/simulation_results_combined/homochronous_independent/skyline/expgrowth_slow/highmutsig/skyline_homochronous_expgrowth_slow_highmutsig.T20.trees,0
/cluster/work/stadler/beckermar/BESP_paper-analyses/scripts/../results/pop_size_simulations/simulation_results_combined/homochronous_independent/skyline/expgrowth_slow/highmutsig/skyline_homochronous_expgrowth_slow_highmutsig.T21.trees,0
/cluster/work/stadler/beckermar/BESP_paper-analyses/scripts/../results/pop_size_simulations/simulation_results_combined/homochronous_independent/skyline/expgrowth_slow/highmutsig/skyline_homochronous_expgrowth_slow_highmutsig.T22.trees,0
/cluster/work/stadler/beckermar/BESP_paper-analyses/scripts/../results/pop_size_simulations/simulation_results_combined/homochronous_independent/skyline/expgrowth_slow/highmutsig/skyline_homochronous_expgrowth_slow_highmutsig.T23.trees,0
/cluster/work/stadler/beckermar/BESP_paper-analyses/scripts/../results/pop_size_simulations/simulation_results_combined/homochronous_independent/skyline/expgrowth_slow/highmutsig/skyline_homochronous_expgrowth_slow_highmutsig.T24.trees,0
/cluster/work/stadler/beckermar/BESP_paper-analyses/scripts/../results/pop_size_simulations/simulation_results_combined/homochronous_independent/skyline/expgrowth_slow/highmutsig/skyline_homochronous_expgrowth_slow_highmutsig.T25.trees,0
/cluster/work/stadler/beckermar/BESP_paper-analyses/scripts/../results/pop_size_simulations/simulation_results_combined/homochronous_independent/skyline/expgrowth_slow/highmutsig/skyline_homochronous_expgrowth_slow_highmutsig.T26.trees,0
/cluster/work/stadler/beckermar/BESP_paper-analyses/scripts/../results/pop_size_simulations/simulation_results_combined/homochronous_independent/skyline/expgrowth_slow/highmutsig/skyline_homochronous_expgrowth_slow_highmutsig.T27.trees,0
/cluster/work/stadler/beckermar/BESP_paper-analyses/scripts/../results/pop_size_simulations/simulation_results_combined/homochronous_independent/skyline/expgrowth_slow/highmutsig/skyline_homochronous_expgrowth_slow_highmutsig.T28.trees,0
/cluster/work/stadler/beckermar/BESP_paper-analyses/scripts/../results/pop_size_simulations/simulation_results_combined/homochronous_independent/skyline/expgrowth_slow/highmutsig/skyline_homochronous_expgrowth_slow_highmutsig.T29.trees,0
/cluster/work/stadler/beckermar/BESP_paper-analyses/scripts/../results/pop_size_simulations/simulation_results_combined/homochronous_independent/skyline/expgrowth_slow/highmutsig/skyline_homochronous_expgrowth_slow_highmutsig.T3.trees,0
/cluster/work/stadler/beckermar/BESP_paper-analyses/scripts/../results/pop_size_simulations/simulation_results_combined/homochronous_independent/skyline/expgrowth_slow/highmutsig/skyline_homochronous_expgrowth_slow_highmutsig.T30.trees,0
/cluster/work/stadler/beckermar/BESP_paper-analyses/scripts/../results/pop_size_simulations/simulation_results_combined/homochronous_independent/skyline/expgrowth_slow/highmutsig/skyline_homochronous_expgrowth_slow_highmutsig.T31.trees,0
/cluster/work/stadler/beckermar/BESP_paper-analyses/scripts/../results/pop_size_simulations/simulation_results_combined/homochronous_independent/skyline/expgrowth_slow/highmutsig/skyline_homochronous_expgrowth_slow_highmutsig.T32.trees,0
/cluster/work/stadler/beckermar/BESP_paper-analyses/scripts/../results/pop_size_simulations/simulation_results_combined/homochronous_independent/skyline/expgrowth_slow/highmutsig/skyline_homochronous_expgrowth_slow_highmutsig.T33.trees,0
/cluster/work/stadler/beckermar/BESP_paper-analyses/scripts/../results/pop_size_simulations/simulation_results_combined/homochronous_independent/skyline/expgrowth_slow/highmutsig/skyline_homochronous_expgrowth_slow_highmutsig.T34.trees,0
/cluster/work/stadler/beckermar/BESP_paper-analyses/scripts/../results/pop_size_simulations/simulation_results_combined/homochronous_independent/skyline/expgrowth_slow/highmutsig/skyline_homochronous_expgrowth_slow_highmutsig.T35.trees,0
/cluster/work/stadler/beckermar/BESP_paper-analyses/scripts/../results/pop_size_simulations/simulation_results_combined/homochronous_independent/skyline/expgrowth_slow/highmutsig/skyline_homochronous_expgrowth_slow_highmutsig.T36.trees,0
/cluster/work/stadler/beckermar/BESP_paper-analyses/scripts/../results/pop_size_simulations/simulation_results_combined/homochronous_independent/skyline/expgrowth_slow/highmutsig/skyline_homochronous_expgrowth_slow_highmutsig.T37.trees,0
/cluster/work/stadler/beckermar/BESP_paper-analyses/scripts/../results/pop_size_simulations/simulation_results_combined/homochronous_independent/skyline/expgrowth_slow/highmutsig/skyline_homochronous_expgrowth_slow_highmutsig.T38.trees,0
/cluster/work/stadler/beckermar/BESP_paper-analyses/scripts/../results/pop_size_simulations/simulation_results_combined/homochronous_independent/skyline/expgrowth_slow/highmutsig/skyline_homochronous_expgrowth_slow_highmutsig.T39.trees,0
/cluster/work/stadler/beckermar/BESP_paper-analyses/scripts/../results/pop_size_simulations/simulation_results_combined/homochronous_independent/skyline/expgrowth_slow/highmutsig/skyline_homochronous_expgrowth_slow_highmutsig.T4.trees,0
/cluster/work/stadler/beckermar/BESP_paper-analyses/scripts/../results/pop_size_simulations/simulation_results_combined/homochronous_independent/skyline/expgrowth_slow/highmutsig/skyline_homochronous_expgrowth_slow_highmutsig.T40.trees,0
/cluster/work/stadler/beckermar/BESP_paper-analyses/scripts/../results/pop_size_simulations/simulation_results_combined/homochronous_independent/skyline/expgrowth_slow/highmutsig/skyline_homochronous_expgrowth_slow_highmutsig.T41.trees,0
/cluster/work/stadler/beckermar/BESP_paper-analyses/scripts/../results/pop_size_simulations/simulation_results_combined/homochronous_independent/skyline/expgrowth_slow/highmutsig/skyline_homochronous_expgrowth_slow_highmutsig.T42.trees,0
/cluster/work/stadler/beckermar/BESP_paper-analyses/scripts/../results/pop_size_simulations/simulation_results_combined/homochronous_independent/skyline/expgrowth_slow/highmutsig/skyline_homochronous_expgrowth_slow_highmutsig.T43.trees,0
/cluster/work/stadler/beckermar/BESP_paper-analyses/scripts/../results/pop_size_simulations/simulation_results_combined/homochronous_independent/skyline/expgrowth_slow/highmutsig/skyline_homochronous_expgrowth_slow_highmutsig.T44.trees,0
/cluster/work/stadler/beckermar/BESP_paper-analyses/scripts/../results/pop_size_simulations/simulation_results_combined/homochronous_independent/skyline/expgrowth_slow/highmutsig/skyline_homochronous_expgrowth_slow_highmutsig.T45.trees,0
/cluster/work/stadler/beckermar/BESP_paper-analyses/scripts/../results/pop_size_simulations/simulation_results_combined/homochronous_independent/skyline/expgrowth_slow/highmutsig/skyline_homochronous_expgrowth_slow_highmutsig.T46.trees,0
/cluster/work/stadler/beckermar/BESP_paper-analyses/scripts/../results/pop_size_simulations/simulation_results_combined/homochronous_independent/skyline/expgrowth_slow/highmutsig/skyline_homochronous_expgrowth_slow_highmutsig.T47.trees,0
/cluster/work/stadler/beckermar/BESP_paper-analyses/scripts/../results/pop_size_simulations/simulation_results_combined/homochronous_independent/skyline/expgrowth_slow/highmutsig/skyline_homochronous_expgrowth_slow_highmutsig.T48.trees,0
/cluster/work/stadler/beckermar/BESP_paper-analyses/scripts/../results/pop_size_simulations/simulation_results_combined/homochronous_independent/skyline/expgrowth_slow/highmutsig/skyline_homochronous_expgrowth_slow_highmutsig.T49.trees,0
/cluster/work/stadler/beckermar/BESP_paper-analyses/scripts/../results/pop_size_simulations/simulation_results_combined/homochronous_independent/skyline/expgrowth_slow/highmutsig/skyline_homochronous_expgrowth_slow_highmutsig.T5.trees,0
/cluster/work/stadler/beckermar/BESP_paper-analyses/scripts/../results/pop_size_simulations/simulation_results_combined/homochronous_independent/skyline/expgrowth_slow/highmutsig/skyline_homochronous_expgrowth_slow_highmutsig.T50.trees,0
/cluster/work/stadler/beckermar/BESP_paper-analyses/scripts/../results/pop_size_simulations/simulation_results_combined/homochronous_independent/skyline/expgrowth_slow/highmutsig/skyline_homochronous_expgrowth_slow_highmutsig.T51.trees,0
/cluster/work/stadler/beckermar/BESP_paper-analyses/scripts/../results/pop_size_simulations/simulation_results_combined/homochronous_independent/skyline/expgrowth_slow/highmutsig/skyline_homochronous_expgrowth_slow_highmutsig.T52.trees,0
/cluster/work/stadler/beckermar/BESP_paper-analyses/scripts/../results/pop_size_simulations/simulation_results_combined/homochronous_independent/skyline/expgrowth_slow/highmutsig/skyline_homochronous_expgrowth_slow_highmutsig.T53.trees,0
/cluster/work/stadler/beckermar/BESP_paper-analyses/scripts/../results/pop_size_simulations/simulation_results_combined/homochronous_independent/skyline/expgrowth_slow/highmutsig/skyline_homochronous_expgrowth_slow_highmutsig.T54.trees,0
/cluster/work/stadler/beckermar/BESP_paper-analyses/scripts/../results/pop_size_simulations/simulation_results_combined/homochronous_independent/skyline/expgrowth_slow/highmutsig/skyline_homochronous_expgrowth_slow_highmutsig.T55.trees,0
/cluster/work/stadler/beckermar/BESP_paper-analyses/scripts/../results/pop_size_simulations/simulation_results_combined/homochronous_independent/skyline/expgrowth_slow/highmutsig/skyline_homochronous_expgrowth_slow_highmutsig.T56.trees,0
/cluster/work/stadler/beckermar/BESP_paper-analyses/scripts/../results/pop_size_simulations/simulation_results_combined/homochronous_independent/skyline/expgrowth_slow/highmutsig/skyline_homochronous_expgrowth_slow_highmutsig.T57.trees,0
/cluster/work/stadler/beckermar/BESP_paper-analyses/scripts/../results/pop_size_simulations/simulation_results_combined/homochronous_independent/skyline/expgrowth_slow/highmutsig/skyline_homochronous_expgrowth_slow_highmutsig.T58.trees,0
/cluster/work/stadler/beckermar/BESP_paper-analyses/scripts/../results/pop_size_simulations/simulation_results_combined/homochronous_independent/skyline/expgrowth_slow/highmutsig/skyline_homochronous_expgrowth_slow_highmutsig.T59.trees,0
/cluster/work/stadler/beckermar/BESP_paper-analyses/scripts/../results/pop_size_simulations/simulation_results_combined/homochronous_independent/skyline/expgrowth_slow/highmutsig/skyline_homochronous_expgrowth_slow_highmutsig.T6.trees,0
/cluster/work/stadler/beckermar/BESP_paper-analyses/scripts/../results/pop_size_simulations/simulation_results_combined/homochronous_independent/skyline/expgrowth_slow/highmutsig/skyline_homochronous_expgrowth_slow_highmutsig.T60.trees,0
/cluster/work/stadler/beckermar/BESP_paper-analyses/scripts/../results/pop_size_simulations/simulation_results_combined/homochronous_independent/skyline/expgrowth_slow/highmutsig/skyline_homochronous_expgrowth_slow_highmutsig.T61.trees,0
/cluster/work/stadler/beckermar/BESP_paper-analyses/scripts/../results/pop_size_simulations/simulation_results_combined/homochronous_independent/skyline/expgrowth_slow/highmutsig/skyline_homochronous_expgrowth_slow_highmutsig.T62.trees,0
/cluster/work/stadler/beckermar/BESP_paper-analyses/scripts/../results/pop_size_simulations/simulation_results_combined/homochronous_independent/skyline/expgrowth_slow/highmutsig/skyline_homochronous_expgrowth_slow_highmutsig.T63.trees,0
/cluster/work/stadler/beckermar/BESP_paper-analyses/scripts/../results/pop_size_simulations/simulation_results_combined/homochronous_independent/skyline/expgrowth_slow/highmutsig/skyline_homochronous_expgrowth_slow_highmutsig.T64.trees,0
/cluster/work/stadler/beckermar/BESP_paper-analyses/scripts/../results/pop_size_simulations/simulation_results_combined/homochronous_independent/skyline/expgrowth_slow/highmutsig/skyline_homochronous_expgrowth_slow_highmutsig.T65.trees,0
/cluster/work/stadler/beckermar/BESP_paper-analyses/scripts/../results/pop_size_simulations/simulation_results_combined/homochronous_independent/skyline/expgrowth_slow/highmutsig/skyline_homochronous_expgrowth_slow_highmutsig.T66.trees,0
/cluster/work/stadler/beckermar/BESP_paper-analyses/scripts/../results/pop_size_simulations/simulation_results_combined/homochronous_independent/skyline/expgrowth_slow/highmutsig/skyline_homochronous_expgrowth_slow_highmutsig.T67.trees,0
/cluster/work/stadler/beckermar/BESP_paper-analyses/scripts/../results/pop_size_simulations/simulation_results_combined/homochronous_independent/skyline/expgrowth_slow/highmutsig/skyline_homochronous_expgrowth_slow_highmutsig.T68.trees,0
/cluster/work/stadler/beckermar/BESP_paper-analyses/scripts/../results/pop_size_simulations/simulation_results_combined/homochronous_independent/skyline/expgrowth_slow/highmutsig/skyline_homochronous_expgrowth_slow_highmutsig.T69.trees,0
/cluster/work/stadler/beckermar/BESP_paper-analyses/scripts/../results/pop_size_simulations/simulation_results_combined/homochronous_independent/skyline/expgrowth_slow/highmutsig/skyline_homochronous_expgrowth_slow_highmutsig.T7.trees,0
/cluster/work/stadler/beckermar/BESP_paper-analyses/scripts/../results/pop_size_simulations/simulation_results_combined/homochronous_independent/skyline/expgrowth_slow/highmutsig/skyline_homochronous_expgrowth_slow_highmutsig.T70.trees,0
/cluster/work/stadler/beckermar/BESP_paper-analyses/scripts/../results/pop_size_simulations/simulation_results_combined/homochronous_independent/skyline/expgrowth_slow/highmutsig/skyline_homochronous_expgrowth_slow_highmutsig.T71.trees,0
/cluster/work/stadler/beckermar/BESP_paper-analyses/scripts/../results/pop_size_simulations/simulation_results_combined/homochronous_independent/skyline/expgrowth_slow/highmutsig/skyline_homochronous_expgrowth_slow_highmutsig.T72.trees,0
/cluster/work/stadler/beckermar/BESP_paper-analyses/scripts/../results/pop_size_simulations/simulation_results_combined/homochronous_independent/skyline/expgrowth_slow/highmutsig/skyline_homochronous_expgrowth_slow_highmutsig.T73.trees,0
/cluster/work/stadler/beckermar/BESP_paper-analyses/scripts/../results/pop_size_simulations/simulation_results_combined/homochronous_independent/skyline/expgrowth_slow/highmutsig/skyline_homochronous_expgrowth_slow_highmutsig.T74.trees,0
/cluster/work/stadler/beckermar/BESP_paper-analyses/scripts/../results/pop_size_simulations/simulation_results_combined/homochronous_independent/skyline/expgrowth_slow/highmutsig/skyline_homochronous_expgrowth_slow_highmutsig.T75.trees,0
/cluster/work/stadler/beckermar/BESP_paper-analyses/scripts/../results/pop_size_simulations/simulation_results_combined/homochronous_independent/skyline/expgrowth_slow/highmutsig/skyline_homochronous_expgrowth_slow_highmutsig.T76.trees,0
/cluster/work/stadler/beckermar/BESP_paper-analyses/scripts/../results/pop_size_simulations/simulation_results_combined/homochronous_independent/skyline/expgrowth_slow/highmutsig/skyline_homochronous_expgrowth_slow_highmutsig.T77.trees,0
/cluster/work/stadler/beckermar/BESP_paper-analyses/scripts/../results/pop_size_simulations/simulation_results_combined/homochronous_independent/skyline/expgrowth_slow/highmutsig/skyline_homochronous_expgrowth_slow_highmutsig.T78.trees,0
/cluster/work/stadler/beckermar/BESP_paper-analyses/scripts/../results/pop_size_simulations/simulation_results_combined/homochronous_independent/skyline/expgrowth_slow/highmutsig/skyline_homochronous_expgrowth_slow_highmutsig.T79.trees,0
/cluster/work/stadler/beckermar/BESP_paper-analyses/scripts/../results/pop_size_simulations/simulation_results_combined/homochronous_independent/skyline/expgrowth_slow/highmutsig/skyline_homochronous_expgrowth_slow_highmutsig.T8.trees,0
/cluster/work/stadler/beckermar/BESP_paper-analyses/scripts/../results/pop_size_simulations/simulation_results_combined/homochronous_independent/skyline/expgrowth_slow/highmutsig/skyline_homochronous_expgrowth_slow_highmutsig.T80.trees,0
/cluster/work/stadler/beckermar/BESP_paper-analyses/scripts/../results/pop_size_simulations/simulation_results_combined/homochronous_independent/skyline/expgrowth_slow/highmutsig/skyline_homochronous_expgrowth_slow_highmutsig.T81.trees,0
/cluster/work/stadler/beckermar/BESP_paper-analyses/scripts/../results/pop_size_simulations/simulation_results_combined/homochronous_independent/skyline/expgrowth_slow/highmutsig/skyline_homochronous_expgrowth_slow_highmutsig.T82.trees,0
/cluster/work/stadler/beckermar/BESP_paper-analyses/scripts/../results/pop_size_simulations/simulation_results_combined/homochronous_independent/skyline/expgrowth_slow/highmutsig/skyline_homochronous_expgrowth_slow_highmutsig.T83.trees,0
/cluster/work/stadler/beckermar/BESP_paper-analyses/scripts/../results/pop_size_simulations/simulation_results_combined/homochronous_independent/skyline/expgrowth_slow/highmutsig/skyline_homochronous_expgrowth_slow_highmutsig.T84.trees,0
/cluster/work/stadler/beckermar/BESP_paper-analyses/scripts/../results/pop_size_simulations/simulation_results_combined/homochronous_independent/skyline/expgrowth_slow/highmutsig/skyline_homochronous_expgrowth_slow_highmutsig.T85.trees,0
/cluster/work/stadler/beckermar/BESP_paper-analyses/scripts/../results/pop_size_simulations/simulation_results_combined/homochronous_independent/skyline/expgrowth_slow/highmutsig/skyline_homochronous_expgrowth_slow_highmutsig.T86.trees,0
/cluster/work/stadler/beckermar/BESP_paper-analyses/scripts/../results/pop_size_simulations/simulation_results_combined/homochronous_independent/skyline/expgrowth_slow/highmutsig/skyline_homochronous_expgrowth_slow_highmutsig.T87.trees,0
/cluster/work/stadler/beckermar/BESP_paper-analyses/scripts/../results/pop_size_simulations/simulation_results_combined/homochronous_independent/skyline/expgrowth_slow/highmutsig/skyline_homochronous_expgrowth_slow_highmutsig.T88.trees,0
/cluster/work/stadler/beckermar/BESP_paper-analyses/scripts/../results/pop_size_simulations/simulation_results_combined/homochronous_independent/skyline/expgrowth_slow/highmutsig/skyline_homochronous_expgrowth_slow_highmutsig.T89.trees,0
/cluster/work/stadler/beckermar/BESP_paper-analyses/scripts/../results/pop_size_simulations/simulation_results_combined/homochronous_independent/skyline/expgrowth_slow/highmutsig/skyline_homochronous_expgrowth_slow_highmutsig.T9.trees,0
/cluster/work/stadler/beckermar/BESP_paper-analyses/scripts/../results/pop_size_simulations/simulation_results_combined/homochronous_independent/skyline/expgrowth_slow/highmutsig/skyline_homochronous_expgrowth_slow_highmutsig.T90.trees,0
/cluster/work/stadler/beckermar/BESP_paper-analyses/scripts/../results/pop_size_simulations/simulation_results_combined/homochronous_independent/skyline/expgrowth_slow/highmutsig/skyline_homochronous_expgrowth_slow_highmutsig.T91.trees,0
/cluster/work/stadler/beckermar/BESP_paper-analyses/scripts/../results/pop_size_simulations/simulation_results_combined/homochronous_independent/skyline/expgrowth_slow/highmutsig/skyline_homochronous_expgrowth_slow_highmutsig.T92.trees,0
/cluster/work/stadler/beckermar/BESP_paper-analyses/scripts/../results/pop_size_simulations/simulation_results_combined/homochronous_independent/skyline/expgrowth_slow/highmutsig/skyline_homochronous_expgrowth_slow_highmutsig.T93.trees,0
/cluster/work/stadler/beckermar/BESP_paper-analyses/scripts/../results/pop_size_simulations/simulation_results_combined/homochronous_independent/skyline/expgrowth_slow/highmutsig/skyline_homochronous_expgrowth_slow_highmutsig.T94.trees,0
/cluster/work/stadler/beckermar/BESP_paper-analyses/scripts/../results/pop_size_simulations/simulation_results_combined/homochronous_independent/skyline/expgrowth_slow/highmutsig/skyline_homochronous_expgrowth_slow_highmutsig.T95.trees,0
/cluster/work/stadler/beckermar/BESP_paper-analyses/scripts/../results/pop_size_simulations/simulation_results_combined/homochronous_independent/skyline/expgrowth_slow/highmutsig/skyline_homochronous_expgrowth_slow_highmutsig.T96.trees,0
/cluster/work/stadler/beckermar/BESP_paper-analyses/scripts/../results/pop_size_simulations/simulation_results_combined/homochronous_independent/skyline/expgrowth_slow/highmutsig/skyline_homochronous_expgrowth_slow_highmutsig.T97.trees,0
/cluster/work/stadler/beckermar/BESP_paper-analyses/scripts/../results/pop_size_simulations/simulation_results_combined/homochronous_independent/skyline/expgrowth_slow/highmutsig/skyline_homochronous_expgrowth_slow_highmutsig.T98.trees,0
/cluster/work/stadler/beckermar/BESP_paper-analyses/scripts/../results/pop_size_simulations/simulation_results_combined/homochronous_independent/skyline/expgrowth_slow/highmutsig/skyline_homochronous_expgrowth_slow_highmutsig.T99.trees,0
/cluster/work/stadler/beckermar/BESP_paper-analyses/scripts/../results/pop_size_simulations/simulation_results_combined/homochronous_independent/skyline/expgrowth_slow/lowmutsig/skyline_homochronous_expgrowth_slow_lowmutsig.T0.trees,0
/cluster/work/stadler/beckermar/BESP_paper-analyses/scripts/../results/pop_size_simulations/simulation_results_combined/homochronous_independent/skyline/expgrowth_slow/lowmutsig/skyline_homochronous_expgrowth_slow_lowmutsig.T1.trees,0
/cluster/work/stadler/beckermar/BESP_paper-analyses/scripts/../results/pop_size_simulations/simulation_results_combined/homochronous_independent/skyline/expgrowth_slow/lowmutsig/skyline_homochronous_expgrowth_slow_lowmutsig.T10.trees,0
/cluster/work/stadler/beckermar/BESP_paper-analyses/scripts/../results/pop_size_simulations/simulation_results_combined/homochronous_independent/skyline/expgrowth_slow/lowmutsig/skyline_homochronous_expgrowth_slow_lowmutsig.T11.trees,0
/cluster/work/stadler/beckermar/BESP_paper-analyses/scripts/../results/pop_size_simulations/simulation_results_combined/homochronous_independent/skyline/expgrowth_slow/lowmutsig/skyline_homochronous_expgrowth_slow_lowmutsig.T12.trees,0
/cluster/work/stadler/beckermar/BESP_paper-analyses/scripts/../results/pop_size_simulations/simulation_results_combined/homochronous_independent/skyline/expgrowth_slow/lowmutsig/skyline_homochronous_expgrowth_slow_lowmutsig.T13.trees,0
/cluster/work/stadler/beckermar/BESP_paper-analyses/scripts/../results/pop_size_simulations/simulation_results_combined/homochronous_independent/skyline/expgrowth_slow/lowmutsig/skyline_homochronous_expgrowth_slow_lowmutsig.T14.trees,0
/cluster/work/stadler/beckermar/BESP_paper-analyses/scripts/../results/pop_size_simulations/simulation_results_combined/homochronous_independent/skyline/expgrowth_slow/lowmutsig/skyline_homochronous_expgrowth_slow_lowmutsig.T15.trees,0
/cluster/work/stadler/beckermar/BESP_paper-analyses/scripts/../results/pop_size_simulations/simulation_results_combined/homochronous_independent/skyline/expgrowth_slow/lowmutsig/skyline_homochronous_expgrowth_slow_lowmutsig.T16.trees,0
/cluster/work/stadler/beckermar/BESP_paper-analyses/scripts/../results/pop_size_simulations/simulation_results_combined/homochronous_independent/skyline/expgrowth_slow/lowmutsig/skyline_homochronous_expgrowth_slow_lowmutsig.T17.trees,0
/cluster/work/stadler/beckermar/BESP_paper-analyses/scripts/../results/pop_size_simulations/simulation_results_combined/homochronous_independent/skyline/expgrowth_slow/lowmutsig/skyline_homochronous_expgrowth_slow_lowmutsig.T18.trees,0
/cluster/work/stadler/beckermar/BESP_paper-analyses/scripts/../results/pop_size_simulations/simulation_results_combined/homochronous_independent/skyline/expgrowth_slow/lowmutsig/skyline_homochronous_expgrowth_slow_lowmutsig.T19.trees,0
/cluster/work/stadler/beckermar/BESP_paper-analyses/scripts/../results/pop_size_simulations/simulation_results_combined/homochronous_independent/skyline/expgrowth_slow/lowmutsig/skyline_homochronous_expgrowth_slow_lowmutsig.T2.trees,0
/cluster/work/stadler/beckermar/BESP_paper-analyses/scripts/../results/pop_size_simulations/simulation_results_combined/homochronous_independent/skyline/expgrowth_slow/lowmutsig/skyline_homochronous_expgrowth_slow_lowmutsig.T20.trees,0
/cluster/work/stadler/beckermar/BESP_paper-analyses/scripts/../results/pop_size_simulations/simulation_results_combined/homochronous_independent/skyline/expgrowth_slow/lowmutsig/skyline_homochronous_expgrowth_slow_lowmutsig.T21.trees,0
/cluster/work/stadler/beckermar/BESP_paper-analyses/scripts/../results/pop_size_simulations/simulation_results_combined/homochronous_independent/skyline/expgrowth_slow/lowmutsig/skyline_homochronous_expgrowth_slow_lowmutsig.T22.trees,0
/cluster/work/stadler/beckermar/BESP_paper-analyses/scripts/../results/pop_size_simulations/simulation_results_combined/homochronous_independent/skyline/expgrowth_slow/lowmutsig/skyline_homochronous_expgrowth_slow_lowmutsig.T23.trees,0
/cluster/work/stadler/beckermar/BESP_paper-analyses/scripts/../results/pop_size_simulations/simulation_results_combined/homochronous_independent/skyline/expgrowth_slow/lowmutsig/skyline_homochronous_expgrowth_slow_lowmutsig.T24.trees,0
/cluster/work/stadler/beckermar/BESP_paper-analyses/scripts/../results/pop_size_simulations/simulation_results_combined/homochronous_independent/skyline/expgrowth_slow/lowmutsig/skyline_homochronous_expgrowth_slow_lowmutsig.T25.trees,0
/cluster/work/stadler/beckermar/BESP_paper-analyses/scripts/../results/pop_size_simulations/simulation_results_combined/homochronous_independent/skyline/expgrowth_slow/lowmutsig/skyline_homochronous_expgrowth_slow_lowmutsig.T26.trees,0
/cluster/work/stadler/beckermar/BESP_paper-analyses/scripts/../results/pop_size_simulations/simulation_results_combined/homochronous_independent/skyline/expgrowth_slow/lowmutsig/skyline_homochronous_expgrowth_slow_lowmutsig.T27.trees,0
/cluster/work/stadler/beckermar/BESP_paper-analyses/scripts/../results/pop_size_simulations/simulation_results_combined/homochronous_independent/skyline/expgrowth_slow/lowmutsig/skyline_homochronous_expgrowth_slow_lowmutsig.T28.trees,0
/cluster/work/stadler/beckermar/BESP_paper-analyses/scripts/../results/pop_size_simulations/simulation_results_combined/homochronous_independent/skyline/expgrowth_slow/lowmutsig/skyline_homochronous_expgrowth_slow_lowmutsig.T29.trees,0
/cluster/work/stadler/beckermar/BESP_paper-analyses/scripts/../results/pop_size_simulations/simulation_results_combined/homochronous_independent/skyline/expgrowth_slow/lowmutsig/skyline_homochronous_expgrowth_slow_lowmutsig.T3.trees,0
/cluster/work/stadler/beckermar/BESP_paper-analyses/scripts/../results/pop_size_simulations/simulation_results_combined/homochronous_independent/skyline/expgrowth_slow/lowmutsig/skyline_homochronous_expgrowth_slow_lowmutsig.T30.trees,0
/cluster/work/stadler/beckermar/BESP_paper-analyses/scripts/../results/pop_size_simulations/simulation_results_combined/homochronous_independent/skyline/expgrowth_slow/lowmutsig/skyline_homochronous_expgrowth_slow_lowmutsig.T31.trees,0
/cluster/work/stadler/beckermar/BESP_paper-analyses/scripts/../results/pop_size_simulations/simulation_results_combined/homochronous_independent/skyline/expgrowth_slow/lowmutsig/skyline_homochronous_expgrowth_slow_lowmutsig.T32.trees,0
/cluster/work/stadler/beckermar/BESP_paper-analyses/scripts/../results/pop_size_simulations/simulation_results_combined/homochronous_independent/skyline/expgrowth_slow/lowmutsig/skyline_homochronous_expgrowth_slow_lowmutsig.T33.trees,0
/cluster/work/stadler/beckermar/BESP_paper-analyses/scripts/../results/pop_size_simulations/simulation_results_combined/homochronous_independent/skyline/expgrowth_slow/lowmutsig/skyline_homochronous_expgrowth_slow_lowmutsig.T34.trees,0
/cluster/work/stadler/beckermar/BESP_paper-analyses/scripts/../results/pop_size_simulations/simulation_results_combined/homochronous_independent/skyline/expgrowth_slow/lowmutsig/skyline_homochronous_expgrowth_slow_lowmutsig.T35.trees,0
/cluster/work/stadler/beckermar/BESP_paper-analyses/scripts/../results/pop_size_simulations/simulation_results_combined/homochronous_independent/skyline/expgrowth_slow/lowmutsig/skyline_homochronous_expgrowth_slow_lowmutsig.T36.trees,0
/cluster/work/stadler/beckermar/BESP_paper-analyses/scripts/../results/pop_size_simulations/simulation_results_combined/homochronous_independent/skyline/expgrowth_slow/lowmutsig/skyline_homochronous_expgrowth_slow_lowmutsig.T37.trees,0
/cluster/work/stadler/beckermar/BESP_paper-analyses/scripts/../results/pop_size_simulations/simulation_results_combined/homochronous_independent/skyline/expgrowth_slow/lowmutsig/skyline_homochronous_expgrowth_slow_lowmutsig.T38.trees,0
/cluster/work/stadler/beckermar/BESP_paper-analyses/scripts/../results/pop_size_simulations/simulation_results_combined/homochronous_independent/skyline/expgrowth_slow/lowmutsig/skyline_homochronous_expgrowth_slow_lowmutsig.T39.trees,0
/cluster/work/stadler/beckermar/BESP_paper-analyses/scripts/../results/pop_size_simulations/simulation_results_combined/homochronous_independent/skyline/expgrowth_slow/lowmutsig/skyline_homochronous_expgrowth_slow_lowmutsig.T40.trees,0
/cluster/work/stadler/beckermar/BESP_paper-analyses/scripts/../results/pop_size_simulations/simulation_results_combined/homochronous_independent/skyline/expgrowth_slow/lowmutsig/skyline_homochronous_expgrowth_slow_lowmutsig.T41.trees,0
/cluster/work/stadler/beckermar/BESP_paper-analyses/scripts/../results/pop_size_simulations/simulation_results_combined/homochronous_independent/skyline/expgrowth_slow/lowmutsig/skyline_homochronous_expgrowth_slow_lowmutsig.T42.trees,0
/cluster/work/stadler/beckermar/BESP_paper-analyses/scripts/../results/pop_size_simulations/simulation_results_combined/homochronous_independent/skyline/expgrowth_slow/lowmutsig/skyline_homochronous_expgrowth_slow_lowmutsig.T43.trees,0
/cluster/work/stadler/beckermar/BESP_paper-analyses/scripts/../results/pop_size_simulations/simulation_results_combined/homochronous_independent/skyline/expgrowth_slow/lowmutsig/skyline_homochronous_expgrowth_slow_lowmutsig.T45.trees,0
/cluster/work/stadler/beckermar/BESP_paper-analyses/scripts/../results/pop_size_simulations/simulation_results_combined/homochronous_independent/skyline/expgrowth_slow/lowmutsig/skyline_homochronous_expgrowth_slow_lowmutsig.T47.trees,0
/cluster/work/stadler/beckermar/BESP_paper-analyses/scripts/../results/pop_size_simulations/simulation_results_combined/homochronous_independent/skyline/expgrowth_slow/lowmutsig/skyline_homochronous_expgrowth_slow_lowmutsig.T48.trees,0
/cluster/work/stadler/beckermar/BESP_paper-analyses/scripts/../results/pop_size_simulations/simulation_results_combined/homochronous_independent/skyline/expgrowth_slow/lowmutsig/skyline_homochronous_expgrowth_slow_lowmutsig.T49.trees,0
/cluster/work/stadler/beckermar/BESP_paper-analyses/scripts/../results/pop_size_simulations/simulation_results_combined/homochronous_independent/skyline/expgrowth_slow/lowmutsig/skyline_homochronous_expgrowth_slow_lowmutsig.T5.trees,0
/cluster/work/stadler/beckermar/BESP_paper-analyses/scripts/../results/pop_size_simulations/simulation_results_combined/homochronous_independent/skyline/expgrowth_slow/lowmutsig/skyline_homochronous_expgrowth_slow_lowmutsig.T50.trees,0
/cluster/work/stadler/beckermar/BESP_paper-analyses/scripts/../results/pop_size_simulations/simulation_results_combined/homochronous_independent/skyline/expgrowth_slow/lowmutsig/skyline_homochronous_expgrowth_slow_lowmutsig.T51.trees,0
/cluster/work/stadler/beckermar/BESP_paper-analyses/scripts/../results/pop_size_simulations/simulation_results_combined/homochronous_independent/skyline/expgrowth_slow/lowmutsig/skyline_homochronous_expgrowth_slow_lowmutsig.T52.trees,0
/cluster/work/stadler/beckermar/BESP_paper-analyses/scripts/../results/pop_size_simulations/simulation_results_combined/homochronous_independent/skyline/expgrowth_slow/lowmutsig/skyline_homochronous_expgrowth_slow_lowmutsig.T53.trees,0
/cluster/work/stadler/beckermar/BESP_paper-analyses/scripts/../results/pop_size_simulations/simulation_results_combined/homochronous_independent/skyline/expgrowth_slow/lowmutsig/skyline_homochronous_expgrowth_slow_lowmutsig.T55.trees,0
/cluster/work/stadler/beckermar/BESP_paper-analyses/scripts/../results/pop_size_simulations/simulation_results_combined/homochronous_independent/skyline/expgrowth_slow/lowmutsig/skyline_homochronous_expgrowth_slow_lowmutsig.T56.trees,0
/cluster/work/stadler/beckermar/BESP_paper-analyses/scripts/../results/pop_size_simulations/simulation_results_combined/homochronous_independent/skyline/expgrowth_slow/lowmutsig/skyline_homochronous_expgrowth_slow_lowmutsig.T57.trees,0
/cluster/work/stadler/beckermar/BESP_paper-analyses/scripts/../results/pop_size_simulations/simulation_results_combined/homochronous_independent/skyline/expgrowth_slow/lowmutsig/skyline_homochronous_expgrowth_slow_lowmutsig.T59.trees,0
/cluster/work/stadler/beckermar/BESP_paper-analyses/scripts/../results/pop_size_simulations/simulation_results_combined/homochronous_independent/skyline/expgrowth_slow/lowmutsig/skyline_homochronous_expgrowth_slow_lowmutsig.T6.trees,0
/cluster/work/stadler/beckermar/BESP_paper-analyses/scripts/../results/pop_size_simulations/simulation_results_combined/homochronous_independent/skyline/expgrowth_slow/lowmutsig/skyline_homochronous_expgrowth_slow_lowmutsig.T60.trees,0
/cluster/work/stadler/beckermar/BESP_paper-analyses/scripts/../results/pop_size_simulations/simulation_results_combined/homochronous_independent/skyline/expgrowth_slow/lowmutsig/skyline_homochronous_expgrowth_slow_lowmutsig.T61.trees,0
/cluster/work/stadler/beckermar/BESP_paper-analyses/scripts/../results/pop_size_simulations/simulation_results_combined/homochronous_independent/skyline/expgrowth_slow/lowmutsig/skyline_homochronous_expgrowth_slow_lowmutsig.T62.trees,0
/cluster/work/stadler/beckermar/BESP_paper-analyses/scripts/../results/pop_size_simulations/simulation_results_combined/homochronous_independent/skyline/expgrowth_slow/lowmutsig/skyline_homochronous_expgrowth_slow_lowmutsig.T63.trees,0
/cluster/work/stadler/beckermar/BESP_paper-analyses/scripts/../results/pop_size_simulations/simulation_results_combined/homochronous_independent/skyline/expgrowth_slow/lowmutsig/skyline_homochronous_expgrowth_slow_lowmutsig.T64.trees,0
/cluster/work/stadler/beckermar/BESP_paper-analyses/scripts/../results/pop_size_simulations/simulation_results_combined/homochronous_independent/skyline/expgrowth_slow/lowmutsig/skyline_homochronous_expgrowth_slow_lowmutsig.T65.trees,0
/cluster/work/stadler/beckermar/BESP_paper-analyses/scripts/../results/pop_size_simulations/simulation_results_combined/homochronous_independent/skyline/expgrowth_slow/lowmutsig/skyline_homochronous_expgrowth_slow_lowmutsig.T66.trees,0
/cluster/work/stadler/beckermar/BESP_paper-analyses/scripts/../results/pop_size_simulations/simulation_results_combined/homochronous_independent/skyline/expgrowth_slow/lowmutsig/skyline_homochronous_expgrowth_slow_lowmutsig.T67.trees,0
/cluster/work/stadler/beckermar/BESP_paper-analyses/scripts/../results/pop_size_simulations/simulation_results_combined/homochronous_independent/skyline/expgrowth_slow/lowmutsig/skyline_homochronous_expgrowth_slow_lowmutsig.T68.trees,0
/cluster/work/stadler/beckermar/BESP_paper-analyses/scripts/../results/pop_size_simulations/simulation_results_combined/homochronous_independent/skyline/expgrowth_slow/lowmutsig/skyline_homochronous_expgrowth_slow_lowmutsig.T69.trees,0
/cluster/work/stadler/beckermar/BESP_paper-analyses/scripts/../results/pop_size_simulations/simulation_results_combined/homochronous_independent/skyline/expgrowth_slow/lowmutsig/skyline_homochronous_expgrowth_slow_lowmutsig.T70.trees,0
/cluster/work/stadler/beckermar/BESP_paper-analyses/scripts/../results/pop_size_simulations/simulation_results_combined/homochronous_independent/skyline/expgrowth_slow/lowmutsig/skyline_homochronous_expgrowth_slow_lowmutsig.T71.trees,0
/cluster/work/stadler/beckermar/BESP_paper-analyses/scripts/../results/pop_size_simulations/simulation_results_combined/homochronous_independent/skyline/expgrowth_slow/lowmutsig/skyline_homochronous_expgrowth_slow_lowmutsig.T72.trees,0
/cluster/work/stadler/beckermar/BESP_paper-analyses/scripts/../results/pop_size_simulations/simulation_results_combined/homochronous_independent/skyline/expgrowth_slow/lowmutsig/skyline_homochronous_expgrowth_slow_lowmutsig.T74.trees,0
/cluster/work/stadler/beckermar/BESP_paper-analyses/scripts/../results/pop_size_simulations/simulation_results_combined/homochronous_independent/skyline/expgrowth_slow/lowmutsig/skyline_homochronous_expgrowth_slow_lowmutsig.T75.trees,0
/cluster/work/stadler/beckermar/BESP_paper-analyses/scripts/../results/pop_size_simulations/simulation_results_combined/homochronous_independent/skyline/expgrowth_slow/lowmutsig/skyline_homochronous_expgrowth_slow_lowmutsig.T76.trees,0
/cluster/work/stadler/beckermar/BESP_paper-analyses/scripts/../results/pop_size_simulations/simulation_results_combined/homochronous_independent/skyline/expgrowth_slow/lowmutsig/skyline_homochronous_expgrowth_slow_lowmutsig.T77.trees,0
/cluster/work/stadler/beckermar/BESP_paper-analyses/scripts/../results/pop_size_simulations/simulation_results_combined/homochronous_independent/skyline/expgrowth_slow/lowmutsig/skyline_homochronous_expgrowth_slow_lowmutsig.T78.trees,0
/cluster/work/stadler/beckermar/BESP_paper-analyses/scripts/../results/pop_size_simulations/simulation_results_combined/homochronous_independent/skyline/expgrowth_slow/lowmutsig/skyline_homochronous_expgrowth_slow_lowmutsig.T79.trees,0
/cluster/work/stadler/beckermar/BESP_paper-analyses/scripts/../results/pop_size_simulations/simulation_results_combined/homochronous_independent/skyline/expgrowth_slow/lowmutsig/skyline_homochronous_expgrowth_slow_lowmutsig.T8.trees,0
/cluster/work/stadler/beckermar/BESP_paper-analyses/scripts/../results/pop_size_simulations/simulation_results_combined/homochronous_independent/skyline/expgrowth_slow/lowmutsig/skyline_homochronous_expgrowth_slow_lowmutsig.T80.trees,0
/cluster/work/stadler/beckermar/BESP_paper-analyses/scripts/../results/pop_size_simulations/simulation_results_combined/homochronous_independent/skyline/expgrowth_slow/lowmutsig/skyline_homochronous_expgrowth_slow_lowmutsig.T81.trees,0
/cluster/work/stadler/beckermar/BESP_paper-analyses/scripts/../results/pop_size_simulations/simulation_results_combined/homochronous_independent/skyline/expgrowth_slow/lowmutsig/skyline_homochronous_expgrowth_slow_lowmutsig.T83.trees,0
/cluster/work/stadler/beckermar/BESP_paper-analyses/scripts/../results/pop_size_simulations/simulation_results_combined/homochronous_independent/skyline/expgrowth_slow/lowmutsig/skyline_homochronous_expgrowth_slow_lowmutsig.T84.trees,0
/cluster/work/stadler/beckermar/BESP_paper-analyses/scripts/../results/pop_size_simulations/simulation_results_combined/homochronous_independent/skyline/expgrowth_slow/lowmutsig/skyline_homochronous_expgrowth_slow_lowmutsig.T85.trees,0
/cluster/work/stadler/beckermar/BESP_paper-analyses/scripts/../results/pop_size_simulations/simulation_results_combined/homochronous_independent/skyline/expgrowth_slow/lowmutsig/skyline_homochronous_expgrowth_slow_lowmutsig.T86.trees,0
/cluster/work/stadler/beckermar/BESP_paper-analyses/scripts/../results/pop_size_simulations/simulation_results_combined/homochronous_independent/skyline/expgrowth_slow/lowmutsig/skyline_homochronous_expgrowth_slow_lowmutsig.T87.trees,0
/cluster/work/stadler/beckermar/BESP_paper-analyses/scripts/../results/pop_size_simulations/simulation_results_combined/homochronous_independent/skyline/expgrowth_slow/lowmutsig/skyline_homochronous_expgrowth_slow_lowmutsig.T88.trees,0
/cluster/work/stadler/beckermar/BESP_paper-analyses/scripts/../results/pop_size_simulations/simulation_results_combined/homochronous_independent/skyline/expgrowth_slow/lowmutsig/skyline_homochronous_expgrowth_slow_lowmutsig.T89.trees,0
/cluster/work/stadler/beckermar/BESP_paper-analyses/scripts/../results/pop_size_simulations/simulation_results_combined/homochronous_independent/skyline/expgrowth_slow/lowmutsig/skyline_homochronous_expgrowth_slow_lowmutsig.T9.trees,0
/cluster/work/stadler/beckermar/BESP_paper-analyses/scripts/../results/pop_size_simulations/simulation_results_combined/homochronous_independent/skyline/expgrowth_slow/lowmutsig/skyline_homochronous_expgrowth_slow_lowmutsig.T90.trees,0
/cluster/work/stadler/beckermar/BESP_paper-analyses/scripts/../results/pop_size_simulations/simulation_results_combined/homochronous_independent/skyline/expgrowth_slow/lowmutsig/skyline_homochronous_expgrowth_slow_lowmutsig.T91.trees,0
/cluster/work/stadler/beckermar/BESP_paper-analyses/scripts/../results/pop_size_simulations/simulation_results_combined/homochronous_independent/skyline/expgrowth_slow/lowmutsig/skyline_homochronous_expgrowth_slow_lowmutsig.T92.trees,0
/cluster/work/stadler/beckermar/BESP_paper-analyses/scripts/../results/pop_size_simulations/simulation_results_combined/homochronous_independent/skyline/expgrowth_slow/lowmutsig/skyline_homochronous_expgrowth_slow_lowmutsig.T93.trees,0
/cluster/work/stadler/beckermar/BESP_paper-analyses/scripts/../results/pop_size_simulations/simulation_results_combined/homochronous_independent/skyline/expgrowth_slow/lowmutsig/skyline_homochronous_expgrowth_slow_lowmutsig.T94.trees,0
/cluster/work/stadler/beckermar/BESP_paper-analyses/scripts/../results/pop_size_simulations/simulation_results_combined/homochronous_independent/skyline/expgrowth_slow/lowmutsig/skyline_homochronous_expgrowth_slow_lowmutsig.T95.trees,0
/cluster/work/stadler/beckermar/BESP_paper-analyses/scripts/../results/pop_size_simulations/simulation_results_combined/homochronous_independent/skyline/expgrowth_slow/lowmutsig/skyline_homochronous_expgrowth_slow_lowmutsig.T96.trees,0
/cluster/work/stadler/beckermar/BESP_paper-analyses/scripts/../results/pop_size_simulations/simulation_results_combined/homochronous_independent/skyline/expgrowth_slow/lowmutsig/skyline_homochronous_expgrowth_slow_lowmutsig.T97.trees,0
/cluster/work/stadler/beckermar/BESP_paper-analyses/scripts/../results/pop_size_simulations/simulation_results_combined/homochronous_independent/skyline/expgrowth_slow/lowmutsig/skyline_homochronous_expgrowth_slow_lowmutsig.T98.trees,0
/cluster/work/stadler/beckermar/BESP_paper-analyses/scripts/../results/pop_size_simulations/simulation_results_combined/homochronous_independent/skyline/expgrowth_slow/lowmutsig/skyline_homochronous_expgrowth_slow_lowmutsig.T99.trees,0
/cluster/work/stadler/beckermar/BESP_paper-analyses/scripts/../results/pop_size_simulations/simulation_results_combined/homochronous_independent/skyline/expgrowth_slow/medmutsig/skyline_homochronous_expgrowth_slow_medmutsig.T0.trees,0
/cluster/work/stadler/beckermar/BESP_paper-analyses/scripts/../results/pop_size_simulations/simulation_results_combined/homochronous_independent/skyline/expgrowth_slow/medmutsig/skyline_homochronous_expgrowth_slow_medmutsig.T1.trees,0
/cluster/work/stadler/beckermar/BESP_paper-analyses/scripts/../results/pop_size_simulations/simulation_results_combined/homochronous_independent/skyline/expgrowth_slow/medmutsig/skyline_homochronous_expgrowth_slow_medmutsig.T10.trees,0
/cluster/work/stadler/beckermar/BESP_paper-analyses/scripts/../results/pop_size_simulations/simulation_results_combined/homochronous_independent/skyline/expgrowth_slow/medmutsig/skyline_homochronous_expgrowth_slow_medmutsig.T11.trees,0
/cluster/work/stadler/beckermar/BESP_paper-analyses/scripts/../results/pop_size_simulations/simulation_results_combined/homochronous_independent/skyline/expgrowth_slow/medmutsig/skyline_homochronous_expgrowth_slow_medmutsig.T12.trees,0
/cluster/work/stadler/beckermar/BESP_paper-analyses/scripts/../results/pop_size_simulations/simulation_results_combined/homochronous_independent/skyline/expgrowth_slow/medmutsig/skyline_homochronous_expgrowth_slow_medmutsig.T13.trees,0
/cluster/work/stadler/beckermar/BESP_paper-analyses/scripts/../results/pop_size_simulations/simulation_results_combined/homochronous_independent/skyline/expgrowth_slow/medmutsig/skyline_homochronous_expgrowth_slow_medmutsig.T14.trees,0
/cluster/work/stadler/beckermar/BESP_paper-analyses/scripts/../results/pop_size_simulations/simulation_results_combined/homochronous_independent/skyline/expgrowth_slow/medmutsig/skyline_homochronous_expgrowth_slow_medmutsig.T15.trees,0
/cluster/work/stadler/beckermar/BESP_paper-analyses/scripts/../results/pop_size_simulations/simulation_results_combined/homochronous_independent/skyline/expgrowth_slow/medmutsig/skyline_homochronous_expgrowth_slow_medmutsig.T16.trees,0
/cluster/work/stadler/beckermar/BESP_paper-analyses/scripts/../results/pop_size_simulations/simulation_results_combined/homochronous_independent/skyline/expgrowth_slow/medmutsig/skyline_homochronous_expgrowth_slow_medmutsig.T17.trees,0
/cluster/work/stadler/beckermar/BESP_paper-analyses/scripts/../results/pop_size_simulations/simulation_results_combined/homochronous_independent/skyline/expgrowth_slow/medmutsig/skyline_homochronous_expgrowth_slow_medmutsig.T19.trees,0
/cluster/work/stadler/beckermar/BESP_paper-analyses/scripts/../results/pop_size_simulations/simulation_results_combined/homochronous_independent/skyline/expgrowth_slow/medmutsig/skyline_homochronous_expgrowth_slow_medmutsig.T2.trees,0
/cluster/work/stadler/beckermar/BESP_paper-analyses/scripts/../results/pop_size_simulations/simulation_results_combined/homochronous_independent/skyline/expgrowth_slow/medmutsig/skyline_homochronous_expgrowth_slow_medmutsig.T20.trees,0
/cluster/work/stadler/beckermar/BESP_paper-analyses/scripts/../results/pop_size_simulations/simulation_results_combined/homochronous_independent/skyline/expgrowth_slow/medmutsig/skyline_homochronous_expgrowth_slow_medmutsig.T21.trees,0
/cluster/work/stadler/beckermar/BESP_paper-analyses/scripts/../results/pop_size_simulations/simulation_results_combined/homochronous_independent/skyline/expgrowth_slow/medmutsig/skyline_homochronous_expgrowth_slow_medmutsig.T22.trees,0
/cluster/work/stadler/beckermar/BESP_paper-analyses/scripts/../results/pop_size_simulations/simulation_results_combined/homochronous_independent/skyline/expgrowth_slow/medmutsig/skyline_homochronous_expgrowth_slow_medmutsig.T23.trees,0
/cluster/work/stadler/beckermar/BESP_paper-analyses/scripts/../results/pop_size_simulations/simulation_results_combined/homochronous_independent/skyline/expgrowth_slow/medmutsig/skyline_homochronous_expgrowth_slow_medmutsig.T24.trees,0
/cluster/work/stadler/beckermar/BESP_paper-analyses/scripts/../results/pop_size_simulations/simulation_results_combined/homochronous_independent/skyline/expgrowth_slow/medmutsig/skyline_homochronous_expgrowth_slow_medmutsig.T25.trees,0
/cluster/work/stadler/beckermar/BESP_paper-analyses/scripts/../results/pop_size_simulations/simulation_results_combined/homochronous_independent/skyline/expgrowth_slow/medmutsig/skyline_homochronous_expgrowth_slow_medmutsig.T26.trees,0
/cluster/work/stadler/beckermar/BESP_paper-analyses/scripts/../results/pop_size_simulations/simulation_results_combined/homochronous_independent/skyline/expgrowth_slow/medmutsig/skyline_homochronous_expgrowth_slow_medmutsig.T27.trees,0
/cluster/work/stadler/beckermar/BESP_paper-analyses/scripts/../results/pop_size_simulations/simulation_results_combined/homochronous_independent/skyline/expgrowth_slow/medmutsig/skyline_homochronous_expgrowth_slow_medmutsig.T28.trees,0
/cluster/work/stadler/beckermar/BESP_paper-analyses/scripts/../results/pop_size_simulations/simulation_results_combined/homochronous_independent/skyline/expgrowth_slow/medmutsig/skyline_homochronous_expgrowth_slow_medmutsig.T29.trees,0
/cluster/work/stadler/beckermar/BESP_paper-analyses/scripts/../results/pop_size_simulations/simulation_results_combined/homochronous_independent/skyline/expgrowth_slow/medmutsig/skyline_homochronous_expgrowth_slow_medmutsig.T3.trees,0
/cluster/work/stadler/beckermar/BESP_paper-analyses/scripts/../results/pop_size_simulations/simulation_results_combined/homochronous_independent/skyline/expgrowth_slow/medmutsig/skyline_homochronous_expgrowth_slow_medmutsig.T30.trees,0
/cluster/work/stadler/beckermar/BESP_paper-analyses/scripts/../results/pop_size_simulations/simulation_results_combined/homochronous_independent/skyline/expgrowth_slow/medmutsig/skyline_homochronous_expgrowth_slow_medmutsig.T31.trees,0
/cluster/work/stadler/beckermar/BESP_paper-analyses/scripts/../results/pop_size_simulations/simulation_results_combined/homochronous_independent/skyline/expgrowth_slow/medmutsig/skyline_homochronous_expgrowth_slow_medmutsig.T32.trees,0
/cluster/work/stadler/beckermar/BESP_paper-analyses/scripts/../results/pop_size_simulations/simulation_results_combined/homochronous_independent/skyline/expgrowth_slow/medmutsig/skyline_homochronous_expgrowth_slow_medmutsig.T33.trees,0
/cluster/work/stadler/beckermar/BESP_paper-analyses/scripts/../results/pop_size_simulations/simulation_results_combined/homochronous_independent/skyline/expgrowth_slow/medmutsig/skyline_homochronous_expgrowth_slow_medmutsig.T34.trees,0
/cluster/work/stadler/beckermar/BESP_paper-analyses/scripts/../results/pop_size_simulations/simulation_results_combined/homochronous_independent/skyline/expgrowth_slow/medmutsig/skyline_homochronous_expgrowth_slow_medmutsig.T35.trees,0
/cluster/work/stadler/beckermar/BESP_paper-analyses/scripts/../results/pop_size_simulations/simulation_results_combined/homochronous_independent/skyline/expgrowth_slow/medmutsig/skyline_homochronous_expgrowth_slow_medmutsig.T36.trees,0
/cluster/work/stadler/beckermar/BESP_paper-analyses/scripts/../results/pop_size_simulations/simulation_results_combined/homochronous_independent/skyline/expgrowth_slow/medmutsig/skyline_homochronous_expgrowth_slow_medmutsig.T37.trees,0
/cluster/work/stadler/beckermar/BESP_paper-analyses/scripts/../results/pop_size_simulations/simulation_results_combined/homochronous_independent/skyline/expgrowth_slow/medmutsig/skyline_homochronous_expgrowth_slow_medmutsig.T38.trees,0
/cluster/work/stadler/beckermar/BESP_paper-analyses/scripts/../results/pop_size_simulations/simulation_results_combined/homochronous_independent/skyline/expgrowth_slow/medmutsig/skyline_homochronous_expgrowth_slow_medmutsig.T39.trees,0
/cluster/work/stadler/beckermar/BESP_paper-analyses/scripts/../results/pop_size_simulations/simulation_results_combined/homochronous_independent/skyline/expgrowth_slow/medmutsig/skyline_homochronous_expgrowth_slow_medmutsig.T4.trees,0
/cluster/work/stadler/beckermar/BESP_paper-analyses/scripts/../results/pop_size_simulations/simulation_results_combined/homochronous_independent/skyline/expgrowth_slow/medmutsig/skyline_homochronous_expgrowth_slow_medmutsig.T40.trees,0
/cluster/work/stadler/beckermar/BESP_paper-analyses/scripts/../results/pop_size_simulations/simulation_results_combined/homochronous_independent/skyline/expgrowth_slow/medmutsig/skyline_homochronous_expgrowth_slow_medmutsig.T41.trees,0
/cluster/work/stadler/beckermar/BESP_paper-analyses/scripts/../results/pop_size_simulations/simulation_results_combined/homochronous_independent/skyline/expgrowth_slow/medmutsig/skyline_homochronous_expgrowth_slow_medmutsig.T42.trees,0
/cluster/work/stadler/beckermar/BESP_paper-analyses/scripts/../results/pop_size_simulations/simulation_results_combined/homochronous_independent/skyline/expgrowth_slow/medmutsig/skyline_homochronous_expgrowth_slow_medmutsig.T43.trees,0
/cluster/work/stadler/beckermar/BESP_paper-analyses/scripts/../results/pop_size_simulations/simulation_results_combined/homochronous_independent/skyline/expgrowth_slow/medmutsig/skyline_homochronous_expgrowth_slow_medmutsig.T44.trees,0
/cluster/work/stadler/beckermar/BESP_paper-analyses/scripts/../results/pop_size_simulations/simulation_results_combined/homochronous_independent/skyline/expgrowth_slow/medmutsig/skyline_homochronous_expgrowth_slow_medmutsig.T45.trees,0
/cluster/work/stadler/beckermar/BESP_paper-analyses/scripts/../results/pop_size_simulations/simulation_results_combined/homochronous_independent/skyline/expgrowth_slow/medmutsig/skyline_homochronous_expgrowth_slow_medmutsig.T46.trees,0
/cluster/work/stadler/beckermar/BESP_paper-analyses/scripts/../results/pop_size_simulations/simulation_results_combined/homochronous_independent/skyline/expgrowth_slow/medmutsig/skyline_homochronous_expgrowth_slow_medmutsig.T47.trees,0
/cluster/work/stadler/beckermar/BESP_paper-analyses/scripts/../results/pop_size_simulations/simulation_results_combined/homochronous_independent/skyline/expgrowth_slow/medmutsig/skyline_homochronous_expgrowth_slow_medmutsig.T48.trees,0
/cluster/work/stadler/beckermar/BESP_paper-analyses/scripts/../results/pop_size_simulations/simulation_results_combined/homochronous_independent/skyline/expgrowth_slow/medmutsig/skyline_homochronous_expgrowth_slow_medmutsig.T49.trees,0
/cluster/work/stadler/beckermar/BESP_paper-analyses/scripts/../results/pop_size_simulations/simulation_results_combined/homochronous_independent/skyline/expgrowth_slow/medmutsig/skyline_homochronous_expgrowth_slow_medmutsig.T5.trees,0
/cluster/work/stadler/beckermar/BESP_paper-analyses/scripts/../results/pop_size_simulations/simulation_results_combined/homochronous_independent/skyline/expgrowth_slow/medmutsig/skyline_homochronous_expgrowth_slow_medmutsig.T51.trees,0
/cluster/work/stadler/beckermar/BESP_paper-analyses/scripts/../results/pop_size_simulations/simulation_results_combined/homochronous_independent/skyline/expgrowth_slow/medmutsig/skyline_homochronous_expgrowth_slow_medmutsig.T52.trees,0
/cluster/work/stadler/beckermar/BESP_paper-analyses/scripts/../results/pop_size_simulations/simulation_results_combined/homochronous_independent/skyline/expgrowth_slow/medmutsig/skyline_homochronous_expgrowth_slow_medmutsig.T53.trees,0
/cluster/work/stadler/beckermar/BESP_paper-analyses/scripts/../results/pop_size_simulations/simulation_results_combined/homochronous_independent/skyline/expgrowth_slow/medmutsig/skyline_homochronous_expgrowth_slow_medmutsig.T54.trees,0
/cluster/work/stadler/beckermar/BESP_paper-analyses/scripts/../results/pop_size_simulations/simulation_results_combined/homochronous_independent/skyline/expgrowth_slow/medmutsig/skyline_homochronous_expgrowth_slow_medmutsig.T55.trees,0
/cluster/work/stadler/beckermar/BESP_paper-analyses/scripts/../results/pop_size_simulations/simulation_results_combined/homochronous_independent/skyline/expgrowth_slow/medmutsig/skyline_homochronous_expgrowth_slow_medmutsig.T56.trees,0
/cluster/work/stadler/beckermar/BESP_paper-analyses/scripts/../results/pop_size_simulations/simulation_results_combined/homochronous_independent/skyline/expgrowth_slow/medmutsig/skyline_homochronous_expgrowth_slow_medmutsig.T57.trees,0
/cluster/work/stadler/beckermar/BESP_paper-analyses/scripts/../results/pop_size_simulations/simulation_results_combined/homochronous_independent/skyline/expgrowth_slow/medmutsig/skyline_homochronous_expgrowth_slow_medmutsig.T58.trees,0
/cluster/work/stadler/beckermar/BESP_paper-analyses/scripts/../results/pop_size_simulations/simulation_results_combined/homochronous_independent/skyline/expgrowth_slow/medmutsig/skyline_homochronous_expgrowth_slow_medmutsig.T59.trees,0
/cluster/work/stadler/beckermar/BESP_paper-analyses/scripts/../results/pop_size_simulations/simulation_results_combined/homochronous_independent/skyline/expgrowth_slow/medmutsig/skyline_homochronous_expgrowth_slow_medmutsig.T6.trees,0
/cluster/work/stadler/beckermar/BESP_paper-analyses/scripts/../results/pop_size_simulations/simulation_results_combined/homochronous_independent/skyline/expgrowth_slow/medmutsig/skyline_homochronous_expgrowth_slow_medmutsig.T60.trees,0
/cluster/work/stadler/beckermar/BESP_paper-analyses/scripts/../results/pop_size_simulations/simulation_results_combined/homochronous_independent/skyline/expgrowth_slow/medmutsig/skyline_homochronous_expgrowth_slow_medmutsig.T61.trees,0
/cluster/work/stadler/beckermar/BESP_paper-analyses/scripts/../results/pop_size_simulations/simulation_results_combined/homochronous_independent/skyline/expgrowth_slow/medmutsig/skyline_homochronous_expgrowth_slow_medmutsig.T62.trees,0
/cluster/work/stadler/beckermar/BESP_paper-analyses/scripts/../results/pop_size_simulations/simulation_results_combined/homochronous_independent/skyline/expgrowth_slow/medmutsig/skyline_homochronous_expgrowth_slow_medmutsig.T63.trees,0
/cluster/work/stadler/beckermar/BESP_paper-analyses/scripts/../results/pop_size_simulations/simulation_results_combined/homochronous_independent/skyline/expgrowth_slow/medmutsig/skyline_homochronous_expgrowth_slow_medmutsig.T64.trees,0
/cluster/work/stadler/beckermar/BESP_paper-analyses/scripts/../results/pop_size_simulations/simulation_results_combined/homochronous_independent/skyline/expgrowth_slow/medmutsig/skyline_homochronous_expgrowth_slow_medmutsig.T65.trees,0
/cluster/work/stadler/beckermar/BESP_paper-analyses/scripts/../results/pop_size_simulations/simulation_results_combined/homochronous_independent/skyline/expgrowth_slow/medmutsig/skyline_homochronous_expgrowth_slow_medmutsig.T66.trees,0
/cluster/work/stadler/beckermar/BESP_paper-analyses/scripts/../results/pop_size_simulations/simulation_results_combined/homochronous_independent/skyline/expgrowth_slow/medmutsig/skyline_homochronous_expgrowth_slow_medmutsig.T67.trees,0
/cluster/work/stadler/beckermar/BESP_paper-analyses/scripts/../results/pop_size_simulations/simulation_results_combined/homochronous_independent/skyline/expgrowth_slow/medmutsig/skyline_homochronous_expgrowth_slow_medmutsig.T68.trees,0
/cluster/work/stadler/beckermar/BESP_paper-analyses/scripts/../results/pop_size_simulations/simulation_results_combined/homochronous_independent/skyline/expgrowth_slow/medmutsig/skyline_homochronous_expgrowth_slow_medmutsig.T69.trees,0
/cluster/work/stadler/beckermar/BESP_paper-analyses/scripts/../results/pop_size_simulations/simulation_results_combined/homochronous_independent/skyline/expgrowth_slow/medmutsig/skyline_homochronous_expgrowth_slow_medmutsig.T7.trees,0
/cluster/work/stadler/beckermar/BESP_paper-analyses/scripts/../results/pop_size_simulations/simulation_results_combined/homochronous_independent/skyline/expgrowth_slow/medmutsig/skyline_homochronous_expgrowth_slow_medmutsig.T70.trees,0
/cluster/work/stadler/beckermar/BESP_paper-analyses/scripts/../results/pop_size_simulations/simulation_results_combined/homochronous_independent/skyline/expgrowth_slow/medmutsig/skyline_homochronous_expgrowth_slow_medmutsig.T71.trees,0
/cluster/work/stadler/beckermar/BESP_paper-analyses/scripts/../results/pop_size_simulations/simulation_results_combined/homochronous_independent/skyline/expgrowth_slow/medmutsig/skyline_homochronous_expgrowth_slow_medmutsig.T72.trees,0
/cluster/work/stadler/beckermar/BESP_paper-analyses/scripts/../results/pop_size_simulations/simulation_results_combined/homochronous_independent/skyline/expgrowth_slow/medmutsig/skyline_homochronous_expgrowth_slow_medmutsig.T73.trees,0
/cluster/work/stadler/beckermar/BESP_paper-analyses/scripts/../results/pop_size_simulations/simulation_results_combined/homochronous_independent/skyline/expgrowth_slow/medmutsig/skyline_homochronous_expgrowth_slow_medmutsig.T74.trees,0
/cluster/work/stadler/beckermar/BESP_paper-analyses/scripts/../results/pop_size_simulations/simulation_results_combined/homochronous_independent/skyline/expgrowth_slow/medmutsig/skyline_homochronous_expgrowth_slow_medmutsig.T75.trees,0
/cluster/work/stadler/beckermar/BESP_paper-analyses/scripts/../results/pop_size_simulations/simulation_results_combined/homochronous_independent/skyline/expgrowth_slow/medmutsig/skyline_homochronous_expgrowth_slow_medmutsig.T76.trees,0
/cluster/work/stadler/beckermar/BESP_paper-analyses/scripts/../results/pop_size_simulations/simulation_results_combined/homochronous_independent/skyline/expgrowth_slow/medmutsig/skyline_homochronous_expgrowth_slow_medmutsig.T77.trees,0
/cluster/work/stadler/beckermar/BESP_paper-analyses/scripts/../results/pop_size_simulations/simulation_results_combined/homochronous_independent/skyline/expgrowth_slow/medmutsig/skyline_homochronous_expgrowth_slow_medmutsig.T78.trees,0
/cluster/work/stadler/beckermar/BESP_paper-analyses/scripts/../results/pop_size_simulations/simulation_results_combined/homochronous_independent/skyline/expgrowth_slow/medmutsig/skyline_homochronous_expgrowth_slow_medmutsig.T79.trees,0
/cluster/work/stadler/beckermar/BESP_paper-analyses/scripts/../results/pop_size_simulations/simulation_results_combined/homochronous_independent/skyline/expgrowth_slow/medmutsig/skyline_homochronous_expgrowth_slow_medmutsig.T8.trees,0
/cluster/work/stadler/beckermar/BESP_paper-analyses/scripts/../results/pop_size_simulations/simulation_results_combined/homochronous_independent/skyline/expgrowth_slow/medmutsig/skyline_homochronous_expgrowth_slow_medmutsig.T80.trees,0
/cluster/work/stadler/beckermar/BESP_paper-analyses/scripts/../results/pop_size_simulations/simulation_results_combined/homochronous_independent/skyline/expgrowth_slow/medmutsig/skyline_homochronous_expgrowth_slow_medmutsig.T81.trees,0
/cluster/work/stadler/beckermar/BESP_paper-analyses/scripts/../results/pop_size_simulations/simulation_results_combined/homochronous_independent/skyline/expgrowth_slow/medmutsig/skyline_homochronous_expgrowth_slow_medmutsig.T82.trees,0
/cluster/work/stadler/beckermar/BESP_paper-analyses/scripts/../results/pop_size_simulations/simulation_results_combined/homochronous_independent/skyline/expgrowth_slow/medmutsig/skyline_homochronous_expgrowth_slow_medmutsig.T83.trees,0
/cluster/work/stadler/beckermar/BESP_paper-analyses/scripts/../results/pop_size_simulations/simulation_results_combined/homochronous_independent/skyline/expgrowth_slow/medmutsig/skyline_homochronous_expgrowth_slow_medmutsig.T85.trees,0
/cluster/work/stadler/beckermar/BESP_paper-analyses/scripts/../results/pop_size_simulations/simulation_results_combined/homochronous_independent/skyline/expgrowth_slow/medmutsig/skyline_homochronous_expgrowth_slow_medmutsig.T86.trees,0
/cluster/work/stadler/beckermar/BESP_paper-analyses/scripts/../results/pop_size_simulations/simulation_results_combined/homochronous_independent/skyline/expgrowth_slow/medmutsig/skyline_homochronous_expgrowth_slow_medmutsig.T87.trees,0
/cluster/work/stadler/beckermar/BESP_paper-analyses/scripts/../results/pop_size_simulations/simulation_results_combined/homochronous_independent/skyline/expgrowth_slow/medmutsig/skyline_homochronous_expgrowth_slow_medmutsig.T88.trees,0
/cluster/work/stadler/beckermar/BESP_paper-analyses/scripts/../results/pop_size_simulations/simulation_results_combined/homochronous_independent/skyline/expgrowth_slow/medmutsig/skyline_homochronous_expgrowth_slow_medmutsig.T89.trees,0
/cluster/work/stadler/beckermar/BESP_paper-analyses/scripts/../results/pop_size_simulations/simulation_results_combined/homochronous_independent/skyline/expgrowth_slow/medmutsig/skyline_homochronous_expgrowth_slow_medmutsig.T9.trees,0
/cluster/work/stadler/beckermar/BESP_paper-analyses/scripts/../results/pop_size_simulations/simulation_results_combined/homochronous_independent/skyline/expgrowth_slow/medmutsig/skyline_homochronous_expgrowth_slow_medmutsig.T90.trees,0
/cluster/work/stadler/beckermar/BESP_paper-analyses/scripts/../results/pop_size_simulations/simulation_results_combined/homochronous_independent/skyline/expgrowth_slow/medmutsig/skyline_homochronous_expgrowth_slow_medmutsig.T91.trees,0
/cluster/work/stadler/beckermar/BESP_paper-analyses/scripts/../results/pop_size_simulations/simulation_results_combined/homochronous_independent/skyline/expgrowth_slow/medmutsig/skyline_homochronous_expgrowth_slow_medmutsig.T92.trees,0
/cluster/work/stadler/beckermar/BESP_paper-analyses/scripts/../results/pop_size_simulations/simulation_results_combined/homochronous_independent/skyline/expgrowth_slow/medmutsig/skyline_homochronous_expgrowth_slow_medmutsig.T93.trees,0
/cluster/work/stadler/beckermar/BESP_paper-analyses/scripts/../results/pop_size_simulations/simulation_results_combined/homochronous_independent/skyline/expgrowth_slow/medmutsig/skyline_homochronous_expgrowth_slow_medmutsig.T94.trees,0
/cluster/work/stadler/beckermar/BESP_paper-analyses/scripts/../results/pop_size_simulations/simulation_results_combined/homochronous_independent/skyline/expgrowth_slow/medmutsig/skyline_homochronous_expgrowth_slow_medmutsig.T95.trees,0
/cluster/work/stadler/beckermar/BESP_paper-analyses/scripts/../results/pop_size_simulations/simulation_results_combined/homochronous_independent/skyline/expgrowth_slow/medmutsig/skyline_homochronous_expgrowth_slow_medmutsig.T96.trees,0
/cluster/work/stadler/beckermar/BESP_paper-analyses/scripts/../results/pop_size_simulations/simulation_results_combined/homochronous_independent/skyline/expgrowth_slow/medmutsig/skyline_homochronous_expgrowth_slow_medmutsig.T97.trees,0
/cluster/work/stadler/beckermar/BESP_paper-analyses/scripts/../results/pop_size_simulations/simulation_results_combined/homochronous_independent/skyline/expgrowth_slow/medmutsig/skyline_homochronous_expgrowth_slow_medmutsig.T98.trees,0
/cluster/work/stadler/beckermar/BESP_paper-analyses/scripts/../results/pop_size_simulations/simulation_results_combined/homochronous_independent/skyline/expgrowth_slow/medmutsig/skyline_homochronous_expgrowth_slow_medmutsig.T99.trees,0
/cluster/work/stadler/beckermar/BESP_paper-analyses/scripts/../results/pop_size_simulations/simulation_results_combined/homochronous_independent/skyline/uniform/highmutsig/skyline_homochronous_uniform_highmutsig.T0.trees,0
/cluster/work/stadler/beckermar/BESP_paper-analyses/scripts/../results/pop_size_simulations/simulation_results_combined/homochronous_independent/skyline/uniform/highmutsig/skyline_homochronous_uniform_highmutsig.T1.trees,0
/cluster/work/stadler/beckermar/BESP_paper-analyses/scripts/../results/pop_size_simulations/simulation_results_combined/homochronous_independent/skyline/uniform/highmutsig/skyline_homochronous_uniform_highmutsig.T10.trees,0
/cluster/work/stadler/beckermar/BESP_paper-analyses/scripts/../results/pop_size_simulations/simulation_results_combined/homochronous_independent/skyline/uniform/highmutsig/skyline_homochronous_uniform_highmutsig.T11.trees,0
/cluster/work/stadler/beckermar/BESP_paper-analyses/scripts/../results/pop_size_simulations/simulation_results_combined/homochronous_independent/skyline/uniform/highmutsig/skyline_homochronous_uniform_highmutsig.T12.trees,0
/cluster/work/stadler/beckermar/BESP_paper-analyses/scripts/../results/pop_size_simulations/simulation_results_combined/homochronous_independent/skyline/uniform/highmutsig/skyline_homochronous_uniform_highmutsig.T13.trees,0
/cluster/work/stadler/beckermar/BESP_paper-analyses/scripts/../results/pop_size_simulations/simulation_results_combined/homochronous_independent/skyline/uniform/highmutsig/skyline_homochronous_uniform_highmutsig.T14.trees,0
/cluster/work/stadler/beckermar/BESP_paper-analyses/scripts/../results/pop_size_simulations/simulation_results_combined/homochronous_independent/skyline/uniform/highmutsig/skyline_homochronous_uniform_highmutsig.T15.trees,0
/cluster/work/stadler/beckermar/BESP_paper-analyses/scripts/../results/pop_size_simulations/simulation_results_combined/homochronous_independent/skyline/uniform/highmutsig/skyline_homochronous_uniform_highmutsig.T16.trees,0
/cluster/work/stadler/beckermar/BESP_paper-analyses/scripts/../results/pop_size_simulations/simulation_results_combined/homochronous_independent/skyline/uniform/highmutsig/skyline_homochronous_uniform_highmutsig.T17.trees,0
/cluster/work/stadler/beckermar/BESP_paper-analyses/scripts/../results/pop_size_simulations/simulation_results_combined/homochronous_independent/skyline/uniform/highmutsig/skyline_homochronous_uniform_highmutsig.T18.trees,0
/cluster/work/stadler/beckermar/BESP_paper-analyses/scripts/../results/pop_size_simulations/simulation_results_combined/homochronous_independent/skyline/uniform/highmutsig/skyline_homochronous_uniform_highmutsig.T19.trees,0
/cluster/work/stadler/beckermar/BESP_paper-analyses/scripts/../results/pop_size_simulations/simulation_results_combined/homochronous_independent/skyline/uniform/highmutsig/skyline_homochronous_uniform_highmutsig.T2.trees,0
/cluster/work/stadler/beckermar/BESP_paper-analyses/scripts/../results/pop_size_simulations/simulation_results_combined/homochronous_independent/skyline/uniform/highmutsig/skyline_homochronous_uniform_highmutsig.T20.trees,0
/cluster/work/stadler/beckermar/BESP_paper-analyses/scripts/../results/pop_size_simulations/simulation_results_combined/homochronous_independent/skyline/uniform/highmutsig/skyline_homochronous_uniform_highmutsig.T21.trees,0
/cluster/work/stadler/beckermar/BESP_paper-analyses/scripts/../results/pop_size_simulations/simulation_results_combined/homochronous_independent/skyline/uniform/highmutsig/skyline_homochronous_uniform_highmutsig.T22.trees,0
/cluster/work/stadler/beckermar/BESP_paper-analyses/scripts/../results/pop_size_simulations/simulation_results_combined/homochronous_independent/skyline/uniform/highmutsig/skyline_homochronous_uniform_highmutsig.T23.trees,0
/cluster/work/stadler/beckermar/BESP_paper-analyses/scripts/../results/pop_size_simulations/simulation_results_combined/homochronous_independent/skyline/uniform/highmutsig/skyline_homochronous_uniform_highmutsig.T24.trees,0
/cluster/work/stadler/beckermar/BESP_paper-analyses/scripts/../results/pop_size_simulations/simulation_results_combined/homochronous_independent/skyline/uniform/highmutsig/skyline_homochronous_uniform_highmutsig.T25.trees,0
/cluster/work/stadler/beckermar/BESP_paper-analyses/scripts/../results/pop_size_simulations/simulation_results_combined/homochronous_independent/skyline/uniform/highmutsig/skyline_homochronous_uniform_highmutsig.T26.trees,0
/cluster/work/stadler/beckermar/BESP_paper-analyses/scripts/../results/pop_size_simulations/simulation_results_combined/homochronous_independent/skyline/uniform/highmutsig/skyline_homochronous_uniform_highmutsig.T27.trees,0
/cluster/work/stadler/beckermar/BESP_paper-analyses/scripts/../results/pop_size_simulations/simulation_results_combined/homochronous_independent/skyline/uniform/highmutsig/skyline_homochronous_uniform_highmutsig.T28.trees,0
/cluster/work/stadler/beckermar/BESP_paper-analyses/scripts/../results/pop_size_simulations/simulation_results_combined/homochronous_independent/skyline/uniform/highmutsig/skyline_homochronous_uniform_highmutsig.T29.trees,0
/cluster/work/stadler/beckermar/BESP_paper-analyses/scripts/../results/pop_size_simulations/simulation_results_combined/homochronous_independent/skyline/uniform/highmutsig/skyline_homochronous_uniform_highmutsig.T3.trees,0
/cluster/work/stadler/beckermar/BESP_paper-analyses/scripts/../results/pop_size_simulations/simulation_results_combined/homochronous_independent/skyline/uniform/highmutsig/skyline_homochronous_uniform_highmutsig.T30.trees,0
/cluster/work/stadler/beckermar/BESP_paper-analyses/scripts/../results/pop_size_simulations/simulation_results_combined/homochronous_independent/skyline/uniform/highmutsig/skyline_homochronous_uniform_highmutsig.T31.trees,0
/cluster/work/stadler/beckermar/BESP_paper-analyses/scripts/../results/pop_size_simulations/simulation_results_combined/homochronous_independent/skyline/uniform/highmutsig/skyline_homochronous_uniform_highmutsig.T32.trees,0
/cluster/work/stadler/beckermar/BESP_paper-analyses/scripts/../results/pop_size_simulations/simulation_results_combined/homochronous_independent/skyline/uniform/highmutsig/skyline_homochronous_uniform_highmutsig.T33.trees,0
/cluster/work/stadler/beckermar/BESP_paper-analyses/scripts/../results/pop_size_simulations/simulation_results_combined/homochronous_independent/skyline/uniform/highmutsig/skyline_homochronous_uniform_highmutsig.T34.trees,0
/cluster/work/stadler/beckermar/BESP_paper-analyses/scripts/../results/pop_size_simulations/simulation_results_combined/homochronous_independent/skyline/uniform/highmutsig/skyline_homochronous_uniform_highmutsig.T35.trees,0
/cluster/work/stadler/beckermar/BESP_paper-analyses/scripts/../results/pop_size_simulations/simulation_results_combined/homochronous_independent/skyline/uniform/highmutsig/skyline_homochronous_uniform_highmutsig.T36.trees,0
/cluster/work/stadler/beckermar/BESP_paper-analyses/scripts/../results/pop_size_simulations/simulation_results_combined/homochronous_independent/skyline/uniform/highmutsig/skyline_homochronous_uniform_highmutsig.T37.trees,0
/cluster/work/stadler/beckermar/BESP_paper-analyses/scripts/../results/pop_size_simulations/simulation_results_combined/homochronous_independent/skyline/uniform/highmutsig/skyline_homochronous_uniform_highmutsig.T38.trees,0
/cluster/work/stadler/beckermar/BESP_paper-analyses/scripts/../results/pop_size_simulations/simulation_results_combined/homochronous_independent/skyline/uniform/highmutsig/skyline_homochronous_uniform_highmutsig.T39.trees,0
/cluster/work/stadler/beckermar/BESP_paper-analyses/scripts/../results/pop_size_simulations/simulation_results_combined/homochronous_independent/skyline/uniform/highmutsig/skyline_homochronous_uniform_highmutsig.T4.trees,0
/cluster/work/stadler/beckermar/BESP_paper-analyses/scripts/../results/pop_size_simulations/simulation_results_combined/homochronous_independent/skyline/uniform/highmutsig/skyline_homochronous_uniform_highmutsig.T40.trees,0
/cluster/work/stadler/beckermar/BESP_paper-analyses/scripts/../results/pop_size_simulations/simulation_results_combined/homochronous_independent/skyline/uniform/highmutsig/skyline_homochronous_uniform_highmutsig.T41.trees,0
/cluster/work/stadler/beckermar/BESP_paper-analyses/scripts/../results/pop_size_simulations/simulation_results_combined/homochronous_independent/skyline/uniform/highmutsig/skyline_homochronous_uniform_highmutsig.T42.trees,0
/cluster/work/stadler/beckermar/BESP_paper-analyses/scripts/../results/pop_size_simulations/simulation_results_combined/homochronous_independent/skyline/uniform/highmutsig/skyline_homochronous_uniform_highmutsig.T43.trees,0
/cluster/work/stadler/beckermar/BESP_paper-analyses/scripts/../results/pop_size_simulations/simulation_results_combined/homochronous_independent/skyline/uniform/highmutsig/skyline_homochronous_uniform_highmutsig.T44.trees,0
/cluster/work/stadler/beckermar/BESP_paper-analyses/scripts/../results/pop_size_simulations/simulation_results_combined/homochronous_independent/skyline/uniform/highmutsig/skyline_homochronous_uniform_highmutsig.T46.trees,0
/cluster/work/stadler/beckermar/BESP_paper-analyses/scripts/../results/pop_size_simulations/simulation_results_combined/homochronous_independent/skyline/uniform/highmutsig/skyline_homochronous_uniform_highmutsig.T47.trees,0
/cluster/work/stadler/beckermar/BESP_paper-analyses/scripts/../results/pop_size_simulations/simulation_results_combined/homochronous_independent/skyline/uniform/highmutsig/skyline_homochronous_uniform_highmutsig.T48.trees,0
/cluster/work/stadler/beckermar/BESP_paper-analyses/scripts/../results/pop_size_simulations/simulation_results_combined/homochronous_independent/skyline/uniform/highmutsig/skyline_homochronous_uniform_highmutsig.T49.trees,0
/cluster/work/stadler/beckermar/BESP_paper-analyses/scripts/../results/pop_size_simulations/simulation_results_combined/homochronous_independent/skyline/uniform/highmutsig/skyline_homochronous_uniform_highmutsig.T5.trees,0
/cluster/work/stadler/beckermar/BESP_paper-analyses/scripts/../results/pop_size_simulations/simulation_results_combined/homochronous_independent/skyline/uniform/highmutsig/skyline_homochronous_uniform_highmutsig.T50.trees,0
/cluster/work/stadler/beckermar/BESP_paper-analyses/scripts/../results/pop_size_simulations/simulation_results_combined/homochronous_independent/skyline/uniform/highmutsig/skyline_homochronous_uniform_highmutsig.T51.trees,0
/cluster/work/stadler/beckermar/BESP_paper-analyses/scripts/../results/pop_size_simulations/simulation_results_combined/homochronous_independent/skyline/uniform/highmutsig/skyline_homochronous_uniform_highmutsig.T52.trees,0
/cluster/work/stadler/beckermar/BESP_paper-analyses/scripts/../results/pop_size_simulations/simulation_results_combined/homochronous_independent/skyline/uniform/highmutsig/skyline_homochronous_uniform_highmutsig.T53.trees,0
/cluster/work/stadler/beckermar/BESP_paper-analyses/scripts/../results/pop_size_simulations/simulation_results_combined/homochronous_independent/skyline/uniform/highmutsig/skyline_homochronous_uniform_highmutsig.T54.trees,0
/cluster/work/stadler/beckermar/BESP_paper-analyses/scripts/../results/pop_size_simulations/simulation_results_combined/homochronous_independent/skyline/uniform/highmutsig/skyline_homochronous_uniform_highmutsig.T55.trees,0
/cluster/work/stadler/beckermar/BESP_paper-analyses/scripts/../results/pop_size_simulations/simulation_results_combined/homochronous_independent/skyline/uniform/highmutsig/skyline_homochronous_uniform_highmutsig.T56.trees,0
/cluster/work/stadler/beckermar/BESP_paper-analyses/scripts/../results/pop_size_simulations/simulation_results_combined/homochronous_independent/skyline/uniform/highmutsig/skyline_homochronous_uniform_highmutsig.T57.trees,0
/cluster/work/stadler/beckermar/BESP_paper-analyses/scripts/../results/pop_size_simulations/simulation_results_combined/homochronous_independent/skyline/uniform/highmutsig/skyline_homochronous_uniform_highmutsig.T58.trees,0
/cluster/work/stadler/beckermar/BESP_paper-analyses/scripts/../results/pop_size_simulations/simulation_results_combined/homochronous_independent/skyline/uniform/highmutsig/skyline_homochronous_uniform_highmutsig.T59.trees,0
/cluster/work/stadler/beckermar/BESP_paper-analyses/scripts/../results/pop_size_simulations/simulation_results_combined/homochronous_independent/skyline/uniform/highmutsig/skyline_homochronous_uniform_highmutsig.T6.trees,0
/cluster/work/stadler/beckermar/BESP_paper-analyses/scripts/../results/pop_size_simulations/simulation_results_combined/homochronous_independent/skyline/uniform/highmutsig/skyline_homochronous_uniform_highmutsig.T60.trees,0
/cluster/work/stadler/beckermar/BESP_paper-analyses/scripts/../results/pop_size_simulations/simulation_results_combined/homochronous_independent/skyline/uniform/highmutsig/skyline_homochronous_uniform_highmutsig.T61.trees,0
/cluster/work/stadler/beckermar/BESP_paper-analyses/scripts/../results/pop_size_simulations/simulation_results_combined/homochronous_independent/skyline/uniform/highmutsig/skyline_homochronous_uniform_highmutsig.T62.trees,0
/cluster/work/stadler/beckermar/BESP_paper-analyses/scripts/../results/pop_size_simulations/simulation_results_combined/homochronous_independent/skyline/uniform/highmutsig/skyline_homochronous_uniform_highmutsig.T63.trees,0
/cluster/work/stadler/beckermar/BESP_paper-analyses/scripts/../results/pop_size_simulations/simulation_results_combined/homochronous_independent/skyline/uniform/highmutsig/skyline_homochronous_uniform_highmutsig.T64.trees,0
/cluster/work/stadler/beckermar/BESP_paper-analyses/scripts/../results/pop_size_simulations/simulation_results_combined/homochronous_independent/skyline/uniform/highmutsig/skyline_homochronous_uniform_highmutsig.T65.trees,0
/cluster/work/stadler/beckermar/BESP_paper-analyses/scripts/../results/pop_size_simulations/simulation_results_combined/homochronous_independent/skyline/uniform/highmutsig/skyline_homochronous_uniform_highmutsig.T66.trees,0
/cluster/work/stadler/beckermar/BESP_paper-analyses/scripts/../results/pop_size_simulations/simulation_results_combined/homochronous_independent/skyline/uniform/highmutsig/skyline_homochronous_uniform_highmutsig.T67.trees,0
/cluster/work/stadler/beckermar/BESP_paper-analyses/scripts/../results/pop_size_simulations/simulation_results_combined/homochronous_independent/skyline/uniform/highmutsig/skyline_homochronous_uniform_highmutsig.T68.trees,0
/cluster/work/stadler/beckermar/BESP_paper-analyses/scripts/../results/pop_size_simulations/simulation_results_combined/homochronous_independent/skyline/uniform/highmutsig/skyline_homochronous_uniform_highmutsig.T69.trees,0
/cluster/work/stadler/beckermar/BESP_paper-analyses/scripts/../results/pop_size_simulations/simulation_results_combined/homochronous_independent/skyline/uniform/highmutsig/skyline_homochronous_uniform_highmutsig.T7.trees,0
/cluster/work/stadler/beckermar/BESP_paper-analyses/scripts/../results/pop_size_simulations/simulation_results_combined/homochronous_independent/skyline/uniform/highmutsig/skyline_homochronous_uniform_highmutsig.T70.trees,0
/cluster/work/stadler/beckermar/BESP_paper-analyses/scripts/../results/pop_size_simulations/simulation_results_combined/homochronous_independent/skyline/uniform/highmutsig/skyline_homochronous_uniform_highmutsig.T71.trees,0
/cluster/work/stadler/beckermar/BESP_paper-analyses/scripts/../results/pop_size_simulations/simulation_results_combined/homochronous_independent/skyline/uniform/highmutsig/skyline_homochronous_uniform_highmutsig.T72.trees,0
/cluster/work/stadler/beckermar/BESP_paper-analyses/scripts/../results/pop_size_simulations/simulation_results_combined/homochronous_independent/skyline/uniform/highmutsig/skyline_homochronous_uniform_highmutsig.T73.trees,0
/cluster/work/stadler/beckermar/BESP_paper-analyses/scripts/../results/pop_size_simulations/simulation_results_combined/homochronous_independent/skyline/uniform/highmutsig/skyline_homochronous_uniform_highmutsig.T74.trees,0
/cluster/work/stadler/beckermar/BESP_paper-analyses/scripts/../results/pop_size_simulations/simulation_results_combined/homochronous_independent/skyline/uniform/highmutsig/skyline_homochronous_uniform_highmutsig.T75.trees,0
/cluster/work/stadler/beckermar/BESP_paper-analyses/scripts/../results/pop_size_simulations/simulation_results_combined/homochronous_independent/skyline/uniform/highmutsig/skyline_homochronous_uniform_highmutsig.T76.trees,0
/cluster/work/stadler/beckermar/BESP_paper-analyses/scripts/../results/pop_size_simulations/simulation_results_combined/homochronous_independent/skyline/uniform/highmutsig/skyline_homochronous_uniform_highmutsig.T77.trees,0
/cluster/work/stadler/beckermar/BESP_paper-analyses/scripts/../results/pop_size_simulations/simulation_results_combined/homochronous_independent/skyline/uniform/highmutsig/skyline_homochronous_uniform_highmutsig.T78.trees,0
/cluster/work/stadler/beckermar/BESP_paper-analyses/scripts/../results/pop_size_simulations/simulation_results_combined/homochronous_independent/skyline/uniform/highmutsig/skyline_homochronous_uniform_highmutsig.T79.trees,0
/cluster/work/stadler/beckermar/BESP_paper-analyses/scripts/../results/pop_size_simulations/simulation_results_combined/homochronous_independent/skyline/uniform/highmutsig/skyline_homochronous_uniform_highmutsig.T8.trees,0
/cluster/work/stadler/beckermar/BESP_paper-analyses/scripts/../results/pop_size_simulations/simulation_results_combined/homochronous_independent/skyline/uniform/highmutsig/skyline_homochronous_uniform_highmutsig.T80.trees,0
/cluster/work/stadler/beckermar/BESP_paper-analyses/scripts/../results/pop_size_simulations/simulation_results_combined/homochronous_independent/skyline/uniform/highmutsig/skyline_homochronous_uniform_highmutsig.T81.trees,0
/cluster/work/stadler/beckermar/BESP_paper-analyses/scripts/../results/pop_size_simulations/simulation_results_combined/homochronous_independent/skyline/uniform/highmutsig/skyline_homochronous_uniform_highmutsig.T82.trees,0
/cluster/work/stadler/beckermar/BESP_paper-analyses/scripts/../results/pop_size_simulations/simulation_results_combined/homochronous_independent/skyline/uniform/highmutsig/skyline_homochronous_uniform_highmutsig.T83.trees,0
/cluster/work/stadler/beckermar/BESP_paper-analyses/scripts/../results/pop_size_simulations/simulation_results_combined/homochronous_independent/skyline/uniform/highmutsig/skyline_homochronous_uniform_highmutsig.T84.trees,0
/cluster/work/stadler/beckermar/BESP_paper-analyses/scripts/../results/pop_size_simulations/simulation_results_combined/homochronous_independent/skyline/uniform/highmutsig/skyline_homochronous_uniform_highmutsig.T85.trees,0
/cluster/work/stadler/beckermar/BESP_paper-analyses/scripts/../results/pop_size_simulations/simulation_results_combined/homochronous_independent/skyline/uniform/highmutsig/skyline_homochronous_uniform_highmutsig.T86.trees,0
/cluster/work/stadler/beckermar/BESP_paper-analyses/scripts/../results/pop_size_simulations/simulation_results_combined/homochronous_independent/skyline/uniform/highmutsig/skyline_homochronous_uniform_highmutsig.T87.trees,0
/cluster/work/stadler/beckermar/BESP_paper-analyses/scripts/../results/pop_size_simulations/simulation_results_combined/homochronous_independent/skyline/uniform/highmutsig/skyline_homochronous_uniform_highmutsig.T88.trees,0
/cluster/work/stadler/beckermar/BESP_paper-analyses/scripts/../results/pop_size_simulations/simulation_results_combined/homochronous_independent/skyline/uniform/highmutsig/skyline_homochronous_uniform_highmutsig.T89.trees,0
/cluster/work/stadler/beckermar/BESP_paper-analyses/scripts/../results/pop_size_simulations/simulation_results_combined/homochronous_independent/skyline/uniform/highmutsig/skyline_homochronous_uniform_highmutsig.T9.trees,0
/cluster/work/stadler/beckermar/BESP_paper-analyses/scripts/../results/pop_size_simulations/simulation_results_combined/homochronous_independent/skyline/uniform/highmutsig/skyline_homochronous_uniform_highmutsig.T90.trees,0
/cluster/work/stadler/beckermar/BESP_paper-analyses/scripts/../results/pop_size_simulations/simulation_results_combined/homochronous_independent/skyline/uniform/highmutsig/skyline_homochronous_uniform_highmutsig.T91.trees,0
/cluster/work/stadler/beckermar/BESP_paper-analyses/scripts/../results/pop_size_simulations/simulation_results_combined/homochronous_independent/skyline/uniform/highmutsig/skyline_homochronous_uniform_highmutsig.T92.trees,0
/cluster/work/stadler/beckermar/BESP_paper-analyses/scripts/../results/pop_size_simulations/simulation_results_combined/homochronous_independent/skyline/uniform/highmutsig/skyline_homochronous_uniform_highmutsig.T93.trees,0
/cluster/work/stadler/beckermar/BESP_paper-analyses/scripts/../results/pop_size_simulations/simulation_results_combined/homochronous_independent/skyline/uniform/highmutsig/skyline_homochronous_uniform_highmutsig.T94.trees,0
/cluster/work/stadler/beckermar/BESP_paper-analyses/scripts/../results/pop_size_simulations/simulation_results_combined/homochronous_independent/skyline/uniform/highmutsig/skyline_homochronous_uniform_highmutsig.T96.trees,0
/cluster/work/stadler/beckermar/BESP_paper-analyses/scripts/../results/pop_size_simulations/simulation_results_combined/homochronous_independent/skyline/uniform/highmutsig/skyline_homochronous_uniform_highmutsig.T97.trees,0
/cluster/work/stadler/beckermar/BESP_paper-analyses/scripts/../results/pop_size_simulations/simulation_results_combined/homochronous_independent/skyline/uniform/highmutsig/skyline_homochronous_uniform_highmutsig.T98.trees,0
/cluster/work/stadler/beckermar/BESP_paper-analyses/scripts/../results/pop_size_simulations/simulation_results_combined/homochronous_independent/skyline/uniform/highmutsig/skyline_homochronous_uniform_highmutsig.T99.trees,0
/cluster/work/stadler/beckermar/BESP_paper-analyses/scripts/../results/pop_size_simulations/simulation_results_combined/homochronous_independent/skyline/uniform/lowmutsig/skyline_homochronous_uniform_lowmutsig.T1.trees,0
/cluster/work/stadler/beckermar/BESP_paper-analyses/scripts/../results/pop_size_simulations/simulation_results_combined/homochronous_independent/skyline/uniform/lowmutsig/skyline_homochronous_uniform_lowmutsig.T10.trees,0
/cluster/work/stadler/beckermar/BESP_paper-analyses/scripts/../results/pop_size_simulations/simulation_results_combined/homochronous_independent/skyline/uniform/lowmutsig/skyline_homochronous_uniform_lowmutsig.T11.trees,0
/cluster/work/stadler/beckermar/BESP_paper-analyses/scripts/../results/pop_size_simulations/simulation_results_combined/homochronous_independent/skyline/uniform/lowmutsig/skyline_homochronous_uniform_lowmutsig.T12.trees,0
/cluster/work/stadler/beckermar/BESP_paper-analyses/scripts/../results/pop_size_simulations/simulation_results_combined/homochronous_independent/skyline/uniform/lowmutsig/skyline_homochronous_uniform_lowmutsig.T13.trees,0
/cluster/work/stadler/beckermar/BESP_paper-analyses/scripts/../results/pop_size_simulations/simulation_results_combined/homochronous_independent/skyline/uniform/lowmutsig/skyline_homochronous_uniform_lowmutsig.T15.trees,0
/cluster/work/stadler/beckermar/BESP_paper-analyses/scripts/../results/pop_size_simulations/simulation_results_combined/homochronous_independent/skyline/uniform/lowmutsig/skyline_homochronous_uniform_lowmutsig.T16.trees,0
/cluster/work/stadler/beckermar/BESP_paper-analyses/scripts/../results/pop_size_simulations/simulation_results_combined/homochronous_independent/skyline/uniform/lowmutsig/skyline_homochronous_uniform_lowmutsig.T17.trees,0
/cluster/work/stadler/beckermar/BESP_paper-analyses/scripts/../results/pop_size_simulations/simulation_results_combined/homochronous_independent/skyline/uniform/lowmutsig/skyline_homochronous_uniform_lowmutsig.T18.trees,0
/cluster/work/stadler/beckermar/BESP_paper-analyses/scripts/../results/pop_size_simulations/simulation_results_combined/homochronous_independent/skyline/uniform/lowmutsig/skyline_homochronous_uniform_lowmutsig.T2.trees,0
/cluster/work/stadler/beckermar/BESP_paper-analyses/scripts/../results/pop_size_simulations/simulation_results_combined/homochronous_independent/skyline/uniform/lowmutsig/skyline_homochronous_uniform_lowmutsig.T21.trees,0
/cluster/work/stadler/beckermar/BESP_paper-analyses/scripts/../results/pop_size_simulations/simulation_results_combined/homochronous_independent/skyline/uniform/lowmutsig/skyline_homochronous_uniform_lowmutsig.T22.trees,0
/cluster/work/stadler/beckermar/BESP_paper-analyses/scripts/../results/pop_size_simulations/simulation_results_combined/homochronous_independent/skyline/uniform/lowmutsig/skyline_homochronous_uniform_lowmutsig.T23.trees,0
/cluster/work/stadler/beckermar/BESP_paper-analyses/scripts/../results/pop_size_simulations/simulation_results_combined/homochronous_independent/skyline/uniform/lowmutsig/skyline_homochronous_uniform_lowmutsig.T25.trees,0
/cluster/work/stadler/beckermar/BESP_paper-analyses/scripts/../results/pop_size_simulations/simulation_results_combined/homochronous_independent/skyline/uniform/lowmutsig/skyline_homochronous_uniform_lowmutsig.T26.trees,0
/cluster/work/stadler/beckermar/BESP_paper-analyses/scripts/../results/pop_size_simulations/simulation_results_combined/homochronous_independent/skyline/uniform/lowmutsig/skyline_homochronous_uniform_lowmutsig.T27.trees,0
/cluster/work/stadler/beckermar/BESP_paper-analyses/scripts/../results/pop_size_simulations/simulation_results_combined/homochronous_independent/skyline/uniform/lowmutsig/skyline_homochronous_uniform_lowmutsig.T28.trees,0
/cluster/work/stadler/beckermar/BESP_paper-analyses/scripts/../results/pop_size_simulations/simulation_results_combined/homochronous_independent/skyline/uniform/lowmutsig/skyline_homochronous_uniform_lowmutsig.T29.trees,0
/cluster/work/stadler/beckermar/BESP_paper-analyses/scripts/../results/pop_size_simulations/simulation_results_combined/homochronous_independent/skyline/uniform/lowmutsig/skyline_homochronous_uniform_lowmutsig.T3.trees,0
/cluster/work/stadler/beckermar/BESP_paper-analyses/scripts/../results/pop_size_simulations/simulation_results_combined/homochronous_independent/skyline/uniform/lowmutsig/skyline_homochronous_uniform_lowmutsig.T30.trees,0
/cluster/work/stadler/beckermar/BESP_paper-analyses/scripts/../results/pop_size_simulations/simulation_results_combined/homochronous_independent/skyline/uniform/lowmutsig/skyline_homochronous_uniform_lowmutsig.T31.trees,0
/cluster/work/stadler/beckermar/BESP_paper-analyses/scripts/../results/pop_size_simulations/simulation_results_combined/homochronous_independent/skyline/uniform/lowmutsig/skyline_homochronous_uniform_lowmutsig.T33.trees,0
/cluster/work/stadler/beckermar/BESP_paper-analyses/scripts/../results/pop_size_simulations/simulation_results_combined/homochronous_independent/skyline/uniform/lowmutsig/skyline_homochronous_uniform_lowmutsig.T34.trees,0
/cluster/work/stadler/beckermar/BESP_paper-analyses/scripts/../results/pop_size_simulations/simulation_results_combined/homochronous_independent/skyline/uniform/lowmutsig/skyline_homochronous_uniform_lowmutsig.T35.trees,0
/cluster/work/stadler/beckermar/BESP_paper-analyses/scripts/../results/pop_size_simulations/simulation_results_combined/homochronous_independent/skyline/uniform/lowmutsig/skyline_homochronous_uniform_lowmutsig.T36.trees,0
/cluster/work/stadler/beckermar/BESP_paper-analyses/scripts/../results/pop_size_simulations/simulation_results_combined/homochronous_independent/skyline/uniform/lowmutsig/skyline_homochronous_uniform_lowmutsig.T37.trees,0
/cluster/work/stadler/beckermar/BESP_paper-analyses/scripts/../results/pop_size_simulations/simulation_results_combined/homochronous_independent/skyline/uniform/lowmutsig/skyline_homochronous_uniform_lowmutsig.T38.trees,0
/cluster/work/stadler/beckermar/BESP_paper-analyses/scripts/../results/pop_size_simulations/simulation_results_combined/homochronous_independent/skyline/uniform/lowmutsig/skyline_homochronous_uniform_lowmutsig.T39.trees,0
/cluster/work/stadler/beckermar/BESP_paper-analyses/scripts/../results/pop_size_simulations/simulation_results_combined/homochronous_independent/skyline/uniform/lowmutsig/skyline_homochronous_uniform_lowmutsig.T4.trees,0
/cluster/work/stadler/beckermar/BESP_paper-analyses/scripts/../results/pop_size_simulations/simulation_results_combined/homochronous_independent/skyline/uniform/lowmutsig/skyline_homochronous_uniform_lowmutsig.T40.trees,0
/cluster/work/stadler/beckermar/BESP_paper-analyses/scripts/../results/pop_size_simulations/simulation_results_combined/homochronous_independent/skyline/uniform/lowmutsig/skyline_homochronous_uniform_lowmutsig.T41.trees,0
/cluster/work/stadler/beckermar/BESP_paper-analyses/scripts/../results/pop_size_simulations/simulation_results_combined/homochronous_independent/skyline/uniform/lowmutsig/skyline_homochronous_uniform_lowmutsig.T43.trees,0
/cluster/work/stadler/beckermar/BESP_paper-analyses/scripts/../results/pop_size_simulations/simulation_results_combined/homochronous_independent/skyline/uniform/lowmutsig/skyline_homochronous_uniform_lowmutsig.T44.trees,0
/cluster/work/stadler/beckermar/BESP_paper-analyses/scripts/../results/pop_size_simulations/simulation_results_combined/homochronous_independent/skyline/uniform/lowmutsig/skyline_homochronous_uniform_lowmutsig.T47.trees,0
/cluster/work/stadler/beckermar/BESP_paper-analyses/scripts/../results/pop_size_simulations/simulation_results_combined/homochronous_independent/skyline/uniform/lowmutsig/skyline_homochronous_uniform_lowmutsig.T49.trees,0
/cluster/work/stadler/beckermar/BESP_paper-analyses/scripts/../results/pop_size_simulations/simulation_results_combined/homochronous_independent/skyline/uniform/lowmutsig/skyline_homochronous_uniform_lowmutsig.T50.trees,0
/cluster/work/stadler/beckermar/BESP_paper-analyses/scripts/../results/pop_size_simulations/simulation_results_combined/homochronous_independent/skyline/uniform/lowmutsig/skyline_homochronous_uniform_lowmutsig.T51.trees,0
/cluster/work/stadler/beckermar/BESP_paper-analyses/scripts/../results/pop_size_simulations/simulation_results_combined/homochronous_independent/skyline/uniform/lowmutsig/skyline_homochronous_uniform_lowmutsig.T53.trees,0
/cluster/work/stadler/beckermar/BESP_paper-analyses/scripts/../results/pop_size_simulations/simulation_results_combined/homochronous_independent/skyline/uniform/lowmutsig/skyline_homochronous_uniform_lowmutsig.T54.trees,0
/cluster/work/stadler/beckermar/BESP_paper-analyses/scripts/../results/pop_size_simulations/simulation_results_combined/homochronous_independent/skyline/uniform/lowmutsig/skyline_homochronous_uniform_lowmutsig.T55.trees,0
/cluster/work/stadler/beckermar/BESP_paper-analyses/scripts/../results/pop_size_simulations/simulation_results_combined/homochronous_independent/skyline/uniform/lowmutsig/skyline_homochronous_uniform_lowmutsig.T56.trees,0
/cluster/work/stadler/beckermar/BESP_paper-analyses/scripts/../results/pop_size_simulations/simulation_results_combined/homochronous_independent/skyline/uniform/lowmutsig/skyline_homochronous_uniform_lowmutsig.T57.trees,0
/cluster/work/stadler/beckermar/BESP_paper-analyses/scripts/../results/pop_size_simulations/simulation_results_combined/homochronous_independent/skyline/uniform/lowmutsig/skyline_homochronous_uniform_lowmutsig.T59.trees,0
/cluster/work/stadler/beckermar/BESP_paper-analyses/scripts/../results/pop_size_simulations/simulation_results_combined/homochronous_independent/skyline/uniform/lowmutsig/skyline_homochronous_uniform_lowmutsig.T6.trees,0
/cluster/work/stadler/beckermar/BESP_paper-analyses/scripts/../results/pop_size_simulations/simulation_results_combined/homochronous_independent/skyline/uniform/lowmutsig/skyline_homochronous_uniform_lowmutsig.T60.trees,0
/cluster/work/stadler/beckermar/BESP_paper-analyses/scripts/../results/pop_size_simulations/simulation_results_combined/homochronous_independent/skyline/uniform/lowmutsig/skyline_homochronous_uniform_lowmutsig.T61.trees,0
/cluster/work/stadler/beckermar/BESP_paper-analyses/scripts/../results/pop_size_simulations/simulation_results_combined/homochronous_independent/skyline/uniform/lowmutsig/skyline_homochronous_uniform_lowmutsig.T62.trees,0
/cluster/work/stadler/beckermar/BESP_paper-analyses/scripts/../results/pop_size_simulations/simulation_results_combined/homochronous_independent/skyline/uniform/lowmutsig/skyline_homochronous_uniform_lowmutsig.T63.trees,0
/cluster/work/stadler/beckermar/BESP_paper-analyses/scripts/../results/pop_size_simulations/simulation_results_combined/homochronous_independent/skyline/uniform/lowmutsig/skyline_homochronous_uniform_lowmutsig.T64.trees,0
/cluster/work/stadler/beckermar/BESP_paper-analyses/scripts/../results/pop_size_simulations/simulation_results_combined/homochronous_independent/skyline/uniform/lowmutsig/skyline_homochronous_uniform_lowmutsig.T66.trees,0
/cluster/work/stadler/beckermar/BESP_paper-analyses/scripts/../results/pop_size_simulations/simulation_results_combined/homochronous_independent/skyline/uniform/lowmutsig/skyline_homochronous_uniform_lowmutsig.T67.trees,0
/cluster/work/stadler/beckermar/BESP_paper-analyses/scripts/../results/pop_size_simulations/simulation_results_combined/homochronous_independent/skyline/uniform/lowmutsig/skyline_homochronous_uniform_lowmutsig.T68.trees,0
/cluster/work/stadler/beckermar/BESP_paper-analyses/scripts/../results/pop_size_simulations/simulation_results_combined/homochronous_independent/skyline/uniform/lowmutsig/skyline_homochronous_uniform_lowmutsig.T7.trees,0
/cluster/work/stadler/beckermar/BESP_paper-analyses/scripts/../results/pop_size_simulations/simulation_results_combined/homochronous_independent/skyline/uniform/lowmutsig/skyline_homochronous_uniform_lowmutsig.T70.trees,0
/cluster/work/stadler/beckermar/BESP_paper-analyses/scripts/../results/pop_size_simulations/simulation_results_combined/homochronous_independent/skyline/uniform/lowmutsig/skyline_homochronous_uniform_lowmutsig.T71.trees,0
/cluster/work/stadler/beckermar/BESP_paper-analyses/scripts/../results/pop_size_simulations/simulation_results_combined/homochronous_independent/skyline/uniform/lowmutsig/skyline_homochronous_uniform_lowmutsig.T72.trees,0
/cluster/work/stadler/beckermar/BESP_paper-analyses/scripts/../results/pop_size_simulations/simulation_results_combined/homochronous_independent/skyline/uniform/lowmutsig/skyline_homochronous_uniform_lowmutsig.T73.trees,0
/cluster/work/stadler/beckermar/BESP_paper-analyses/scripts/../results/pop_size_simulations/simulation_results_combined/homochronous_independent/skyline/uniform/lowmutsig/skyline_homochronous_uniform_lowmutsig.T74.trees,0
/cluster/work/stadler/beckermar/BESP_paper-analyses/scripts/../results/pop_size_simulations/simulation_results_combined/homochronous_independent/skyline/uniform/lowmutsig/skyline_homochronous_uniform_lowmutsig.T76.trees,0
/cluster/work/stadler/beckermar/BESP_paper-analyses/scripts/../results/pop_size_simulations/simulation_results_combined/homochronous_independent/skyline/uniform/lowmutsig/skyline_homochronous_uniform_lowmutsig.T77.trees,0
/cluster/work/stadler/beckermar/BESP_paper-analyses/scripts/../results/pop_size_simulations/simulation_results_combined/homochronous_independent/skyline/uniform/lowmutsig/skyline_homochronous_uniform_lowmutsig.T78.trees,0
/cluster/work/stadler/beckermar/BESP_paper-analyses/scripts/../results/pop_size_simulations/simulation_results_combined/homochronous_independent/skyline/uniform/lowmutsig/skyline_homochronous_uniform_lowmutsig.T8.trees,0
/cluster/work/stadler/beckermar/BESP_paper-analyses/scripts/../results/pop_size_simulations/simulation_results_combined/homochronous_independent/skyline/uniform/lowmutsig/skyline_homochronous_uniform_lowmutsig.T80.trees,0
/cluster/work/stadler/beckermar/BESP_paper-analyses/scripts/../results/pop_size_simulations/simulation_results_combined/homochronous_independent/skyline/uniform/lowmutsig/skyline_homochronous_uniform_lowmutsig.T81.trees,0
/cluster/work/stadler/beckermar/BESP_paper-analyses/scripts/../results/pop_size_simulations/simulation_results_combined/homochronous_independent/skyline/uniform/lowmutsig/skyline_homochronous_uniform_lowmutsig.T84.trees,0
/cluster/work/stadler/beckermar/BESP_paper-analyses/scripts/../results/pop_size_simulations/simulation_results_combined/homochronous_independent/skyline/uniform/lowmutsig/skyline_homochronous_uniform_lowmutsig.T86.trees,0
/cluster/work/stadler/beckermar/BESP_paper-analyses/scripts/../results/pop_size_simulations/simulation_results_combined/homochronous_independent/skyline/uniform/lowmutsig/skyline_homochronous_uniform_lowmutsig.T87.trees,0
/cluster/work/stadler/beckermar/BESP_paper-analyses/scripts/../results/pop_size_simulations/simulation_results_combined/homochronous_independent/skyline/uniform/lowmutsig/skyline_homochronous_uniform_lowmutsig.T88.trees,0
/cluster/work/stadler/beckermar/BESP_paper-analyses/scripts/../results/pop_size_simulations/simulation_results_combined/homochronous_independent/skyline/uniform/lowmutsig/skyline_homochronous_uniform_lowmutsig.T9.trees,0
/cluster/work/stadler/beckermar/BESP_paper-analyses/scripts/../results/pop_size_simulations/simulation_results_combined/homochronous_independent/skyline/uniform/lowmutsig/skyline_homochronous_uniform_lowmutsig.T90.trees,0
/cluster/work/stadler/beckermar/BESP_paper-analyses/scripts/../results/pop_size_simulations/simulation_results_combined/homochronous_independent/skyline/uniform/lowmutsig/skyline_homochronous_uniform_lowmutsig.T91.trees,0
/cluster/work/stadler/beckermar/BESP_paper-analyses/scripts/../results/pop_size_simulations/simulation_results_combined/homochronous_independent/skyline/uniform/lowmutsig/skyline_homochronous_uniform_lowmutsig.T93.trees,0
/cluster/work/stadler/beckermar/BESP_paper-analyses/scripts/../results/pop_size_simulations/simulation_results_combined/homochronous_independent/skyline/uniform/lowmutsig/skyline_homochronous_uniform_lowmutsig.T96.trees,0
/cluster/work/stadler/beckermar/BESP_paper-analyses/scripts/../results/pop_size_simulations/simulation_results_combined/homochronous_independent/skyline/uniform/lowmutsig/skyline_homochronous_uniform_lowmutsig.T99.trees,0
/cluster/work/stadler/beckermar/BESP_paper-analyses/scripts/../results/pop_size_simulations/simulation_results_combined/homochronous_independent/skyline/uniform/medmutsig/skyline_homochronous_uniform_medmutsig.T0.trees,0
/cluster/work/stadler/beckermar/BESP_paper-analyses/scripts/../results/pop_size_simulations/simulation_results_combined/homochronous_independent/skyline/uniform/medmutsig/skyline_homochronous_uniform_medmutsig.T1.trees,0
/cluster/work/stadler/beckermar/BESP_paper-analyses/scripts/../results/pop_size_simulations/simulation_results_combined/homochronous_independent/skyline/uniform/medmutsig/skyline_homochronous_uniform_medmutsig.T10.trees,0
/cluster/work/stadler/beckermar/BESP_paper-analyses/scripts/../results/pop_size_simulations/simulation_results_combined/homochronous_independent/skyline/uniform/medmutsig/skyline_homochronous_uniform_medmutsig.T11.trees,0
/cluster/work/stadler/beckermar/BESP_paper-analyses/scripts/../results/pop_size_simulations/simulation_results_combined/homochronous_independent/skyline/uniform/medmutsig/skyline_homochronous_uniform_medmutsig.T12.trees,0
/cluster/work/stadler/beckermar/BESP_paper-analyses/scripts/../results/pop_size_simulations/simulation_results_combined/homochronous_independent/skyline/uniform/medmutsig/skyline_homochronous_uniform_medmutsig.T13.trees,0
/cluster/work/stadler/beckermar/BESP_paper-analyses/scripts/../results/pop_size_simulations/simulation_results_combined/homochronous_independent/skyline/uniform/medmutsig/skyline_homochronous_uniform_medmutsig.T14.trees,0
/cluster/work/stadler/beckermar/BESP_paper-analyses/scripts/../results/pop_size_simulations/simulation_results_combined/homochronous_independent/skyline/uniform/medmutsig/skyline_homochronous_uniform_medmutsig.T15.trees,0
/cluster/work/stadler/beckermar/BESP_paper-analyses/scripts/../results/pop_size_simulations/simulation_results_combined/homochronous_independent/skyline/uniform/medmutsig/skyline_homochronous_uniform_medmutsig.T16.trees,0
/cluster/work/stadler/beckermar/BESP_paper-analyses/scripts/../results/pop_size_simulations/simulation_results_combined/homochronous_independent/skyline/uniform/medmutsig/skyline_homochronous_uniform_medmutsig.T17.trees,0
/cluster/work/stadler/beckermar/BESP_paper-analyses/scripts/../results/pop_size_simulations/simulation_results_combined/homochronous_independent/skyline/uniform/medmutsig/skyline_homochronous_uniform_medmutsig.T18.trees,0
/cluster/work/stadler/beckermar/BESP_paper-analyses/scripts/../results/pop_size_simulations/simulation_results_combined/homochronous_independent/skyline/uniform/medmutsig/skyline_homochronous_uniform_medmutsig.T2.trees,0
/cluster/work/stadler/beckermar/BESP_paper-analyses/scripts/../results/pop_size_simulations/simulation_results_combined/homochronous_independent/skyline/uniform/medmutsig/skyline_homochronous_uniform_medmutsig.T20.trees,0
/cluster/work/stadler/beckermar/BESP_paper-analyses/scripts/../results/pop_size_simulations/simulation_results_combined/homochronous_independent/skyline/uniform/medmutsig/skyline_homochronous_uniform_medmutsig.T21.trees,0
/cluster/work/stadler/beckermar/BESP_paper-analyses/scripts/../results/pop_size_simulations/simulation_results_combined/homochronous_independent/skyline/uniform/medmutsig/skyline_homochronous_uniform_medmutsig.T22.trees,0
/cluster/work/stadler/beckermar/BESP_paper-analyses/scripts/../results/pop_size_simulations/simulation_results_combined/homochronous_independent/skyline/uniform/medmutsig/skyline_homochronous_uniform_medmutsig.T23.trees,0
/cluster/work/stadler/beckermar/BESP_paper-analyses/scripts/../results/pop_size_simulations/simulation_results_combined/homochronous_independent/skyline/uniform/medmutsig/skyline_homochronous_uniform_medmutsig.T24.trees,0
/cluster/work/stadler/beckermar/BESP_paper-analyses/scripts/../results/pop_size_simulations/simulation_results_combined/homochronous_independent/skyline/uniform/medmutsig/skyline_homochronous_uniform_medmutsig.T25.trees,0
/cluster/work/stadler/beckermar/BESP_paper-analyses/scripts/../results/pop_size_simulations/simulation_results_combined/homochronous_independent/skyline/uniform/medmutsig/skyline_homochronous_uniform_medmutsig.T26.trees,0
/cluster/work/stadler/beckermar/BESP_paper-analyses/scripts/../results/pop_size_simulations/simulation_results_combined/homochronous_independent/skyline/uniform/medmutsig/skyline_homochronous_uniform_medmutsig.T27.trees,0
/cluster/work/stadler/beckermar/BESP_paper-analyses/scripts/../results/pop_size_simulations/simulation_results_combined/homochronous_independent/skyline/uniform/medmutsig/skyline_homochronous_uniform_medmutsig.T28.trees,0
/cluster/work/stadler/beckermar/BESP_paper-analyses/scripts/../results/pop_size_simulations/simulation_results_combined/homochronous_independent/skyline/uniform/medmutsig/skyline_homochronous_uniform_medmutsig.T29.trees,0
/cluster/work/stadler/beckermar/BESP_paper-analyses/scripts/../results/pop_size_simulations/simulation_results_combined/homochronous_independent/skyline/uniform/medmutsig/skyline_homochronous_uniform_medmutsig.T3.trees,0
/cluster/work/stadler/beckermar/BESP_paper-analyses/scripts/../results/pop_size_simulations/simulation_results_combined/homochronous_independent/skyline/uniform/medmutsig/skyline_homochronous_uniform_medmutsig.T30.trees,0
/cluster/work/stadler/beckermar/BESP_paper-analyses/scripts/../results/pop_size_simulations/simulation_results_combined/homochronous_independent/skyline/uniform/medmutsig/skyline_homochronous_uniform_medmutsig.T31.trees,0
/cluster/work/stadler/beckermar/BESP_paper-analyses/scripts/../results/pop_size_simulations/simulation_results_combined/homochronous_independent/skyline/uniform/medmutsig/skyline_homochronous_uniform_medmutsig.T32.trees,0
/cluster/work/stadler/beckermar/BESP_paper-analyses/scripts/../results/pop_size_simulations/simulation_results_combined/homochronous_independent/skyline/uniform/medmutsig/skyline_homochronous_uniform_medmutsig.T33.trees,0
/cluster/work/stadler/beckermar/BESP_paper-analyses/scripts/../results/pop_size_simulations/simulation_results_combined/homochronous_independent/skyline/uniform/medmutsig/skyline_homochronous_uniform_medmutsig.T34.trees,0
/cluster/work/stadler/beckermar/BESP_paper-analyses/scripts/../results/pop_size_simulations/simulation_results_combined/homochronous_independent/skyline/uniform/medmutsig/skyline_homochronous_uniform_medmutsig.T35.trees,0
/cluster/work/stadler/beckermar/BESP_paper-analyses/scripts/../results/pop_size_simulations/simulation_results_combined/homochronous_independent/skyline/uniform/medmutsig/skyline_homochronous_uniform_medmutsig.T36.trees,0
/cluster/work/stadler/beckermar/BESP_paper-analyses/scripts/../results/pop_size_simulations/simulation_results_combined/homochronous_independent/skyline/uniform/medmutsig/skyline_homochronous_uniform_medmutsig.T37.trees,0
/cluster/work/stadler/beckermar/BESP_paper-analyses/scripts/../results/pop_size_simulations/simulation_results_combined/homochronous_independent/skyline/uniform/medmutsig/skyline_homochronous_uniform_medmutsig.T38.trees,0
/cluster/work/stadler/beckermar/BESP_paper-analyses/scripts/../results/pop_size_simulations/simulation_results_combined/homochronous_independent/skyline/uniform/medmutsig/skyline_homochronous_uniform_medmutsig.T39.trees,0
/cluster/work/stadler/beckermar/BESP_paper-analyses/scripts/../results/pop_size_simulations/simulation_results_combined/homochronous_independent/skyline/uniform/medmutsig/skyline_homochronous_uniform_medmutsig.T4.trees,0
/cluster/work/stadler/beckermar/BESP_paper-analyses/scripts/../results/pop_size_simulations/simulation_results_combined/homochronous_independent/skyline/uniform/medmutsig/skyline_homochronous_uniform_medmutsig.T40.trees,0
/cluster/work/stadler/beckermar/BESP_paper-analyses/scripts/../results/pop_size_simulations/simulation_results_combined/homochronous_independent/skyline/uniform/medmutsig/skyline_homochronous_uniform_medmutsig.T42.trees,0
/cluster/work/stadler/beckermar/BESP_paper-analyses/scripts/../results/pop_size_simulations/simulation_results_combined/homochronous_independent/skyline/uniform/medmutsig/skyline_homochronous_uniform_medmutsig.T43.trees,0
/cluster/work/stadler/beckermar/BESP_paper-analyses/scripts/../results/pop_size_simulations/simulation_results_combined/homochronous_independent/skyline/uniform/medmutsig/skyline_homochronous_uniform_medmutsig.T44.trees,0
/cluster/work/stadler/beckermar/BESP_paper-analyses/scripts/../results/pop_size_simulations/simulation_results_combined/homochronous_independent/skyline/uniform/medmutsig/skyline_homochronous_uniform_medmutsig.T45.trees,0
/cluster/work/stadler/beckermar/BESP_paper-analyses/scripts/../results/pop_size_simulations/simulation_results_combined/homochronous_independent/skyline/uniform/medmutsig/skyline_homochronous_uniform_medmutsig.T46.trees,0
/cluster/work/stadler/beckermar/BESP_paper-analyses/scripts/../results/pop_size_simulations/simulation_results_combined/homochronous_independent/skyline/uniform/medmutsig/skyline_homochronous_uniform_medmutsig.T47.trees,0
/cluster/work/stadler/beckermar/BESP_paper-analyses/scripts/../results/pop_size_simulations/simulation_results_combined/homochronous_independent/skyline/uniform/medmutsig/skyline_homochronous_uniform_medmutsig.T48.trees,0
/cluster/work/stadler/beckermar/BESP_paper-analyses/scripts/../results/pop_size_simulations/simulation_results_combined/homochronous_independent/skyline/uniform/medmutsig/skyline_homochronous_uniform_medmutsig.T49.trees,0
/cluster/work/stadler/beckermar/BESP_paper-analyses/scripts/../results/pop_size_simulations/simulation_results_combined/homochronous_independent/skyline/uniform/medmutsig/skyline_homochronous_uniform_medmutsig.T5.trees,0
/cluster/work/stadler/beckermar/BESP_paper-analyses/scripts/../results/pop_size_simulations/simulation_results_combined/homochronous_independent/skyline/uniform/medmutsig/skyline_homochronous_uniform_medmutsig.T50.trees,0
/cluster/work/stadler/beckermar/BESP_paper-analyses/scripts/../results/pop_size_simulations/simulation_results_combined/homochronous_independent/skyline/uniform/medmutsig/skyline_homochronous_uniform_medmutsig.T51.trees,0
/cluster/work/stadler/beckermar/BESP_paper-analyses/scripts/../results/pop_size_simulations/simulation_results_combined/homochronous_independent/skyline/uniform/medmutsig/skyline_homochronous_uniform_medmutsig.T53.trees,0
/cluster/work/stadler/beckermar/BESP_paper-analyses/scripts/../results/pop_size_simulations/simulation_results_combined/homochronous_independent/skyline/uniform/medmutsig/skyline_homochronous_uniform_medmutsig.T54.trees,0
/cluster/work/stadler/beckermar/BESP_paper-analyses/scripts/../results/pop_size_simulations/simulation_results_combined/homochronous_independent/skyline/uniform/medmutsig/skyline_homochronous_uniform_medmutsig.T55.trees,0
/cluster/work/stadler/beckermar/BESP_paper-analyses/scripts/../results/pop_size_simulations/simulation_results_combined/homochronous_independent/skyline/uniform/medmutsig/skyline_homochronous_uniform_medmutsig.T56.trees,0
/cluster/work/stadler/beckermar/BESP_paper-analyses/scripts/../results/pop_size_simulations/simulation_results_combined/homochronous_independent/skyline/uniform/medmutsig/skyline_homochronous_uniform_medmutsig.T57.trees,0
/cluster/work/stadler/beckermar/BESP_paper-analyses/scripts/../results/pop_size_simulations/simulation_results_combined/homochronous_independent/skyline/uniform/medmutsig/skyline_homochronous_uniform_medmutsig.T58.trees,0
/cluster/work/stadler/beckermar/BESP_paper-analyses/scripts/../results/pop_size_simulations/simulation_results_combined/homochronous_independent/skyline/uniform/medmutsig/skyline_homochronous_uniform_medmutsig.T59.trees,0
/cluster/work/stadler/beckermar/BESP_paper-analyses/scripts/../results/pop_size_simulations/simulation_results_combined/homochronous_independent/skyline/uniform/medmutsig/skyline_homochronous_uniform_medmutsig.T6.trees,0
/cluster/work/stadler/beckermar/BESP_paper-analyses/scripts/../results/pop_size_simulations/simulation_results_combined/homochronous_independent/skyline/uniform/medmutsig/skyline_homochronous_uniform_medmutsig.T60.trees,0
/cluster/work/stadler/beckermar/BESP_paper-analyses/scripts/../results/pop_size_simulations/simulation_results_combined/homochronous_independent/skyline/uniform/medmutsig/skyline_homochronous_uniform_medmutsig.T61.trees,0
/cluster/work/stadler/beckermar/BESP_paper-analyses/scripts/../results/pop_size_simulations/simulation_results_combined/homochronous_independent/skyline/uniform/medmutsig/skyline_homochronous_uniform_medmutsig.T63.trees,0
/cluster/work/stadler/beckermar/BESP_paper-analyses/scripts/../results/pop_size_simulations/simulation_results_combined/homochronous_independent/skyline/uniform/medmutsig/skyline_homochronous_uniform_medmutsig.T64.trees,0
/cluster/work/stadler/beckermar/BESP_paper-analyses/scripts/../results/pop_size_simulations/simulation_results_combined/homochronous_independent/skyline/uniform/medmutsig/skyline_homochronous_uniform_medmutsig.T65.trees,0
/cluster/work/stadler/beckermar/BESP_paper-analyses/scripts/../results/pop_size_simulations/simulation_results_combined/homochronous_independent/skyline/uniform/medmutsig/skyline_homochronous_uniform_medmutsig.T66.trees,0
/cluster/work/stadler/beckermar/BESP_paper-analyses/scripts/../results/pop_size_simulations/simulation_results_combined/homochronous_independent/skyline/uniform/medmutsig/skyline_homochronous_uniform_medmutsig.T67.trees,0
/cluster/work/stadler/beckermar/BESP_paper-analyses/scripts/../results/pop_size_simulations/simulation_results_combined/homochronous_independent/skyline/uniform/medmutsig/skyline_homochronous_uniform_medmutsig.T68.trees,0
/cluster/work/stadler/beckermar/BESP_paper-analyses/scripts/../results/pop_size_simulations/simulation_results_combined/homochronous_independent/skyline/uniform/medmutsig/skyline_homochronous_uniform_medmutsig.T69.trees,0
/cluster/work/stadler/beckermar/BESP_paper-analyses/scripts/../results/pop_size_simulations/simulation_results_combined/homochronous_independent/skyline/uniform/medmutsig/skyline_homochronous_uniform_medmutsig.T7.trees,0
/cluster/work/stadler/beckermar/BESP_paper-analyses/scripts/../results/pop_size_simulations/simulation_results_combined/homochronous_independent/skyline/uniform/medmutsig/skyline_homochronous_uniform_medmutsig.T70.trees,0
/cluster/work/stadler/beckermar/BESP_paper-analyses/scripts/../results/pop_size_simulations/simulation_results_combined/homochronous_independent/skyline/uniform/medmutsig/skyline_homochronous_uniform_medmutsig.T71.trees,0
/cluster/work/stadler/beckermar/BESP_paper-analyses/scripts/../results/pop_size_simulations/simulation_results_combined/homochronous_independent/skyline/uniform/medmutsig/skyline_homochronous_uniform_medmutsig.T72.trees,0
/cluster/work/stadler/beckermar/BESP_paper-analyses/scripts/../results/pop_size_simulations/simulation_results_combined/homochronous_independent/skyline/uniform/medmutsig/skyline_homochronous_uniform_medmutsig.T73.trees,0
/cluster/work/stadler/beckermar/BESP_paper-analyses/scripts/../results/pop_size_simulations/simulation_results_combined/homochronous_independent/skyline/uniform/medmutsig/skyline_homochronous_uniform_medmutsig.T74.trees,0
/cluster/work/stadler/beckermar/BESP_paper-analyses/scripts/../results/pop_size_simulations/simulation_results_combined/homochronous_independent/skyline/uniform/medmutsig/skyline_homochronous_uniform_medmutsig.T75.trees,0
/cluster/work/stadler/beckermar/BESP_paper-analyses/scripts/../results/pop_size_simulations/simulation_results_combined/homochronous_independent/skyline/uniform/medmutsig/skyline_homochronous_uniform_medmutsig.T76.trees,0
/cluster/work/stadler/beckermar/BESP_paper-analyses/scripts/../results/pop_size_simulations/simulation_results_combined/homochronous_independent/skyline/uniform/medmutsig/skyline_homochronous_uniform_medmutsig.T77.trees,0
/cluster/work/stadler/beckermar/BESP_paper-analyses/scripts/../results/pop_size_simulations/simulation_results_combined/homochronous_independent/skyline/uniform/medmutsig/skyline_homochronous_uniform_medmutsig.T78.trees,0
/cluster/work/stadler/beckermar/BESP_paper-analyses/scripts/../results/pop_size_simulations/simulation_results_combined/homochronous_independent/skyline/uniform/medmutsig/skyline_homochronous_uniform_medmutsig.T79.trees,0
/cluster/work/stadler/beckermar/BESP_paper-analyses/scripts/../results/pop_size_simulations/simulation_results_combined/homochronous_independent/skyline/uniform/medmutsig/skyline_homochronous_uniform_medmutsig.T8.trees,0
/cluster/work/stadler/beckermar/BESP_paper-analyses/scripts/../results/pop_size_simulations/simulation_results_combined/homochronous_independent/skyline/uniform/medmutsig/skyline_homochronous_uniform_medmutsig.T80.trees,0
/cluster/work/stadler/beckermar/BESP_paper-analyses/scripts/../results/pop_size_simulations/simulation_results_combined/homochronous_independent/skyline/uniform/medmutsig/skyline_homochronous_uniform_medmutsig.T81.trees,0
/cluster/work/stadler/beckermar/BESP_paper-analyses/scripts/../results/pop_size_simulations/simulation_results_combined/homochronous_independent/skyline/uniform/medmutsig/skyline_homochronous_uniform_medmutsig.T82.trees,0
/cluster/work/stadler/beckermar/BESP_paper-analyses/scripts/../results/pop_size_simulations/simulation_results_combined/homochronous_independent/skyline/uniform/medmutsig/skyline_homochronous_uniform_medmutsig.T83.trees,0
/cluster/work/stadler/beckermar/BESP_paper-analyses/scripts/../results/pop_size_simulations/simulation_results_combined/homochronous_independent/skyline/uniform/medmutsig/skyline_homochronous_uniform_medmutsig.T84.trees,0
/cluster/work/stadler/beckermar/BESP_paper-analyses/scripts/../results/pop_size_simulations/simulation_results_combined/homochronous_independent/skyline/uniform/medmutsig/skyline_homochronous_uniform_medmutsig.T85.trees,0
/cluster/work/stadler/beckermar/BESP_paper-analyses/scripts/../results/pop_size_simulations/simulation_results_combined/homochronous_independent/skyline/uniform/medmutsig/skyline_homochronous_uniform_medmutsig.T86.trees,0
/cluster/work/stadler/beckermar/BESP_paper-analyses/scripts/../results/pop_size_simulations/simulation_results_combined/homochronous_independent/skyline/uniform/medmutsig/skyline_homochronous_uniform_medmutsig.T87.trees,0
/cluster/work/stadler/beckermar/BESP_paper-analyses/scripts/../results/pop_size_simulations/simulation_results_combined/homochronous_independent/skyline/uniform/medmutsig/skyline_homochronous_uniform_medmutsig.T88.trees,0
/cluster/work/stadler/beckermar/BESP_paper-analyses/scripts/../results/pop_size_simulations/simulation_results_combined/homochronous_independent/skyline/uniform/medmutsig/skyline_homochronous_uniform_medmutsig.T89.trees,0
/cluster/work/stadler/beckermar/BESP_paper-analyses/scripts/../results/pop_size_simulations/simulation_results_combined/homochronous_independent/skyline/uniform/medmutsig/skyline_homochronous_uniform_medmutsig.T9.trees,0
/cluster/work/stadler/beckermar/BESP_paper-analyses/scripts/../results/pop_size_simulations/simulation_results_combined/homochronous_independent/skyline/uniform/medmutsig/skyline_homochronous_uniform_medmutsig.T90.trees,0
/cluster/work/stadler/beckermar/BESP_paper-analyses/scripts/../results/pop_size_simulations/simulation_results_combined/homochronous_independent/skyline/uniform/medmutsig/skyline_homochronous_uniform_medmutsig.T91.trees,0
/cluster/work/stadler/beckermar/BESP_paper-analyses/scripts/../results/pop_size_simulations/simulation_results_combined/homochronous_independent/skyline/uniform/medmutsig/skyline_homochronous_uniform_medmutsig.T92.trees,0
/cluster/work/stadler/beckermar/BESP_paper-analyses/scripts/../results/pop_size_simulations/simulation_results_combined/homochronous_independent/skyline/uniform/medmutsig/skyline_homochronous_uniform_medmutsig.T93.trees,0
/cluster/work/stadler/beckermar/BESP_paper-analyses/scripts/../results/pop_size_simulations/simulation_results_combined/homochronous_independent/skyline/uniform/medmutsig/skyline_homochronous_uniform_medmutsig.T94.trees,0
/cluster/work/stadler/beckermar/BESP_paper-analyses/scripts/../results/pop_size_simulations/simulation_results_combined/homochronous_independent/skyline/uniform/medmutsig/skyline_homochronous_uniform_medmutsig.T96.trees,0
/cluster/work/stadler/beckermar/BESP_paper-analyses/scripts/../results/pop_size_simulations/simulation_results_combined/homochronous_independent/skyline/uniform/medmutsig/skyline_homochronous_uniform_medmutsig.T97.trees,0
/cluster/work/stadler/beckermar/BESP_paper-analyses/scripts/../results/pop_size_simulations/simulation_results_combined/homochronous_independent/skyline/uniform/medmutsig/skyline_homochronous_uniform_medmutsig.T98.trees,0
/cluster/work/stadler/beckermar/BESP_paper-analyses/scripts/../results/pop_size_simulations/simulation_results_combined/homochronous_independent/skyline/uniform/medmutsig/skyline_homochronous_uniform_medmutsig.T99.trees,0
